/********************************************************************************************************
Copyright CoeurData Ltd 2009-2023

*********************************************************************************************************
*************** CHANGE HISTORY **************************************************************************
DATE		WHO			DESCRIPTION
25NOV2020	BP			Added res type for IPC Domain
						Added form entries for IPC Domain
						Added new entries for IPC Integration Service
						Added $PMRootDir entry for IPC Integration Service
26NOV2020	BP			Added artefact type 900, 901, 902	
29NOV2020	BP			Modified to add misc config table data and also renamed some columns to remove cbp_ prefix					
24DEC2020	BP			Added Datastage, Talend and Informatica DV and other relation support data
						Added a dummy record for representing Missing Data in Pair (Mapping)
28DEC2020	BP			Enabled "Create a Single Ticket for Each Deployment Request" Policy by Default
						Removed the Application "All"
05JAN2021	BP			Added new policies for code origin, a new dep status to support control files and policies other products	
05JAN2021	BP			Added update statements to set is_locked = 'N' for initial data
07JAN2021	BP			Added Scheduling related master status data, job type data etc.
10JAN2021	BP			Added INT SVC related new form props to input the SERVERNAME or HOSTNAME/IP
						Added Informatica Data Integration Service related res type, form props etc
						Updated Informatica DV to Informatica BDM
13JAN2021	BP			Changed Talend Repository to Talend in Res type and res type 100 to Informatica PowerCenter
20JAN2021	BP			Added DV Project and Folder Resource Types and Related Form Properties		
01FEB2021	BP			Added new artefact type to store the schemas used and new rel tag types for Datastage, Talend and IICS
03FEB2021	BP			Added IICS DB Connection Res Type
19FEB2021	BP			IICS Res Types added/renamed
24FEB2021	BP			Added Cloud Storage and JDBC Source Resource Types
15MAR2021	BP			Added artefact Types for IICS Objects
18MAR2021	BP			Added more property data for command center
22MAR2021	BP			Updated cbp_tkt_sub_op_type and cbp_tkt_op_type for Release Tag entries instead of Template
						Added Deployment in cbp_tkt_sub_op_type and cbp_tkt_op_type
01APR2021	BP			Removed unnecessary properties for Database Connection and JDBC Source.
						Made the property data type to NUMBER from NUMERIC
						Re-organized the script
						Commented out Datastage Policies
04APR2021	BP			Modified JDBC URL Database Type, Data Value and added 3 more entries in the form_prop for Res Type 20	
14APR2021	BP			Removed unused/un-implemented tool related data
						Changed the datatype for all password fields to Encrypted String
16APR2021	BP			Changed informatica PowerCenter Domain to Informatica Domain
22APR2021	BP			Deleted  cbp_tkt_form_prop/cbp_tkt_res_type_form.form_prop_id IN (153, 154, 155, 158, 159, 160, 157)
						Inserted cbp_tkt_res_type_form.form_prop_id IN (165, 164, 207)
24APR2021	BP			Removed form_prop_id = 14 from res_type_id = 102
13MAY2021	BP			Added status 45 for Permission Revoke
06JAN2022	BP			Removed PRX OBJECT TYPES 7777 and 8888 from Datastage DML and added them here
14JAN2022	BP			Added a prx object type for Talend with 10000 (was 9999 which was already being used by Datastage)
27JAN2022	BP			Added new pattern id's 10501 and 10551 to avoid clashing with 1050 and 1055 respectively
						Added new rule imp types 21001, 31001, 51001 and 52001 to avoid clashing with 2100, 3100, 51001 and 5200 respectively
17MAR2022	BP			Merged ODI DML
						1. CBP_CODE_TYPE_ID was 2 changed to 4100
						2. Added entries for CBP_ODI_FOLDER_TYPE
						3. Modified cbp_bobject_type.bobject_type_id to add 5 more same id's to make them unique e.g. Package changes from 1 to 111111 and Mapping from 2 to 222222 etc.
						4. Modified cbp_prx_object_type.prx_object_type_id to add 5 more same id's to make them unique e.g. Package changes from 1 to 111111 and Mapping from 2 to 222222 etc.
04MAY2022	BP			Added AWS Glue Related entries
19MAY2022	BP			Added ADF (Azure Data Factory) Related entries	
30MAY2022	BP			Added new object types for ADF			
20JUN2022	BP			Added new object types for PySpark
22SEP2022	BP			IS_LOCKED and IS_DELETED set to 'N' in cbp_user_security table DML
23SEP2022	MR (BP)		Merged all the code for Boomi, DBT and SSIS generated by MR into the master scripts
07OCT2022	BP			Added new PRX and BOBJECT type for AWS 'AWS Glue Job - Generic'
20NOV2022	BP			Merged 360 scripts into this script
						Removed dummy records for CBP_TABLE_RULE_SUPP table
						For DBT Code Type:
						Changed the CBP_RULE_IMP_TYPE for DBT from 16000 to 17000
						Changed the CBP_BOBJECT_TYPEs and CBP_PRX_OBJECT_TYPEs from 90931/90932 to 90801/90801			
						Removed cbp_tkt_env_type table
01DEC2022	BP			Added data in cbp_code_type_display column in cbp_code_type table	
20JAN2023	BP			Refactored scripts related to dropping of cbp_nr_db_type table
26JAN2023	BP			Added CBP_TKT_RES_TYPE_FORM.RES_TYPE_ID=10 related entries
						Added new CBP_CMD_TYPE.CMD_TYPE_ID = 12 (for SSH Command)
23FEB2023	BP			Added asset_type and prx_object_type entries for Azure Databricks Objects
05MAR2023	BP			Added asset_type entries in cbp_asset_type table for Azure Databricks Objects
13MAR2023	BP			Added new object types for AZ Databricks (Cluster/Pool/Policy/Global)
17APR2023	BP			Added entries for cbp_job_type and cbp_job_parameter to support scheduled Unit Test Runs
********************************************************************************************************/

/*
*********************************************************************************************************
*************** FUTURE REFACTORING SUGGESTIONS************************************************************************
24JAN2021	BP			Consider Removing CBP_TKT_CODE_TYPE and use resource type instead for all in the table CBP_TKT_PRX_OBJECT_TYPE
*/

Insert into CBP_DB_TYPE (CBP_DB_TYPE_ID,CBP_DB_TYPE_NAME,CBP_DB_VERSION,CBP_DB_TYPE_CODE,CBP_VERSION_TYPE_CODE) values (6,'db2','10.x','db2','10x');
Insert into CBP_DB_TYPE (CBP_DB_TYPE_ID,CBP_DB_TYPE_NAME,CBP_DB_VERSION,CBP_DB_TYPE_CODE,CBP_VERSION_TYPE_CODE) values (3,'Oracle','11.x','ORA','11x');
Insert into CBP_DB_TYPE (CBP_DB_TYPE_ID,CBP_DB_TYPE_NAME,CBP_DB_VERSION,CBP_DB_TYPE_CODE,CBP_VERSION_TYPE_CODE) VALUES (9, 'SQLServer', '2016', 'SQL', '2016');

Insert into CBP_CODE_TYPE (CBP_CODE_TYPE_ID,CBP_CODE_TYPE_NAME,CBP_CODE_TYPE_DISPLAY_NAME) values (1,'Informatica', 'IPC');
Insert into CBP_CODE_TYPE (CBP_CODE_TYPE_ID,CBP_CODE_TYPE_NAME,CBP_CODE_TYPE_DISPLAY_NAME) values (2,'DataStage', 'DataStage');
Insert into CBP_CODE_TYPE (CBP_CODE_TYPE_ID,CBP_CODE_TYPE_NAME,CBP_CODE_TYPE_DISPLAY_NAME) values (3,'IDQ', 'IDQ');
Insert into CBP_CODE_TYPE (CBP_CODE_TYPE_ID,CBP_CODE_TYPE_NAME,CBP_CODE_TYPE_DISPLAY_NAME) values (1001,'Talend', 'Talend');
Insert into CBP_CODE_TYPE (CBP_CODE_TYPE_ID,CBP_CODE_TYPE_NAME,CBP_CODE_TYPE_DISPLAY_NAME) values (3100,'IICS', 'IDMC');
Insert into CBP_CODE_TYPE (CBP_CODE_TYPE_ID,CBP_CODE_TYPE_NAME,CBP_CODE_TYPE_DISPLAY_NAME) values (4100,'ODI', 'ODI');
Insert into CBP_CODE_TYPE (CBP_CODE_TYPE_ID,CBP_CODE_TYPE_NAME,CBP_CODE_TYPE_DISPLAY_NAME) values (5100,'AWS Glue', 'Glue');
Insert into CBP_CODE_TYPE (CBP_CODE_TYPE_ID,CBP_CODE_TYPE_NAME,CBP_CODE_TYPE_DISPLAY_NAME) values (6100,'ADF', 'ADF');
Insert into CBP_CODE_TYPE (CBP_CODE_TYPE_ID,CBP_CODE_TYPE_NAME,CBP_CODE_TYPE_DISPLAY_NAME) values (7100,'PySpark', 'PySpark');
Insert into CBP_CODE_TYPE (CBP_CODE_TYPE_ID,CBP_CODE_TYPE_NAME,CBP_CODE_TYPE_DISPLAY_NAME) values (9100,'BOOMI', 'BOOMI');
Insert into CBP_CODE_TYPE (CBP_CODE_TYPE_ID,CBP_CODE_TYPE_NAME,CBP_CODE_TYPE_DISPLAY_NAME) values (8200,'DBT', 'DBT');
Insert into CBP_CODE_TYPE (CBP_CODE_TYPE_ID,CBP_CODE_TYPE_NAME,CBP_CODE_TYPE_DISPLAY_NAME) values (8100,'SSIS', 'SSIS');
INSERT INTO CBP_CODE_TYPE (CBP_CODE_TYPE_ID,CBP_CODE_TYPE_NAME,CBP_CODE_TYPE_DISPLAY_NAME) VALUES (2100, 'Azure Databricks', 'Azure Databricks');


Insert into CBP_REPOSITORY_TYPE (CBP_REPOSITORY_TYPE_ID,CBP_REPOSITORY_VERSION,CBP_REPOSITORY_TYPE_CODE,CBP_REPOSITORY_VERSION_CODE,CBP_CODE_TYPE_ID) values (3000,'IICS','IICS','IICS',3100);
Insert into CBP_REPOSITORY_TYPE (CBP_REPOSITORY_TYPE_ID,CBP_REPOSITORY_VERSION,CBP_REPOSITORY_TYPE_CODE,CBP_REPOSITORY_VERSION_CODE,CBP_CODE_TYPE_ID) values (5,'11.3x','DS','113x',2);
Insert into CBP_REPOSITORY_TYPE (CBP_REPOSITORY_TYPE_ID,CBP_REPOSITORY_VERSION,CBP_REPOSITORY_TYPE_CODE,CBP_REPOSITORY_VERSION_CODE,CBP_CODE_TYPE_ID) values (21,'10.2x','IDQ','102x',3);
Insert into CBP_REPOSITORY_TYPE (CBP_REPOSITORY_TYPE_ID,CBP_REPOSITORY_VERSION,CBP_REPOSITORY_TYPE_CODE,CBP_REPOSITORY_VERSION_CODE,CBP_CODE_TYPE_ID) values (4,'9.x','INFA','9x',1);
Insert into CBP_REPOSITORY_TYPE (CBP_REPOSITORY_TYPE_ID,CBP_REPOSITORY_VERSION,CBP_REPOSITORY_TYPE_CODE,CBP_REPOSITORY_VERSION_CODE,CBP_CODE_TYPE_ID) values (11,'12.x','ODI','12x',2);
Insert into CBP_REPOSITORY_TYPE (CBP_REPOSITORY_TYPE_ID,CBP_REPOSITORY_VERSION,CBP_REPOSITORY_TYPE_CODE,CBP_REPOSITORY_VERSION_CODE,CBP_CODE_TYPE_ID) values (5100,'3.x','AWS Glue','Glue 3.x',5100);
Insert into CBP_REPOSITORY_TYPE (CBP_REPOSITORY_TYPE_ID,CBP_REPOSITORY_VERSION,CBP_REPOSITORY_TYPE_CODE,CBP_REPOSITORY_VERSION_CODE,CBP_CODE_TYPE_ID) values (6100,'Gen2','ADF','ADF Gen2',6100);
Insert into CBP_REPOSITORY_TYPE (CBP_REPOSITORY_TYPE_ID,CBP_REPOSITORY_VERSION,CBP_REPOSITORY_TYPE_CODE,CBP_REPOSITORY_VERSION_CODE,CBP_CODE_TYPE_ID) values (7100,'PySpark','PySpark','PySpark',7100);
Insert into CBP_REPOSITORY_TYPE (CBP_REPOSITORY_TYPE_ID,CBP_REPOSITORY_VERSION,CBP_REPOSITORY_TYPE_CODE,CBP_REPOSITORY_VERSION_CODE,CBP_CODE_TYPE_ID) values (9100,'Boomi','BOOMI','Boomi',9100);
Insert into CBP_REPOSITORY_TYPE (CBP_REPOSITORY_TYPE_ID,CBP_REPOSITORY_VERSION,CBP_REPOSITORY_TYPE_CODE,CBP_REPOSITORY_VERSION_CODE,CBP_CODE_TYPE_ID) values (8200,'VStdio V16','DBT','VStdio V16',8200);
Insert into CBP_REPOSITORY_TYPE (CBP_REPOSITORY_TYPE_ID,CBP_REPOSITORY_VERSION,CBP_REPOSITORY_TYPE_CODE,CBP_REPOSITORY_VERSION_CODE,CBP_CODE_TYPE_ID) values (8100,'VStdio V16','SSIS','VStdio V16',8100);

INSERT INTO CBP_FEATURE (FEATURE_ID,FEATURE_NAME,IS_LICENSED) values (1,'XPLAN','N');
/*
INSERT INTO CBP_FEATURE_SUPP_DB_TYPE (FEATURE_ID,NR_DB_TYPE_ID) values (1,10);
INSERT INTO CBP_FEATURE_SUPP_DB_TYPE (FEATURE_ID,NR_DB_TYPE_ID) values (1,20);
INSERT INTO CBP_FEATURE_SUPP_DB_TYPE (FEATURE_ID,NR_DB_TYPE_ID) values (1,30);
*/

INSERT INTO CBP_FEATURE_SUPP_DB_TYPE (FEATURE_ID,CBP_DB_TYPE_ID) values (1,3);
INSERT INTO CBP_FEATURE_SUPP_DB_TYPE (FEATURE_ID,CBP_DB_TYPE_ID) values (1,6);
INSERT INTO CBP_FEATURE_SUPP_DB_TYPE (FEATURE_ID,CBP_DB_TYPE_ID) values (1,9);

Insert into CBP_CATEGORY (CBP_CATEGORY_ID,CBP_CATEGORY_NAME,CBP_CREATED_TIMESTAMP,CBP_UPDATED_TIMESTAMP,CBP_CATEGORY_SHORT_DESC) values (1,'Data Loss',sysdate,sysdate,'Data Loss');
Insert into CBP_CATEGORY (CBP_CATEGORY_ID,CBP_CATEGORY_NAME,CBP_CREATED_TIMESTAMP,CBP_UPDATED_TIMESTAMP,CBP_CATEGORY_SHORT_DESC) values (2,'Documentation',sysdate,sysdate,'Documentation');
Insert into CBP_CATEGORY (CBP_CATEGORY_ID,CBP_CATEGORY_NAME,CBP_CREATED_TIMESTAMP,CBP_UPDATED_TIMESTAMP,CBP_CATEGORY_SHORT_DESC) values (3,'Error Handling',sysdate,sysdate,'Error Handling');
Insert into CBP_CATEGORY (CBP_CATEGORY_ID,CBP_CATEGORY_NAME,CBP_CREATED_TIMESTAMP,CBP_UPDATED_TIMESTAMP,CBP_CATEGORY_SHORT_DESC) values (4,'Functionality Gaps',sysdate,sysdate,'Functionality');
Insert into CBP_CATEGORY (CBP_CATEGORY_ID,CBP_CATEGORY_NAME,CBP_CREATED_TIMESTAMP,CBP_UPDATED_TIMESTAMP,CBP_CATEGORY_SHORT_DESC) values (6,'Housekeeping',sysdate,sysdate,'Housekeeping');
Insert into CBP_CATEGORY (CBP_CATEGORY_ID,CBP_CATEGORY_NAME,CBP_CREATED_TIMESTAMP,CBP_UPDATED_TIMESTAMP,CBP_CATEGORY_SHORT_DESC) values (7,'Impact Analysis',sysdate,sysdate,'Impact Analysis');
Insert into CBP_CATEGORY (CBP_CATEGORY_ID,CBP_CATEGORY_NAME,CBP_CREATED_TIMESTAMP,CBP_UPDATED_TIMESTAMP,CBP_CATEGORY_SHORT_DESC) values (8,'Maintainability',sysdate,sysdate,'Maintainability');
Insert into CBP_CATEGORY (CBP_CATEGORY_ID,CBP_CATEGORY_NAME,CBP_CREATED_TIMESTAMP,CBP_UPDATED_TIMESTAMP,CBP_CATEGORY_SHORT_DESC) values (10,'Performance',sysdate,sysdate,'Performance');
Insert into CBP_CATEGORY (CBP_CATEGORY_ID,CBP_CATEGORY_NAME,CBP_CREATED_TIMESTAMP,CBP_UPDATED_TIMESTAMP,CBP_CATEGORY_SHORT_DESC) values (12,'Readability',sysdate,sysdate,'Readability');
Insert into CBP_CATEGORY (CBP_CATEGORY_ID,CBP_CATEGORY_NAME,CBP_CREATED_TIMESTAMP,CBP_UPDATED_TIMESTAMP,CBP_CATEGORY_SHORT_DESC) values (13,'Recoverability',sysdate,sysdate,'Recoverability');
Insert into CBP_CATEGORY (CBP_CATEGORY_ID,CBP_CATEGORY_NAME,CBP_CREATED_TIMESTAMP,CBP_UPDATED_TIMESTAMP,CBP_CATEGORY_SHORT_DESC) values (15,'Supportability',sysdate,sysdate,'Supportability');
Insert into CBP_CATEGORY (CBP_CATEGORY_ID,CBP_CATEGORY_NAME,CBP_CREATED_TIMESTAMP,CBP_UPDATED_TIMESTAMP,CBP_CATEGORY_SHORT_DESC) values (16,'Testability',sysdate,sysdate,'Testability');
Insert into CBP_CATEGORY (CBP_CATEGORY_ID,CBP_CATEGORY_NAME,CBP_CREATED_TIMESTAMP,CBP_UPDATED_TIMESTAMP,CBP_CATEGORY_SHORT_DESC) values (17,'Tool Abuse',sysdate,sysdate,'Tool Abuse');
Insert into CBP_CATEGORY (CBP_CATEGORY_ID,CBP_CATEGORY_NAME,CBP_CREATED_TIMESTAMP,CBP_UPDATED_TIMESTAMP,CBP_CATEGORY_SHORT_DESC) values (18,'Reusability',sysdate,sysdate,'Reusability');
Insert into CBP_CATEGORY (CBP_CATEGORY_ID,CBP_CATEGORY_NAME,CBP_CREATED_TIMESTAMP,CBP_UPDATED_TIMESTAMP,CBP_CATEGORY_SHORT_DESC) values (19,'Data Security',sysdate,sysdate,'Data Security');
Insert into CBP_CATEGORY (CBP_CATEGORY_ID,CBP_CATEGORY_NAME,CBP_CREATED_TIMESTAMP,CBP_UPDATED_TIMESTAMP,CBP_CATEGORY_SHORT_DESC) values (-1,'General',sysdate,sysdate,'General');
Insert into CBP_CATEGORY (CBP_CATEGORY_ID,CBP_CATEGORY_NAME,CBP_CREATED_TIMESTAMP,CBP_UPDATED_TIMESTAMP,CBP_CATEGORY_SHORT_DESC) values (-2,'Migration Specific',sysdate,sysdate,'Migration Specific');

Insert into CBP_CRITICALITY_LEVEL (CBP_CRITICALITY_LEVEL_ID,CBP_CRITICALITY_NAME,COMMENTS,CBP_CRITICALITY_DESC,CBP_UPDATED_TIMESTAMP,CBP_CREATED_TIMESTAMP,IS_PRE_APPROVED) values (1,'Show Stopper','Show Stopper','Show Stopper',sysdate,sysdate,'N');
Insert into CBP_CRITICALITY_LEVEL (CBP_CRITICALITY_LEVEL_ID,CBP_CRITICALITY_NAME,COMMENTS,CBP_CRITICALITY_DESC,CBP_UPDATED_TIMESTAMP,CBP_CREATED_TIMESTAMP,IS_PRE_APPROVED) values (2,'Critical','Critical','Critical',sysdate,sysdate,'N');
Insert into CBP_CRITICALITY_LEVEL (CBP_CRITICALITY_LEVEL_ID,CBP_CRITICALITY_NAME,COMMENTS,CBP_CRITICALITY_DESC,CBP_UPDATED_TIMESTAMP,CBP_CREATED_TIMESTAMP,IS_PRE_APPROVED) values (3,'Major','Major','Major',sysdate,sysdate,'N');
Insert into CBP_CRITICALITY_LEVEL (CBP_CRITICALITY_LEVEL_ID,CBP_CRITICALITY_NAME,COMMENTS,CBP_CRITICALITY_DESC,CBP_UPDATED_TIMESTAMP,CBP_CREATED_TIMESTAMP,IS_PRE_APPROVED) values (4,'Minor','Minor','Minor',sysdate,sysdate,'N');
Insert into CBP_CRITICALITY_LEVEL (CBP_CRITICALITY_LEVEL_ID,CBP_CRITICALITY_NAME,COMMENTS,CBP_CRITICALITY_DESC,CBP_UPDATED_TIMESTAMP,CBP_CREATED_TIMESTAMP,IS_PRE_APPROVED) values (5,'Warning','Warning','Warning',sysdate,sysdate,'N');
Insert into CBP_CRITICALITY_LEVEL (CBP_CRITICALITY_LEVEL_ID,CBP_CRITICALITY_NAME,COMMENTS,CBP_CRITICALITY_DESC,CBP_UPDATED_TIMESTAMP,CBP_CREATED_TIMESTAMP,IS_PRE_APPROVED) values (6,'Info','Info','Info',sysdate,sysdate,'N');

Insert into CBP_ENV_TYPE (CBP_ENV_TYPE_ID,CBP_ENV_TYPE_NAME,CBP_COMMENTS,IS_DELETED,IS_LOCKED) values (1,'Development','Development','N','N');
Insert into CBP_ENV_TYPE (CBP_ENV_TYPE_ID,CBP_ENV_TYPE_NAME,CBP_COMMENTS,IS_DELETED,IS_LOCKED) values (2,'QA','QA','N','N');
Insert into CBP_ENV_TYPE (CBP_ENV_TYPE_ID,CBP_ENV_TYPE_NAME,CBP_COMMENTS,IS_DELETED,IS_LOCKED) values (3,'System Test','System Test','N','N');
Insert into CBP_ENV_TYPE (CBP_ENV_TYPE_ID,CBP_ENV_TYPE_NAME,CBP_COMMENTS,IS_DELETED,IS_LOCKED) values (4,'Pre-Production','Pre-Production','N','N');
Insert into CBP_ENV_TYPE (CBP_ENV_TYPE_ID,CBP_ENV_TYPE_NAME,CBP_COMMENTS,IS_DELETED,IS_LOCKED) values (5,'UAT','UAT','N','N');
Insert into CBP_ENV_TYPE (CBP_ENV_TYPE_ID,CBP_ENV_TYPE_NAME,CBP_COMMENTS,IS_DELETED,IS_LOCKED) values (6,'Production','Production','N','N');

Insert into CBP_PROPERTY_GROUP (CBP_PROPERTY_GROUP_ID,CBP_PROPERTY_GROUP_NAME) values (10,'Waiver');
INSERT INTO CBP_PROPERTY_GROUP (CBP_PROPERTY_GROUP_ID,CBP_PROPERTY_GROUP_NAME) VALUES (1010, 'Team');

Insert into CBP_MISC_PROPERTY (CBP_MISC_PROPERTY_ID,CBP_PROPERTY_GROUP_ID,CBP_MISC_PROPERTY_NAME,CBP_MISC_PROPERTY_VALUE,CBP_MISC_PROPERTY_VALUE_SITE,CBP_MISC_PROPERTY_DATA_TYPE) values (1,10,'Waiver Duration','7',null,'NUMBER');
Insert into CBP_MISC_PROPERTY (CBP_MISC_PROPERTY_ID,CBP_PROPERTY_GROUP_ID,CBP_MISC_PROPERTY_NAME,CBP_MISC_PROPERTY_VALUE,CBP_MISC_PROPERTY_VALUE_SITE,CBP_MISC_PROPERTY_DATA_TYPE) values (3,1010,'Enable Team','0','1','NUMBER');

Insert into CBP_PATTERN (CBP_PATTERN_ID,CBP_PATTERN_TYPE,CBP_PATTERN_DESC,CBP_CASE_SENSITIVE,CBP_COMMENTS,CBP_ACTION_ON_MATCH) values (10,'PREFIX','STRING PREFIX CASE IN-SENSITIVE','N','STRING PREFIX CASE IN-SENSITIVE','SKIP');
Insert into CBP_PATTERN (CBP_PATTERN_ID,CBP_PATTERN_TYPE,CBP_PATTERN_DESC,CBP_CASE_SENSITIVE,CBP_COMMENTS,CBP_ACTION_ON_MATCH) values (15,'PREFIX','STRING PREFIX CASE SENSITIVE','Y','STRING PREFIX CASE SENSITIVE','SKIP');
Insert into CBP_PATTERN (CBP_PATTERN_ID,CBP_PATTERN_TYPE,CBP_PATTERN_DESC,CBP_CASE_SENSITIVE,CBP_COMMENTS,CBP_ACTION_ON_MATCH) values (20,'SUFFIX','STRING SUFFIX CASE IN-SENSITIVE','N','STRING SUFFIX CASE IN-SENSITIVE','SKIP');
Insert into CBP_PATTERN (CBP_PATTERN_ID,CBP_PATTERN_TYPE,CBP_PATTERN_DESC,CBP_CASE_SENSITIVE,CBP_COMMENTS,CBP_ACTION_ON_MATCH) values (25,'SUFFIX','STRING SUFFIX CASE SENSITIVE','Y','STRING SUFFIX CASE SENSITIVE','SKIP');
Insert into CBP_PATTERN (CBP_PATTERN_ID,CBP_PATTERN_TYPE,CBP_PATTERN_DESC,CBP_CASE_SENSITIVE,CBP_COMMENTS,CBP_ACTION_ON_MATCH) values (30,'INSTR ATLEAST','STRING CONTAINS ATLEAST N OCCURRENCE CASE IN-SENSITIVE','N','STRING CONTAINS ATLEAST N OCCURRENCE CASE IN-SENSITIVE','REPORT');
Insert into CBP_PATTERN (CBP_PATTERN_ID,CBP_PATTERN_TYPE,CBP_PATTERN_DESC,CBP_CASE_SENSITIVE,CBP_COMMENTS,CBP_ACTION_ON_MATCH) values (35,'INSTR ATLEAST','STRING CONTAINS ATLEAST N OCCURRENCE CASE SENSITIVE','Y','STRING CONTAINS ATLEAST N OCCURRENCE CASE SENSITIVE','REPORT');
Insert into CBP_PATTERN (CBP_PATTERN_ID,CBP_PATTERN_TYPE,CBP_PATTERN_DESC,CBP_CASE_SENSITIVE,CBP_COMMENTS,CBP_ACTION_ON_MATCH) values (40,'INSTR EXACT','STRING CONTAINS EXACT N OCCURRENCE CASE IN-SENSITIVE','N','STRING CONTAINS EXACT N OCCURRENCE CASE IN-SENSITIVE','REPORT');
Insert into CBP_PATTERN (CBP_PATTERN_ID,CBP_PATTERN_TYPE,CBP_PATTERN_DESC,CBP_CASE_SENSITIVE,CBP_COMMENTS,CBP_ACTION_ON_MATCH) values (45,'INSTR EXACT','STRING CONTAINS EXACT N OCCURRENCE CASE SENSITIVE','Y','STRING CONTAINS EXACT N OCCURRENCE CASE SENSITIVE','REPORT');
Insert into CBP_PATTERN (CBP_PATTERN_ID,CBP_PATTERN_TYPE,CBP_PATTERN_DESC,CBP_CASE_SENSITIVE,CBP_COMMENTS,CBP_ACTION_ON_MATCH) values (50,'INSTR ATMOST','STRING CONTAINS ATMOST N OCCURRENCE CASE IN-SENSITIVE','N','STRING CONTAINS ATMOST N OCCURRENCE CASE IN-SENSITIVE','REPORT');
Insert into CBP_PATTERN (CBP_PATTERN_ID,CBP_PATTERN_TYPE,CBP_PATTERN_DESC,CBP_CASE_SENSITIVE,CBP_COMMENTS,CBP_ACTION_ON_MATCH) values (55,'INSTR ATMOST','STRING CONTAINS ATMOST N OCCURRENCE CASE SENSITIVE','Y','STRING CONTAINS ATMOST N OCCURRENCE CASE SENSITIVE','REPORT');
Insert into CBP_PATTERN (CBP_PATTERN_ID,CBP_PATTERN_TYPE,CBP_PATTERN_DESC,CBP_CASE_SENSITIVE,CBP_COMMENTS,CBP_ACTION_ON_MATCH) values (60,'NESTED STRING ATLEAST','STRING CONTAINS STRING ATLEAST N OCCURRENCE STRING CASE IN-SENSITIVE','N','STRING CONTAINS STRING ATLEAST N OCCURRENCE STRING CASE IN-SENSITIVE','REPORT');
Insert into CBP_PATTERN (CBP_PATTERN_ID,CBP_PATTERN_TYPE,CBP_PATTERN_DESC,CBP_CASE_SENSITIVE,CBP_COMMENTS,CBP_ACTION_ON_MATCH) values (65,'NESTED STRING ATLEAST','STRING CONTAINS STRING ATLEAST N OCCURRENCE STRING CASE SENSITIVE','Y','STRING CONTAINS STRING ATLEAST N OCCURRENCE STRING CASE SENSITIVE','REPORT');
Insert into CBP_PATTERN (CBP_PATTERN_ID,CBP_PATTERN_TYPE,CBP_PATTERN_DESC,CBP_CASE_SENSITIVE,CBP_COMMENTS,CBP_ACTION_ON_MATCH) values (70,'NESTED STRING EXACT','STRING CONTAINS STRING EXACT N OCCURRENCE STRING CASE IN-SENSITIVE','N','STRING CONTAINS STRING EXACT N OCCURRENCE STRING CASE IN-SENSITIVE','REPORT');
Insert into CBP_PATTERN (CBP_PATTERN_ID,CBP_PATTERN_TYPE,CBP_PATTERN_DESC,CBP_CASE_SENSITIVE,CBP_COMMENTS,CBP_ACTION_ON_MATCH) values (75,'NESTED STRING EXACT','STRING CONTAINS STRING EXACT N OCCURRENCE STRING CASE SENSITIVE','Y','STRING CONTAINS STRING EXACT N OCCURRENCE STRING CASE SENSITIVE','REPORT');
Insert into CBP_PATTERN (CBP_PATTERN_ID,CBP_PATTERN_TYPE,CBP_PATTERN_DESC,CBP_CASE_SENSITIVE,CBP_COMMENTS,CBP_ACTION_ON_MATCH) values (80,'NESTED STRING ATMOST','STRING CONTAINS STRING ATMOST N OCCURRENCE STRING CASE IN-SENSITIVE','N','STRING CONTAINS STRING ATMOST N OCCURRENCE STRING CASE IN-SENSITIVE','REPORT');
Insert into CBP_PATTERN (CBP_PATTERN_ID,CBP_PATTERN_TYPE,CBP_PATTERN_DESC,CBP_CASE_SENSITIVE,CBP_COMMENTS,CBP_ACTION_ON_MATCH) values (85,'NESTED STRING ATMOST','STRING CONTAINS STRING ATMOST N OCCURRENCE STRING CASE SENSITIVE','Y','STRING CONTAINS STRING ATMOST N OCCURRENCE STRING CASE SENSITIVE','REPORT');
Insert into CBP_PATTERN (CBP_PATTERN_ID,CBP_PATTERN_TYPE,CBP_PATTERN_DESC,CBP_CASE_SENSITIVE,CBP_COMMENTS,CBP_ACTION_ON_MATCH) values (90,'NEGATION INSTR','STRING DOES NOT CONTAINS CASE IN-SENSITIVE','N','STRING DOES NOT CONTAINS CASE IN-SENSITIVE','REPORT');
Insert into CBP_PATTERN (CBP_PATTERN_ID,CBP_PATTERN_TYPE,CBP_PATTERN_DESC,CBP_CASE_SENSITIVE,CBP_COMMENTS,CBP_ACTION_ON_MATCH) values (95,'NEGATION INSTR','STRING DOES NOT CONTAINS CASE SENSITIVE','Y','STRING DOES NOT CONTAINS CASE SENSITIVE','REPORT');
Insert into CBP_PATTERN (CBP_PATTERN_ID,CBP_PATTERN_TYPE,CBP_PATTERN_DESC,CBP_CASE_SENSITIVE,CBP_COMMENTS,CBP_ACTION_ON_MATCH) values (100,'NEGATION NESTED STRING','STRING DOES NOT CONTAINS CASE IN-SENSITIVE','N','STRING DOES NOT CONTAINS CASE IN-SENSITIVE','REPORT');
Insert into CBP_PATTERN (CBP_PATTERN_ID,CBP_PATTERN_TYPE,CBP_PATTERN_DESC,CBP_CASE_SENSITIVE,CBP_COMMENTS,CBP_ACTION_ON_MATCH) values (105,'NEGATION NESTED STRING','STRING DOES NOT CONTAINS CASE SENSITIVE','Y','STRING DOES NOT CONTAINS CASE SENSITIVE','REPORT');

Insert into CBP_PATTERN (CBP_PATTERN_ID,CBP_PATTERN_TYPE,CBP_PATTERN_DESC,CBP_CASE_SENSITIVE,CBP_COMMENTS,CBP_ACTION_ON_MATCH) values (120,'CONTAINS','VALUE IS PRESENT IN SEARCH COLUMN, CASE IN-SENSITIVE','N','PARAM VALUE EXACTLY MATCHES SEARCH COLUMN, CASE IN-SENSITIVE','REPORT');
Insert into CBP_PATTERN (CBP_PATTERN_ID,CBP_PATTERN_TYPE,CBP_PATTERN_DESC,CBP_CASE_SENSITIVE,CBP_COMMENTS,CBP_ACTION_ON_MATCH) values (125,'CONTAINS','VALUE IS PRESENT IN SEARCH COLUMN, CASE SENSITIVE','Y','PARAM VALUE EXACTLY MATCHES SEARCH COLUMN, CASE SENSITIVE','REPORT');
Insert into CBP_PATTERN (CBP_PATTERN_ID,CBP_PATTERN_TYPE,CBP_PATTERN_DESC,CBP_CASE_SENSITIVE,CBP_COMMENTS,CBP_ACTION_ON_MATCH) values (130,'NOT CONTAINS','VALUE IS NOT PRESENT IN SEARCH COLUMN, CASE IN-SENSITIVE','N','SEARCH COLUMN DOES NOT CONTAIN PARAM VALUE, CASE IN-SENSITIVE','REPORT');
Insert into CBP_PATTERN (CBP_PATTERN_ID,CBP_PATTERN_TYPE,CBP_PATTERN_DESC,CBP_CASE_SENSITIVE,CBP_COMMENTS,CBP_ACTION_ON_MATCH) values (135,'NOT CONTAINS','VALUE IS NOT PRESENT IN SEARCH COLUMN, CASE-SENSITIVE','Y','SEARCH COLUMN DOES NOT CONTAIN PARAM VALUE, CASE SENSITIVE','REPORT');

Insert into CBP_PATTERN (CBP_PATTERN_ID,CBP_PATTERN_TYPE,CBP_PATTERN_DESC,CBP_CASE_SENSITIVE,CBP_COMMENTS,CBP_ACTION_ON_MATCH) values (1000,'MULTIPARAM PREFIX ANY','ANY OF THE PREFIX PRESENT IN SEARCH COLUMN CASE IN-SENSITIVE','N','ANY OF THE PREFIX PRESENT IN SEARCH COLUMN CASE IN-SENSITIVE','SKIP');
Insert into CBP_PATTERN (CBP_PATTERN_ID,CBP_PATTERN_TYPE,CBP_PATTERN_DESC,CBP_CASE_SENSITIVE,CBP_COMMENTS,CBP_ACTION_ON_MATCH) values (1005,'MULTIPARAM PREFIX ANY','ANY OF THE PREFIX PRESENT IN SEARCH COLUMN CASE SENSITIVE','Y','ANY OF THE PREFIX PRESENT IN SEARCH COLUMN CASE SENSITIVE','SKIP');
Insert into CBP_PATTERN (CBP_PATTERN_ID,CBP_PATTERN_TYPE,CBP_PATTERN_DESC,CBP_CASE_SENSITIVE,CBP_COMMENTS,CBP_ACTION_ON_MATCH) values (1010,'MULTIPARAM SUFFIX ANY','ANY OF THE SUFFIX PRESENT IN SEARCH COLUMN CASE IN-SENSITIVE','N','ANY OF THE SUFFIX PRESENT IN SEARCH COLUMN CASE IN-SENSITIVE','SKIP');
Insert into CBP_PATTERN (CBP_PATTERN_ID,CBP_PATTERN_TYPE,CBP_PATTERN_DESC,CBP_CASE_SENSITIVE,CBP_COMMENTS,CBP_ACTION_ON_MATCH) values (1015,'MULTIPARAM SUFFIX ANY','ANY OF THE SUFFIX PRESENT IN SEARCH COLUMN CASE SENSITIVE','Y','ANY OF THE SUFFIX PRESENT IN SEARCH COLUMN CASE SENSITIVE','SKIP');
Insert into CBP_PATTERN (CBP_PATTERN_ID,CBP_PATTERN_TYPE,CBP_PATTERN_DESC,CBP_CASE_SENSITIVE,CBP_COMMENTS,CBP_ACTION_ON_MATCH) values (1020,'MULTIPARAM CONTAINS ANY','ANY OF THE MULTIPLE VALUES PRESENT IN SEARCH COLUMN CASE IN-SENSITIVE','N','ANY OF THE MULTIPLE VALUES PRESENT IN SEARCH COLUMN CASE IN-SENSITIVE','REPORT');
Insert into CBP_PATTERN (CBP_PATTERN_ID,CBP_PATTERN_TYPE,CBP_PATTERN_DESC,CBP_CASE_SENSITIVE,CBP_COMMENTS,CBP_ACTION_ON_MATCH) values (1025,'MULTIPARAM CONTAINS ANY','ANY OF THE MULTIPLE VALUES PRESENT IN SEARCH COLUMN CASE SENSITIVE','Y','ANY OF THE MULTIPLE VALUES PRESENT IN SEARCH COLUMN CASE SENSITIVE','REPORT');
Insert into CBP_PATTERN (CBP_PATTERN_ID,CBP_PATTERN_TYPE,CBP_PATTERN_DESC,CBP_CASE_SENSITIVE,CBP_COMMENTS,CBP_ACTION_ON_MATCH) values (1030,'MULTIPARAM CONTAINS ALL','MULTIPLE VALUES PRESENT IN SEARCH COLUMN CASE IN-SENSITIVE','N','MULTIPLE VALUES PRESENT IN SEARCH COLUMN CASE IN-SENSITIVE','REPORT');
Insert into CBP_PATTERN (CBP_PATTERN_ID,CBP_PATTERN_TYPE,CBP_PATTERN_DESC,CBP_CASE_SENSITIVE,CBP_COMMENTS,CBP_ACTION_ON_MATCH) values (1035,'MULTIPARAM CONTAINS ALL','MULTIPLE VALUES IS PRESENT IN SEARCH COLUMN CASE SENSITIVE','Y','MULTIPLE VALUES PRESENT IN SEARCH COLUMN CASE SENSITIVE','REPORT');
Insert into CBP_PATTERN (CBP_PATTERN_ID,CBP_PATTERN_TYPE,CBP_PATTERN_DESC,CBP_CASE_SENSITIVE,CBP_COMMENTS,CBP_ACTION_ON_MATCH) values (1040,'MULTIPARAM NOT CONTAINS ALL','MULTIPLE VALUES NOT PRESENT IN SEARCH COLUMN CASE IN-SENSITIVE','N','MULTIPLE VALUES NOT PRESENT IN SEARCH COLUMN CASE IN-SENSITIVE','REPORT');
Insert into CBP_PATTERN (CBP_PATTERN_ID,CBP_PATTERN_TYPE,CBP_PATTERN_DESC,CBP_CASE_SENSITIVE,CBP_COMMENTS,CBP_ACTION_ON_MATCH) values (1045,'MULTIPARAM NOT CONTAINS ALL','MULTIPLE VALUES NOT PRESENT IN SEARCH COLUMN CASE-SENSITIVE','Y','MULTIPLE VALUES NOT PRESENT IN SEARCH COLUMN CASE SENSITIVE','REPORT');

Insert into CBP_PATTERN (CBP_PATTERN_ID,CBP_PATTERN_TYPE,CBP_PATTERN_DESC,CBP_CASE_SENSITIVE,CBP_COMMENTS,CBP_ACTION_ON_MATCH) values (1060,'ORCH KEYWORD ATLEAST','ORCH KEYWORD ATLEAST','Y','ORCH KEYWORD ATLEAST','REPORT');
Insert into CBP_PATTERN (CBP_PATTERN_ID,CBP_PATTERN_TYPE,CBP_PATTERN_DESC,CBP_CASE_SENSITIVE,CBP_COMMENTS,CBP_ACTION_ON_MATCH) values (1065,'ORCH Stage ATLEAST','ORCH Stage ATLEAST','Y','ORCH Stage ATLEAST','REPORT');
Insert into CBP_PATTERN (CBP_PATTERN_ID,CBP_PATTERN_TYPE,CBP_PATTERN_DESC,CBP_CASE_SENSITIVE,CBP_COMMENTS,CBP_ACTION_ON_MATCH) values (1070,'ORCH COMPLEX CONDITION','ORCH COMPLEX CONDITION','N','ORCH COMPLEX CONDITION','REPORT');
--Insert into CBP_PATTERN (CBP_PATTERN_ID,CBP_PATTERN_TYPE,CBP_PATTERN_DESC,CBP_CASE_SENSITIVE,CBP_COMMENTS,CBP_ACTION_ON_MATCH) values (1050,'ORCH KEYWORD STARTS','ORCH KEYWORD STARTS','Y','ORCH KEYWORD STARTS','REPORT');
--Insert into CBP_PATTERN (CBP_PATTERN_ID,CBP_PATTERN_TYPE,CBP_PATTERN_DESC,CBP_CASE_SENSITIVE,CBP_COMMENTS,CBP_ACTION_ON_MATCH) values (1055,'ORCH KEYWORD NOT STARTS','ORCH KEYWORD NOT STARTS','Y','ORCH KEYWORD NOT STARTS','REPORT');
Insert into CBP_PATTERN (CBP_PATTERN_ID,CBP_PATTERN_TYPE,CBP_PATTERN_DESC,CBP_CASE_SENSITIVE,CBP_COMMENTS,CBP_ACTION_ON_MATCH) values (10501,'ORCH KEYWORD STARTS','ORCH KEYWORD STARTS','Y','ORCH KEYWORD STARTS','REPORT');
Insert into CBP_PATTERN (CBP_PATTERN_ID,CBP_PATTERN_TYPE,CBP_PATTERN_DESC,CBP_CASE_SENSITIVE,CBP_COMMENTS,CBP_ACTION_ON_MATCH) values (10551,'ORCH KEYWORD NOT STARTS','ORCH KEYWORD NOT STARTS','Y','ORCH KEYWORD NOT STARTS','REPORT');
Insert into CBP_PATTERN (CBP_PATTERN_ID,CBP_PATTERN_TYPE,CBP_PATTERN_DESC,CBP_CASE_SENSITIVE,CBP_COMMENTS,CBP_ACTION_ON_MATCH) values (1075,'ORCH KEYWORD CONTAINS','ORCH KEYWORD CONTAINS','Y','ORCH KEYWORD CONTAINS','REPORT');
Insert into CBP_PATTERN (CBP_PATTERN_ID,CBP_PATTERN_TYPE,CBP_PATTERN_DESC,CBP_CASE_SENSITIVE,CBP_COMMENTS,CBP_ACTION_ON_MATCH) values (1080,'ORCH KEYWORD NOT CONTAINS','ORCH KEYWORD NOT CONTAINS','Y','ORCH KEYWORD NOT CONTAINS','REPORT');
Insert into CBP_PATTERN (CBP_PATTERN_ID,CBP_PATTERN_TYPE,CBP_PATTERN_DESC,CBP_CASE_SENSITIVE,CBP_COMMENTS,CBP_ACTION_ON_MATCH) values (1085,'ORCH FILE PARAM CONTAINS','ORCH FILE PARAM CONTAINS','N','ORCH FILE PARAM CONTAINS','REPORT');
Insert into CBP_PATTERN (CBP_PATTERN_ID,CBP_PATTERN_TYPE,CBP_PATTERN_DESC,CBP_CASE_SENSITIVE,CBP_COMMENTS,CBP_ACTION_ON_MATCH) values (1090,'ORCH MIN MAX XML','ORCH MIN MAX XML','N','ORCH MIN MAX XML','REPORT');
Insert into CBP_PATTERN (CBP_PATTERN_ID,CBP_PATTERN_TYPE,CBP_PATTERN_DESC,CBP_CASE_SENSITIVE,CBP_COMMENTS,CBP_ACTION_ON_MATCH) values (1095,'ORCH MIN MAX','ORCH MIN MAX','N','ORCH MIN MAX','REPORT');
Insert into CBP_PATTERN (CBP_PATTERN_ID,CBP_PATTERN_TYPE,CBP_PATTERN_DESC,CBP_COMMENTS,CBP_CASE_SENSITIVE,CBP_ACTION_ON_MATCH) values (2000,'REGEX','REGEX','REGEX','N','SKIP');
INSERT INTO CBP_PATTERN (CBP_PATTERN_ID,CBP_PATTERN_TYPE,CBP_PATTERN_DESC,CBP_COMMENTS,CBP_CASE_SENSITIVE,CBP_ACTION_ON_MATCH) values (1200,'MULTIPARAM TABLE PREFIX ANY','ANY OF THE PREFIX PRESENT IN SEARCH COLUMN CASE IN-SENSITIVE','ANY OF THE PREFIX PRESENT IN SEARCH COLUMN CASE IN-SENSITIVE','N','REPORT');
INSERT INTO CBP_PATTERN (CBP_PATTERN_ID,CBP_PATTERN_TYPE,CBP_PATTERN_DESC,CBP_COMMENTS,CBP_CASE_SENSITIVE,CBP_ACTION_ON_MATCH) values (1205,'MULTIPARAM TABLE PREFIX ANY','ANY OF THE PREFIX PRESENT IN SEARCH COLUMN CASE SENSITIVE','ANY OF THE PREFIX PRESENT IN SEARCH COLUMN CASE SENSITIVE','Y','REPORT');
INSERT INTO CBP_PATTERN (CBP_PATTERN_ID,CBP_PATTERN_TYPE,CBP_PATTERN_DESC,CBP_COMMENTS,CBP_CASE_SENSITIVE,CBP_ACTION_ON_MATCH) values (9999,'UNKNOWN','UNKNOWN','UNKNOWN','Y','SKIP');


-- The below two patterns are clashing with other product
INSERT INTO CBP_PATTERN (CBP_PATTERN_ID,CBP_PATTERN_TYPE,CBP_PATTERN_DESC,CBP_COMMENTS,CBP_CASE_SENSITIVE,CBP_ACTION_ON_MATCH) values (1050,'MULTIPARAM NOT CONTAINS ANY','ANY OF THE MULTIPLE VALUES NOT PRESENT IN SEARCH COLUMN CASE IN-SENSITIVE','ANY OF THE MULTIPLE VALUES NOT PRESENT IN SEARCH COLUMN CASE IN-SENSITIVE','N','REPORT');
INSERT INTO CBP_PATTERN (CBP_PATTERN_ID,CBP_PATTERN_TYPE,CBP_PATTERN_DESC,CBP_COMMENTS,CBP_CASE_SENSITIVE,CBP_ACTION_ON_MATCH) values (1055,'MULTIPARAM NOT CONTAINS ANY','ANY OF THE MULTIPLE VALUES NOT PRESENT IN SEARCH COLUMN CASE SENSITIVE','ANY OF THE MULTIPLE VALUES NOT PRESENT IN SEARCH COLUMN CASE SENSITIVE','Y','REPORT');

Insert into CBP_RULE_IMP_TYPE (CBP_IMP_TYPE_ID,CBP_IMP_TYPE_DESC,CBP_COMMENTS) values (1,'Query','Direct Through Query');
Insert into CBP_RULE_IMP_TYPE (CBP_IMP_TYPE_ID,CBP_IMP_TYPE_DESC,CBP_COMMENTS) values (2,'Pre-Process','Pre-Process before running Query');
Insert into CBP_RULE_IMP_TYPE (CBP_IMP_TYPE_ID,CBP_IMP_TYPE_DESC,CBP_COMMENTS) values (3,'Post-Process','Post-Process after running Query');
Insert into CBP_RULE_IMP_TYPE (CBP_IMP_TYPE_ID,CBP_IMP_TYPE_DESC,CBP_COMMENTS) values (4,'Multi-Level','Multiple queries');
Insert into CBP_RULE_IMP_TYPE (CBP_IMP_TYPE_ID,CBP_IMP_TYPE_DESC,CBP_COMMENTS) values (5,'External','Involve external inputs');
Insert into CBP_RULE_IMP_TYPE (CBP_IMP_TYPE_ID,CBP_IMP_TYPE_DESC,CBP_COMMENTS) values (6,'Homogeneous DB','Involves multiple databases of same type');
Insert into CBP_RULE_IMP_TYPE (CBP_IMP_TYPE_ID,CBP_IMP_TYPE_DESC,CBP_COMMENTS) values (7,'Heterogeneous DB','Involves multiple databases of different type');
Insert into CBP_RULE_IMP_TYPE (CBP_IMP_TYPE_ID,CBP_IMP_TYPE_DESC,CBP_COMMENTS) values (8,'Heterogeneous Other','Involves Databases and file systems etc');
Insert into CBP_RULE_IMP_TYPE (CBP_IMP_TYPE_ID,CBP_IMP_TYPE_DESC,CBP_COMMENTS) values (9,'Informatica SDK','Informatica SDK Driven');
Insert into CBP_RULE_IMP_TYPE (CBP_IMP_TYPE_ID,CBP_IMP_TYPE_DESC,CBP_COMMENTS) values (10,'Consolidation','Merges the search column returned in multiple rows into one');
Insert into CBP_RULE_IMP_TYPE (CBP_IMP_TYPE_ID,CBP_IMP_TYPE_DESC,CBP_COMMENTS) values (1000,'Post-Process GroupedParam','Post-Process after running Query with multiple parameters grouped for any checks. Revisit pattern.');
Insert into CBP_RULE_IMP_TYPE (CBP_IMP_TYPE_ID,CBP_IMP_TYPE_DESC,CBP_COMMENTS) values (1001,'Orch-Data','Rules which can be processed by the Orchestrate data');
Insert into CBP_RULE_IMP_TYPE (CBP_IMP_TYPE_ID,CBP_IMP_TYPE_DESC,CBP_COMMENTS) values (1002,'Multi-Stage-Orch-Data','Rules which can be processed with multiple stage types as job stage type');
Insert into CBP_RULE_IMP_TYPE (CBP_IMP_TYPE_ID,CBP_IMP_TYPE_DESC,CBP_COMMENTS) values (1200,'Consolidation For Reuse','Is a Clone of 1100 and does additional stuff to reuse query parsing.');
Insert into CBP_RULE_IMP_TYPE (CBP_IMP_TYPE_ID,CBP_IMP_TYPE_DESC,CBP_COMMENTS) values (1300,'XML Parser','Rules which can be processed from the generated xml from orch data');
Insert into CBP_RULE_IMP_TYPE (CBP_IMP_TYPE_ID,CBP_IMP_TYPE_DESC,CBP_COMMENTS) values (1100,'Consolidation and Grouped Param','Merge search column and apply checks applied for multiple parameters. Revisit pattern.');
--INSERT into cbp_rule_imp_type (CBP_IMP_TYPE_ID,CBP_IMP_TYPE_DESC,CBP_COMMENTS) VALUES (3100,'IICS ZIP File Processing','IICS ZIP File Processing');
--Insert into CBP_RULE_IMP_TYPE (CBP_IMP_TYPE_ID,CBP_IMP_TYPE_DESC,CBP_COMMENTS) values (2100,'Talend XML Read Processing','Talend XML Read Processing');
--INSERT INTO CBP_RULE_IMP_TYPE (CBP_IMP_TYPE_ID,CBP_IMP_TYPE_DESC,CBP_COMMENTS) VALUES (5100,'Job Stage Names','Job Stage Names');
--INSERT INTO CBP_RULE_IMP_TYPE (CBP_IMP_TYPE_ID,CBP_IMP_TYPE_DESC,CBP_COMMENTS) VALUES (5200,'Job Stage Counts','Job Stage Counts');
INSERT INTO CBP_RULE_IMP_TYPE (CBP_IMP_TYPE_ID,CBP_IMP_TYPE_DESC,CBP_COMMENTS) values (21001,'Talend XML Read Processing','Talend XML Read Processing');
INSERT INTO CBP_RULE_IMP_TYPE (CBP_IMP_TYPE_ID,CBP_IMP_TYPE_DESC,CBP_COMMENTS) VALUES (31001,'IICS ZIP File Processing','IICS ZIP File Processing');
INSERT INTO CBP_RULE_IMP_TYPE (CBP_IMP_TYPE_ID,CBP_IMP_TYPE_DESC,CBP_COMMENTS) VALUES (51001,'Job Stage Names','Job Stage Names');
INSERT INTO CBP_RULE_IMP_TYPE (CBP_IMP_TYPE_ID,CBP_IMP_TYPE_DESC,CBP_COMMENTS) VALUES (52001,'Job Stage Counts','Job Stage Counts');
Insert into CBP_RULE_IMP_TYPE (CBP_IMP_TYPE_ID,CBP_IMP_TYPE_DESC,CBP_COMMENTS) values (5300,'Job Stage Input Link FromNTo - Parallel Job','Job Stage Input Link FromNTo - Parallel Job');
Insert into CBP_RULE_IMP_TYPE (CBP_IMP_TYPE_ID,CBP_IMP_TYPE_DESC,CBP_COMMENTS) values (5400,'Job Stage Input Link MetaData - Parallel Job','Job Stage Input Link MetaData - Parallel Job');
Insert into CBP_RULE_IMP_TYPE (CBP_IMP_TYPE_ID,CBP_IMP_TYPE_DESC,CBP_COMMENTS) values (5500,'Job Stage Names - Server Job','Job Stage Names - Server Job');
Insert into CBP_RULE_IMP_TYPE (CBP_IMP_TYPE_ID,CBP_IMP_TYPE_DESC,CBP_COMMENTS) values (5600,'Job Stage Counts - Server Job','Job Stage Counts - Server Job');
Insert into CBP_RULE_IMP_TYPE (CBP_IMP_TYPE_ID,CBP_IMP_TYPE_DESC,CBP_COMMENTS) values (5700,'Job Stage Intput Link Parameter Property - Server Job','Job Stage Intput Link Parameter Property - Server Job');
Insert into CBP_RULE_IMP_TYPE (CBP_IMP_TYPE_ID,CBP_IMP_TYPE_DESC,CBP_COMMENTS) values (5800,'Job Stage Names - Sequence Job','Job Stage Names - Sequence Job');
Insert into CBP_RULE_IMP_TYPE (CBP_IMP_TYPE_ID,CBP_IMP_TYPE_DESC,CBP_COMMENTS) values (5900,'Job Stage Counts - Sequence Job','Job Stage Counts - Sequence Job');
Insert into CBP_RULE_IMP_TYPE (CBP_IMP_TYPE_ID,CBP_IMP_TYPE_DESC,CBP_COMMENTS) values (6000,'Job Stage Output Link Parameter Property - Sequence Job','Job Stage Output Link Parameter Property - Sequence Job');
Insert into CBP_RULE_IMP_TYPE (CBP_IMP_TYPE_ID,CBP_IMP_TYPE_DESC,CBP_COMMENTS) values (7000,'Job Stage Output Link Parameter Property - Server Job','Job Stage Output Link Parameter Property - Server Job');
Insert into CBP_RULE_IMP_TYPE (CBP_IMP_TYPE_ID,CBP_IMP_TYPE_DESC,CBP_COMMENTS) values (8000,'Job Property Metabag - Parallel Job','Job Property Metabag - Parallel Job');
Insert into CBP_RULE_IMP_TYPE (CBP_IMP_TYPE_ID,CBP_IMP_TYPE_DESC,CBP_COMMENTS) values (9000,'Job Stage Input Link FromNTo Property Metabag - Parallel Job','Job Stage Input Link FromNTo Property Metabag - Parallel Job');
INSERT INTO cbp_rule_imp_type (CBP_IMP_TYPE_ID,CBP_IMP_TYPE_DESC,CBP_COMMENTS) VALUES (10000,'Job Stage Intput Link Parameter Property - Parallel Job','Job Stage Intput Link Parameter Property - Parallel Job');
INSERT INTO cbp_rule_imp_type (CBP_IMP_TYPE_ID,CBP_IMP_TYPE_DESC,CBP_COMMENTS) VALUES (11000,'Job Stage Meta Bag Data - Parallel Job','Job Stage Meta Bag Data - Parallel Job');

-- The below 4 IMP types are clashing
INSERT INTO CBP_RULE_IMP_TYPE (CBP_IMP_TYPE_ID,CBP_IMP_TYPE_DESC,CBP_COMMENTS) values (2100,'Workflow Config Property Consolidation','Workflow Config Property Consolidation');
INSERT INTO CBP_RULE_IMP_TYPE (CBP_IMP_TYPE_ID,CBP_IMP_TYPE_DESC,CBP_COMMENTS) values (3100,'Workflow Property Consolidation','Workflow Property Consolidation');
INSERT INTO CBP_RULE_IMP_TYPE (CBP_IMP_TYPE_ID,CBP_IMP_TYPE_DESC,CBP_COMMENTS) values (5100,'Mapping Transformation Port','Mapping Transformation Port');
INSERT INTO CBP_RULE_IMP_TYPE (CBP_IMP_TYPE_ID,CBP_IMP_TYPE_DESC,CBP_COMMENTS) values (5200,'Mapping Transformation Counts','Mapping Transformation Counts');
INSERT INTO CBP_RULE_IMP_TYPE (CBP_IMP_TYPE_ID,CBP_IMP_TYPE_DESC,CBP_COMMENTS) values (4100,'Workflow Relational Connection','Workflow Relational Connection');
INSERT INTO CBP_RULE_IMP_TYPE (CBP_IMP_TYPE_ID,CBP_IMP_TYPE_DESC,CBP_COMMENTS) values (3102,'Workflow Property Consolidation Set 2','Workflow Property Consolidation Set 2');
INSERT INTO CBP_RULE_IMP_TYPE (CBP_IMP_TYPE_ID,CBP_IMP_TYPE_DESC,CBP_COMMENTS) values (2102,'Workflow Config Property Consolidation Set 2','Workflow Config Property Consolidation Set 2');
INSERT INTO CBP_RULE_IMP_TYPE (CBP_IMP_TYPE_ID,CBP_IMP_TYPE_DESC,CBP_COMMENTS) values (5102,'Mapping Transformation Port Set 2','Mapping Transformation Port Set 2');

-- AWS Glue Rule IMP Types
INSERT INTO CBP_RULE_IMP_TYPE (CBP_IMP_TYPE_ID,CBP_IMP_TYPE_DESC,CBP_COMMENTS) VALUES (12000,'AWS Glue Code Processing','AWS Glue Code Processing');

-- ADF Gen2 IMP Types
INSERT INTO CBP_RULE_IMP_TYPE (CBP_IMP_TYPE_ID,CBP_IMP_TYPE_DESC,CBP_COMMENTS) VALUES (13000,'ADF Gen2 Code Processing','ADF Gen2 Code Processing');

-- PySpark IMP Types
INSERT INTO CBP_RULE_IMP_TYPE (CBP_IMP_TYPE_ID,CBP_IMP_TYPE_DESC,CBP_COMMENTS) VALUES (14000,'PySpark Code Processing','PySpark Code Processing');

-- SSIS IMP Type
INSERT INTO CBP_RULE_IMP_TYPE (CBP_IMP_TYPE_ID,CBP_IMP_TYPE_DESC,CBP_COMMENTS) VALUES (15000,'SSIS VStdio V16 Code Processing','SSIS VStdio V16 Code Processing');

-- Boomi IMP Type
INSERT INTO CBP_RULE_IMP_TYPE (CBP_IMP_TYPE_ID,CBP_IMP_TYPE_DESC,CBP_COMMENTS) VALUES (16000,'BOOMI Code Processing','BOOMI Code Processing');

-- DBT IMP Type
INSERT INTO CBP_RULE_IMP_TYPE (CBP_IMP_TYPE_ID,CBP_IMP_TYPE_DESC,CBP_COMMENTS) VALUES (17000,'DBT VStdio V16 Code Processing','DBT VStdio V16 Code Processing');

-- Azure Databricks IMP Type
INSERT INTO CBP_RULE_IMP_TYPE (CBP_IMP_TYPE_ID,CBP_IMP_TYPE_DESC,CBP_COMMENTS) VALUES (18000,'Azure Databricks Processing','Azure Databricks Processing');

Insert into CBP_USER_SECURITY (CBP_USER_ID,CBP_USER_NAME,CBP_CREATED_TIMESTAMP,CBP_USER_PASSWORD,CBP_UPDATED_TIMESTAMP,CBP_IS_SITE_ADMIN,CBP_USER_EMAIL_ID, CBP_BULK_SELECT_IS_ENABLED, CBP_LIVE_REVIEW_IS_ENABLED, CBP_REV_FROM_RPT_IS_ENABLED, CAN_CREATE_BATCH_FOR_RUN, CAN_CREATE_USER_RULE_LIST, DEFAULT_WINDOW_DURATION, CBP_RULE_COMMENT_EDIT_ENABLED, CBP_USER_TYPE, IS_DELETED, IS_LOCKED) values (1,'Admin',sysdate,'QWRtaW4=',sysdate,'yes','support@coeurdata.com', 'Y', 'Y', 'Y', 'Y', 'Y', 50, 'Y', 'UNDRALEU', 'N', 'N');

Insert into CBP_SELECTION_TYPE (SELECTION_TYPE_ID,SELECTION_TYPE_NAME,IS_ENABLED) values (111,'Workspace','Y');
Insert into CBP_SELECTION_TYPE (SELECTION_TYPE_ID,SELECTION_TYPE_NAME,IS_ENABLED) values (222,'Repository','Y');
Insert into CBP_SELECTION_TYPE (SELECTION_TYPE_ID,SELECTION_TYPE_NAME,IS_ENABLED) values (333,'Folder','Y');
Insert into CBP_SELECTION_TYPE (SELECTION_TYPE_ID,SELECTION_TYPE_NAME,IS_ENABLED) values (444,'Project','Y');

INSERT INTO CBP_SELECTION_TYPE (SELECTION_TYPE_ID,SELECTION_TYPE_NAME,IS_ENABLED) values (1,'Project','Y');
INSERT INTO CBP_SELECTION_TYPE (SELECTION_TYPE_ID,SELECTION_TYPE_NAME,IS_ENABLED) values (2,'Repository','Y');
INSERT INTO CBP_SELECTION_TYPE (SELECTION_TYPE_ID,SELECTION_TYPE_NAME,IS_ENABLED) values (3,'Folder','Y');
INSERT INTO CBP_SELECTION_TYPE (SELECTION_TYPE_ID,SELECTION_TYPE_NAME,IS_ENABLED) values (4,'DepGroup','Y');
INSERT INTO CBP_SELECTION_TYPE (SELECTION_TYPE_ID,SELECTION_TYPE_NAME,IS_ENABLED) values (5,'Label','Y');

-- Common Object Type
Insert into CBP_BOBJECT_TYPE (BOBJECT_TYPE_ID,BOBJECT_TYPE_NAME,IS_ENABLED) values (0,'Dummy','N');

-- Oracle Data Integrator Objects
INSERT INTO cbp_bobject_type (bobject_type_id, bobject_type_name, is_enabled) VALUES (111111, 'Package', 'Y');
INSERT INTO cbp_bobject_type (bobject_type_id, bobject_type_name, is_enabled) VALUES (222222, 'Mapping', 'Y');
INSERT INTO cbp_bobject_type (bobject_type_id, bobject_type_name, is_enabled) VALUES (333333, 'Procedure', 'Y');
INSERT INTO cbp_bobject_type (bobject_type_id, bobject_type_name, is_enabled) VALUES (444444, 'Knowledge Module', 'Y');
INSERT INTO cbp_bobject_type (bobject_type_id, bobject_type_name, is_enabled) VALUES (555555, 'Variable', 'Y');
INSERT INTO cbp_bobject_type (bobject_type_id, bobject_type_name, is_enabled) VALUES (666666, 'Sequence', 'Y');	
INSERT INTO cbp_bobject_type (bobject_type_id, bobject_type_name, is_enabled) VALUES (777777, 'User Function', 'Y');	
INSERT INTO cbp_bobject_type (bobject_type_id, bobject_type_name, is_enabled) VALUES (888888, 'Model', 'Y');	
INSERT INTO cbp_bobject_type (bobject_type_id, bobject_type_name, is_enabled) VALUES (999999, 'Load Plan', 'Y');	
INSERT INTO cbp_bobject_type (bobject_type_id, bobject_type_name, is_enabled) VALUES (100000, 'Scenario', 'Y');	

-- IPC Object Types
INSERT INTO CBP_BOBJECT_TYPE (BOBJECT_TYPE_ID,BOBJECT_TYPE_NAME,IS_ENABLED) values (1,'Mapping','Y');
INSERT INTO CBP_BOBJECT_TYPE (BOBJECT_TYPE_ID,BOBJECT_TYPE_NAME,IS_ENABLED) values (2,'Mapplet','Y');
INSERT INTO CBP_BOBJECT_TYPE (BOBJECT_TYPE_ID,BOBJECT_TYPE_NAME,IS_ENABLED) values (3,'Session','Y');
INSERT INTO CBP_BOBJECT_TYPE (BOBJECT_TYPE_ID,BOBJECT_TYPE_NAME,IS_ENABLED) values (4,'Workflow','Y');
INSERT INTO CBP_BOBJECT_TYPE (BOBJECT_TYPE_ID,BOBJECT_TYPE_NAME,IS_ENABLED) values (5,'Worklet','Y');
INSERT INTO CBP_BOBJECT_TYPE (BOBJECT_TYPE_ID,BOBJECT_TYPE_NAME,IS_ENABLED) values (6,'Workflow Full','Y');
INSERT INTO CBP_BOBJECT_TYPE (BOBJECT_TYPE_ID,BOBJECT_TYPE_NAME,IS_ENABLED) values (7,'Label','Y');
INSERT INTO CBP_BOBJECT_TYPE (BOBJECT_TYPE_ID,BOBJECT_TYPE_NAME,IS_ENABLED) values (8,'DepGroup','Y');

-- IICS Object Types
Insert into CBP_BOBJECT_TYPE (BOBJECT_TYPE_ID,BOBJECT_TYPE_NAME,IS_ENABLED) values (9001,'Mapping','Y');
Insert into CBP_BOBJECT_TYPE (BOBJECT_TYPE_ID,BOBJECT_TYPE_NAME,IS_ENABLED) values (9002,'Mapping Task','Y');
Insert into CBP_BOBJECT_TYPE (BOBJECT_TYPE_ID,BOBJECT_TYPE_NAME,IS_ENABLED) values (9003,'Synchronization Task','Y');
Insert into CBP_BOBJECT_TYPE (BOBJECT_TYPE_ID,BOBJECT_TYPE_NAME,IS_ENABLED) values (9004,'Masking Task','Y');
Insert into CBP_BOBJECT_TYPE (BOBJECT_TYPE_ID,BOBJECT_TYPE_NAME,IS_ENABLED) values (9005,'Replication Task','Y');
Insert into CBP_BOBJECT_TYPE (BOBJECT_TYPE_ID,BOBJECT_TYPE_NAME,IS_ENABLED) values (9006,'Mapplet','Y');
Insert into CBP_BOBJECT_TYPE (BOBJECT_TYPE_ID,BOBJECT_TYPE_NAME,IS_ENABLED) values (9007,'PowerCenter Task','Y');
Insert into CBP_BOBJECT_TYPE (BOBJECT_TYPE_ID,BOBJECT_TYPE_NAME,IS_ENABLED) values (9008,'Linear Taskflow','Y');
Insert into CBP_BOBJECT_TYPE (BOBJECT_TYPE_ID,BOBJECT_TYPE_NAME,IS_ENABLED) values (9009,'Taskflow','Y');
Insert into CBP_BOBJECT_TYPE (BOBJECT_TYPE_ID,BOBJECT_TYPE_NAME,IS_ENABLED) values (9010,'Mass Ingestion Task','Y');

-- Datastage Object Types
Insert into CBP_BOBJECT_TYPE (BOBJECT_TYPE_ID,BOBJECT_TYPE_NAME,IS_ENABLED) values (1111,'Mainframe Job','Y');
Insert into CBP_BOBJECT_TYPE (BOBJECT_TYPE_ID,BOBJECT_TYPE_NAME,IS_ENABLED) values (2222,'Parallel Job','Y');
Insert into CBP_BOBJECT_TYPE (BOBJECT_TYPE_ID,BOBJECT_TYPE_NAME,IS_ENABLED) values (3333,'Sequence Job','Y');
Insert into CBP_BOBJECT_TYPE (BOBJECT_TYPE_ID,BOBJECT_TYPE_NAME,IS_ENABLED) values (4444,'Server Job','Y');
Insert into CBP_BOBJECT_TYPE (BOBJECT_TYPE_ID,BOBJECT_TYPE_NAME,IS_ENABLED) values (5555,'Server Shared Containers','Y');
Insert into CBP_BOBJECT_TYPE (BOBJECT_TYPE_ID,BOBJECT_TYPE_NAME,IS_ENABLED) values (6666,'Parallel Shared Containers','Y');
Insert into CBP_BOBJECT_TYPE (BOBJECT_TYPE_ID,BOBJECT_TYPE_NAME,IS_ENABLED) values (7777,'Routines','Y');

-- IDQ/BDM Object Types
Insert into CBP_BOBJECT_TYPE (BOBJECT_TYPE_ID,BOBJECT_TYPE_NAME,IS_ENABLED) values (11111,'Applications','Y');
Insert into CBP_BOBJECT_TYPE (BOBJECT_TYPE_ID,BOBJECT_TYPE_NAME,IS_ENABLED) values (22222,'Logical Data Object Models','Y');
Insert into CBP_BOBJECT_TYPE (BOBJECT_TYPE_ID,BOBJECT_TYPE_NAME,IS_ENABLED) values (33333,'Mappings','Y');
Insert into CBP_BOBJECT_TYPE (BOBJECT_TYPE_ID,BOBJECT_TYPE_NAME,IS_ENABLED) values (44444,'Mapplets','Y');
Insert into CBP_BOBJECT_TYPE (BOBJECT_TYPE_ID,BOBJECT_TYPE_NAME,IS_ENABLED) values (55555,'Physical Data Objects - Flat File','Y');
Insert into CBP_BOBJECT_TYPE (BOBJECT_TYPE_ID,BOBJECT_TYPE_NAME,IS_ENABLED) values (66666,'Physical Data Objects - Relational','Y');
Insert into CBP_BOBJECT_TYPE (BOBJECT_TYPE_ID,BOBJECT_TYPE_NAME,IS_ENABLED) values (77777,'Profiles','Y');
Insert into CBP_BOBJECT_TYPE (BOBJECT_TYPE_ID,BOBJECT_TYPE_NAME,IS_ENABLED) values (88888,'Reference Tables','Y');
Insert into CBP_BOBJECT_TYPE (BOBJECT_TYPE_ID,BOBJECT_TYPE_NAME,IS_ENABLED) values (88908,'Transformations','Y');
Insert into CBP_BOBJECT_TYPE (BOBJECT_TYPE_ID,BOBJECT_TYPE_NAME,IS_ENABLED) values (88928,'Workflows','Y');

-- Talend Object Types
Insert into CBP_BOBJECT_TYPE (BOBJECT_TYPE_ID,BOBJECT_TYPE_NAME,IS_ENABLED) values (99999,'Jobs','Y'); -- Used in Talend

-- AWS Glue Object Types
Insert into CBP_BOBJECT_TYPE (BOBJECT_TYPE_ID,BOBJECT_TYPE_NAME,IS_ENABLED) values (90000,'AWS Glue Job - Crawler','Y');
Insert into CBP_BOBJECT_TYPE (BOBJECT_TYPE_ID,BOBJECT_TYPE_NAME,IS_ENABLED) values (90001,'AWS Glue Job - Python','Y');
Insert into CBP_BOBJECT_TYPE (BOBJECT_TYPE_ID,BOBJECT_TYPE_NAME,IS_ENABLED) values (90002,'AWS Glue Job - Scala','Y');
Insert into CBP_BOBJECT_TYPE (BOBJECT_TYPE_ID,BOBJECT_TYPE_NAME,IS_ENABLED) values (90003,'AWS Glue Job - Python Script','Y');
Insert into CBP_BOBJECT_TYPE (BOBJECT_TYPE_ID,BOBJECT_TYPE_NAME,IS_ENABLED) values (90004,'AWS Glue Job - Scala Script','Y');
Insert into CBP_BOBJECT_TYPE (BOBJECT_TYPE_ID,BOBJECT_TYPE_NAME,IS_ENABLED) values (90005,'AWS Glue Job - Generic','Y');

-- ADF Object Types
Insert into CBP_BOBJECT_TYPE (BOBJECT_TYPE_ID,BOBJECT_TYPE_NAME,IS_ENABLED) values (90900,'ADF - Dataflow','Y');
Insert into CBP_BOBJECT_TYPE (BOBJECT_TYPE_ID,BOBJECT_TYPE_NAME,IS_ENABLED) values (90901,'ADF - Pipeline','Y');
Insert into CBP_BOBJECT_TYPE (BOBJECT_TYPE_ID,BOBJECT_TYPE_NAME,IS_ENABLED) values (90902,'ADF - Linked Service','Y');
Insert into CBP_BOBJECT_TYPE (BOBJECT_TYPE_ID,BOBJECT_TYPE_NAME,IS_ENABLED) values (90903,'ADF - Trigger','Y');
Insert into CBP_BOBJECT_TYPE (BOBJECT_TYPE_ID,BOBJECT_TYPE_NAME,IS_ENABLED) values (90904,'ADF - Integration runtime','Y');
Insert into CBP_BOBJECT_TYPE (BOBJECT_TYPE_ID,BOBJECT_TYPE_NAME,IS_ENABLED) values (90905,'ADF - Dataflow Library','Y');
Insert into CBP_BOBJECT_TYPE (BOBJECT_TYPE_ID,BOBJECT_TYPE_NAME,IS_ENABLED) values (90906,'ADF - Power Query','Y');

-- PySpark Object Types
Insert into CBP_BOBJECT_TYPE (BOBJECT_TYPE_ID,BOBJECT_TYPE_NAME,IS_ENABLED) values (90910,'PySpark Code','Y');

-- Boomi Object Types
Insert into CBP_BOBJECT_TYPE (BOBJECT_TYPE_ID,BOBJECT_TYPE_NAME,IS_ENABLED) values (90931,'Cross Reference Table','Y');
Insert into CBP_BOBJECT_TYPE (BOBJECT_TYPE_ID,BOBJECT_TYPE_NAME,IS_ENABLED) values (90932,'Database Profile','Y');
Insert into CBP_BOBJECT_TYPE (BOBJECT_TYPE_ID,BOBJECT_TYPE_NAME,IS_ENABLED) values (90933,'Flat File Profile','Y');
Insert into CBP_BOBJECT_TYPE (BOBJECT_TYPE_ID,BOBJECT_TYPE_NAME,IS_ENABLED) values (90934,'JSON Profile','Y');
Insert into CBP_BOBJECT_TYPE (BOBJECT_TYPE_ID,BOBJECT_TYPE_NAME,IS_ENABLED) values (90935,'Map Function','Y');
Insert into CBP_BOBJECT_TYPE (BOBJECT_TYPE_ID,BOBJECT_TYPE_NAME,IS_ENABLED) values (90936,'Map Script','Y');
Insert into CBP_BOBJECT_TYPE (BOBJECT_TYPE_ID,BOBJECT_TYPE_NAME,IS_ENABLED) values (90937,'Map','Y');
Insert into CBP_BOBJECT_TYPE (BOBJECT_TYPE_ID,BOBJECT_TYPE_NAME,IS_ENABLED) values (90938,'Process Script','Y');
Insert into CBP_BOBJECT_TYPE (BOBJECT_TYPE_ID,BOBJECT_TYPE_NAME,IS_ENABLED) values (90939,'Process','Y');
Insert into CBP_BOBJECT_TYPE (BOBJECT_TYPE_ID,BOBJECT_TYPE_NAME,IS_ENABLED) values (90940,'XML Profile','Y');
Insert into CBP_BOBJECT_TYPE (BOBJECT_TYPE_ID,BOBJECT_TYPE_NAME,IS_ENABLED) values (90941,'Packaged Component','Y');

-- DBT Object Types
Insert into CBP_BOBJECT_TYPE (BOBJECT_TYPE_ID,BOBJECT_TYPE_NAME,IS_ENABLED) values (90801,'DBT - Model','Y');
Insert into CBP_BOBJECT_TYPE (BOBJECT_TYPE_ID,BOBJECT_TYPE_NAME,IS_ENABLED) values (90802,'DBT - Macro','Y');

-- SSIS Object Types
Insert into CBP_BOBJECT_TYPE (BOBJECT_TYPE_ID,BOBJECT_TYPE_NAME,IS_ENABLED) values (90921,'SSIS - Package','Y');

-- Azure Databricks Object Types
Insert into CBP_BOBJECT_TYPE (BOBJECT_TYPE_ID,BOBJECT_TYPE_NAME,IS_ENABLED) values (90951,'Notebook','Y');
Insert into CBP_BOBJECT_TYPE (BOBJECT_TYPE_ID,BOBJECT_TYPE_NAME,IS_ENABLED) values (90952,'Library','Y');
Insert into CBP_BOBJECT_TYPE (BOBJECT_TYPE_ID,BOBJECT_TYPE_NAME,IS_ENABLED) values (90953,'Query','Y');
Insert into CBP_BOBJECT_TYPE (BOBJECT_TYPE_ID,BOBJECT_TYPE_NAME,IS_ENABLED) values (90954,'MLflow experiment','Y');
Insert into CBP_BOBJECT_TYPE (BOBJECT_TYPE_ID,BOBJECT_TYPE_NAME,IS_ENABLED) values (90956,'Cluster','Y');
Insert into CBP_BOBJECT_TYPE (BOBJECT_TYPE_ID,BOBJECT_TYPE_NAME,IS_ENABLED) values (90957,'Pool','Y');
Insert into CBP_BOBJECT_TYPE (BOBJECT_TYPE_ID,BOBJECT_TYPE_NAME,IS_ENABLED) values (90958,'Policy','Y');
Insert into CBP_BOBJECT_TYPE (BOBJECT_TYPE_ID,BOBJECT_TYPE_NAME,IS_ENABLED) values (90959,'Global','Y');

Insert into CBP_MASTER_SUBJECT_AREA (MSA_ID,MSA_NAME,MSA_COMMENTS) values (1,'Review',null);
Insert into CBP_MASTER_SUBJECT_AREA (MSA_ID,MSA_NAME,MSA_COMMENTS) values (2,'Testing',null);
Insert into CBP_MASTER_SUBJECT_AREA (MSA_ID,MSA_NAME,MSA_COMMENTS) values (3,'Log Scraping',null);
Insert into CBP_MASTER_SUBJECT_AREA (MSA_ID,MSA_NAME,MSA_COMMENTS) values (4,'Physicalization',null);
Insert into CBP_MASTER_SUBJECT_AREA (MSA_ID,MSA_NAME,MSA_COMMENTS) values (5,'Batch Review',null);
Insert into CBP_MASTER_SUBJECT_AREA (MSA_ID,MSA_NAME,MSA_COMMENTS) values (6,'Peer Review',null);
Insert into CBP_MASTER_SUBJECT_AREA (MSA_ID,MSA_NAME,MSA_COMMENTS) values (7,'Code Quality Status',null);
Insert into CBP_MASTER_SUBJECT_AREA (MSA_ID,MSA_NAME,MSA_COMMENTS) values (8,'Violations Risk Type',null);

-- Quartz Scheduler
INSERT INTO cbp_master_subject_area (msa_id, msa_name, msa_comments) VALUES (10, 'Schedule Jobs', null);
--
Insert into CBP_MASTER_STATUS (MASTER_STATUS_ID,MASTER_STATUS_NAME,MSA_ID) values (1,'Started',5);
Insert into CBP_MASTER_STATUS (MASTER_STATUS_ID,MASTER_STATUS_NAME,MSA_ID) values (2,'Failed',5);
Insert into CBP_MASTER_STATUS (MASTER_STATUS_ID,MASTER_STATUS_NAME,MSA_ID) values (3,'Succeeded',5);
Insert into CBP_MASTER_STATUS (MASTER_STATUS_ID,MASTER_STATUS_NAME,MSA_ID) values (4,'Started',6);
Insert into CBP_MASTER_STATUS (MASTER_STATUS_ID,MASTER_STATUS_NAME,MSA_ID) values (5,'Completed',6);

INSERT INTO CBP_MASTER_STATUS (MASTER_STATUS_ID, MASTER_STATUS_NAME,MSA_ID) VALUES (6, 'No Violations Found',7);
INSERT INTO CBP_MASTER_STATUS (MASTER_STATUS_ID, MASTER_STATUS_NAME,MSA_ID) VALUES (7, 'Violations Found',7);
INSERT INTO CBP_MASTER_STATUS (MASTER_STATUS_ID, MASTER_STATUS_NAME,MSA_ID) VALUES (8, 'Low Risk',8);
INSERT INTO CBP_MASTER_STATUS (MASTER_STATUS_ID, MASTER_STATUS_NAME,MSA_ID) VALUES (9, 'Medium Risk',8);
INSERT INTO CBP_MASTER_STATUS (MASTER_STATUS_ID, MASTER_STATUS_NAME,MSA_ID) VALUES (10, 'High Risk',8);
INSERT INTO CBP_MASTER_STATUS (MASTER_STATUS_ID, MASTER_STATUS_NAME,MSA_ID) VALUES (11, 'No Risk',8);

-- QuartzScheduler
INSERT INTO CBP_MASTER_STATUS (MASTER_STATUS_ID, MASTER_STATUS_NAME, MSA_ID) VALUES (101, 'Waiting', 10);
INSERT INTO CBP_MASTER_STATUS (MASTER_STATUS_ID, MASTER_STATUS_NAME, MSA_ID) VALUES (102, 'Running', 10);
INSERT INTO CBP_MASTER_STATUS (MASTER_STATUS_ID, MASTER_STATUS_NAME, MSA_ID) VALUES (103, 'Succeeded', 10);
INSERT INTO CBP_MASTER_STATUS (MASTER_STATUS_ID, MASTER_STATUS_NAME, MSA_ID) VALUES (104, 'Failed', 10);

Insert into CBP_SIGNAL_TYPE (SIGNAL_TYPE_ID,SIGNAL_TYPE_NAME,SIGNAL_TYPE_DESCRIPTION,SIGNAL_ABBR,MSA_ID,DISABLED_DT,UPDATED_BY_USER_ID,IS_ENABLED,SIGNAL_HAS_ASSOC_REPORT) values (11,'Enterprise Rule List Review','Enterprise Rule List Review','ERLR',1,null,null,'Y',null);
Insert into CBP_SIGNAL_TYPE (SIGNAL_TYPE_ID,SIGNAL_TYPE_NAME,SIGNAL_TYPE_DESCRIPTION,SIGNAL_ABBR,MSA_ID,DISABLED_DT,UPDATED_BY_USER_ID,IS_ENABLED,SIGNAL_HAS_ASSOC_REPORT) values (12,'Project Rule List Review','Project Rule List Review','PRLR',1,null,null,'Y',null);
Insert into CBP_SIGNAL_TYPE (SIGNAL_TYPE_ID,SIGNAL_TYPE_NAME,SIGNAL_TYPE_DESCRIPTION,SIGNAL_ABBR,MSA_ID,DISABLED_DT,UPDATED_BY_USER_ID,IS_ENABLED,SIGNAL_HAS_ASSOC_REPORT) values (13,'Enterprise Rule List Violations','Enterprise Rule List Violations','ERLV',1,null,null,'Y',null);
Insert into CBP_SIGNAL_TYPE (SIGNAL_TYPE_ID,SIGNAL_TYPE_NAME,SIGNAL_TYPE_DESCRIPTION,SIGNAL_ABBR,MSA_ID,DISABLED_DT,UPDATED_BY_USER_ID,IS_ENABLED,SIGNAL_HAS_ASSOC_REPORT) values (14,'Project Rule List Violations','Project Rule List Violations','PRLV',1,null,null,'Y',null);
 --
Insert into CBP_SIGNAL_KEY_TYPE (SIGNAL_KEY_TYPE_ID,SIGNAL_KEY_TYPE_NAME) values (-1,'Dummy');
--
INSERT INTO cbp_asset_type (asset_type_id, asset_type_name, landing_page_disp_pos) VALUES (1, 'Tasks', 1);
INSERT INTO cbp_asset_type (asset_type_id, asset_type_name, landing_page_disp_pos) VALUES (2, 'Mappings', 2);
INSERT INTO cbp_asset_type (asset_type_id, asset_type_name, landing_page_disp_pos) VALUES (3, 'Mapplets', 3);
INSERT INTO cbp_asset_type (asset_type_id, asset_type_name, landing_page_disp_pos) VALUES (4, 'Taskflows', 4);
INSERT INTO cbp_asset_type (asset_type_id, asset_type_name, landing_page_disp_pos) VALUES (5, 'Components', 5);

INSERT INTO cbp_asset_type (ASSET_TYPE_ID,ASSET_TYPE_NAME,LANDING_PAGE_DISP_POS) values (6,'Query',5);
INSERT INTO cbp_asset_type (ASSET_TYPE_ID,ASSET_TYPE_NAME,LANDING_PAGE_DISP_POS) values (7,'Notebook',2);
INSERT INTO cbp_asset_type (ASSET_TYPE_ID,ASSET_TYPE_NAME,LANDING_PAGE_DISP_POS) values (8,'MLflow experiment',4);
INSERT INTO cbp_asset_type (ASSET_TYPE_ID,ASSET_TYPE_NAME,LANDING_PAGE_DISP_POS) values (9,'Library',3);
INSERT INTO cbp_asset_type (ASSET_TYPE_ID,ASSET_TYPE_NAME,LANDING_PAGE_DISP_POS) values (10,'Folder',1);
INSERT INTO cbp_asset_type (ASSET_TYPE_ID,ASSET_TYPE_NAME,LANDING_PAGE_DISP_POS) values (11,'Cluster',6);
INSERT INTO cbp_asset_type (ASSET_TYPE_ID,ASSET_TYPE_NAME,LANDING_PAGE_DISP_POS) values (12,'Pool',7);
INSERT INTO cbp_asset_type (ASSET_TYPE_ID,ASSET_TYPE_NAME,LANDING_PAGE_DISP_POS) values (13,'Policy',8);
INSERT INTO cbp_asset_type (ASSET_TYPE_ID,ASSET_TYPE_NAME,LANDING_PAGE_DISP_POS) values (14,'Global',9);

Insert into CBP_PRX_OBJECT_TYPE (PRX_OBJECT_TYPE_ID,PRX_OBJECT_TYPE_NAME,CBP_CODE_TYPE_ID,PRX_OBJECT_TYPE_IS_ENABLED, ASSET_TYPE_ID, IICS_TYPE) values (9001,'Mapping',3100,'Y', 2, 'DTEMPLATE');
Insert into CBP_PRX_OBJECT_TYPE (PRX_OBJECT_TYPE_ID,PRX_OBJECT_TYPE_NAME,CBP_CODE_TYPE_ID,PRX_OBJECT_TYPE_IS_ENABLED, ASSET_TYPE_ID, IICS_TYPE) values (9002,'Mapping Task',3100,'Y', 1, 'MTT');
Insert into CBP_PRX_OBJECT_TYPE (PRX_OBJECT_TYPE_ID,PRX_OBJECT_TYPE_NAME,CBP_CODE_TYPE_ID,PRX_OBJECT_TYPE_IS_ENABLED, ASSET_TYPE_ID, IICS_TYPE) values (9003,'Synchronization Task',3100,'Y', 1, 'DSS');
Insert into CBP_PRX_OBJECT_TYPE (PRX_OBJECT_TYPE_ID,PRX_OBJECT_TYPE_NAME,CBP_CODE_TYPE_ID,PRX_OBJECT_TYPE_IS_ENABLED, ASSET_TYPE_ID, IICS_TYPE) values (9004,'Masking Task',3100,'Y', 1, 'DMASK');
Insert into CBP_PRX_OBJECT_TYPE (PRX_OBJECT_TYPE_ID,PRX_OBJECT_TYPE_NAME,CBP_CODE_TYPE_ID,PRX_OBJECT_TYPE_IS_ENABLED, ASSET_TYPE_ID, IICS_TYPE) values (9005,'Replication Task',3100,'Y', 1, 'DRS');
Insert into CBP_PRX_OBJECT_TYPE (PRX_OBJECT_TYPE_ID,PRX_OBJECT_TYPE_NAME,CBP_CODE_TYPE_ID,PRX_OBJECT_TYPE_IS_ENABLED, ASSET_TYPE_ID, IICS_TYPE) values (9006,'Mapplet',3100,'Y', 3, 'DMAPPLET'); 
Insert into CBP_PRX_OBJECT_TYPE (PRX_OBJECT_TYPE_ID,PRX_OBJECT_TYPE_NAME,CBP_CODE_TYPE_ID,PRX_OBJECT_TYPE_IS_ENABLED, ASSET_TYPE_ID, IICS_TYPE) values (9007,'PowerCenter Task',3100,'Y', 1, 'PCS'); 
Insert into CBP_PRX_OBJECT_TYPE (PRX_OBJECT_TYPE_ID,PRX_OBJECT_TYPE_NAME,CBP_CODE_TYPE_ID,PRX_OBJECT_TYPE_IS_ENABLED, ASSET_TYPE_ID, IICS_TYPE) values (9008,'Linear Taskflow',3100,'Y', 4, 'WORKFLOW'); 
Insert into CBP_PRX_OBJECT_TYPE (PRX_OBJECT_TYPE_ID,PRX_OBJECT_TYPE_NAME,CBP_CODE_TYPE_ID,PRX_OBJECT_TYPE_IS_ENABLED, ASSET_TYPE_ID, IICS_TYPE) values (9009,'Taskflow',3100,'Y', 4, 'TASKFLOW'); 
Insert into CBP_PRX_OBJECT_TYPE (PRX_OBJECT_TYPE_ID,PRX_OBJECT_TYPE_NAME,CBP_CODE_TYPE_ID,PRX_OBJECT_TYPE_IS_ENABLED, ASSET_TYPE_ID, IICS_TYPE) values (9010,'Mass Ingestion Task',3100,'Y', 1, 'MI_TASK'); 
Insert into CBP_PRX_OBJECT_TYPE (PRX_OBJECT_TYPE_ID,PRX_OBJECT_TYPE_NAME,CBP_CODE_TYPE_ID,PRX_OBJECT_TYPE_IS_ENABLED) values (1111,'Mainframe Job',2,'Y');
Insert into CBP_PRX_OBJECT_TYPE (PRX_OBJECT_TYPE_ID,PRX_OBJECT_TYPE_NAME,CBP_CODE_TYPE_ID,PRX_OBJECT_TYPE_IS_ENABLED) values (2222,'Parallel Job',2,'Y');
Insert into CBP_PRX_OBJECT_TYPE (PRX_OBJECT_TYPE_ID,PRX_OBJECT_TYPE_NAME,CBP_CODE_TYPE_ID,PRX_OBJECT_TYPE_IS_ENABLED) values (3333,'Sequence Job',2,'Y');
Insert into CBP_PRX_OBJECT_TYPE (PRX_OBJECT_TYPE_ID,PRX_OBJECT_TYPE_NAME,CBP_CODE_TYPE_ID,PRX_OBJECT_TYPE_IS_ENABLED) values (4444,'Server Job',2,'Y');
Insert into CBP_PRX_OBJECT_TYPE (PRX_OBJECT_TYPE_ID,PRX_OBJECT_TYPE_NAME,CBP_CODE_TYPE_ID,PRX_OBJECT_TYPE_IS_ENABLED) values (5555,'Server Shared Containers',2,'Y');
Insert into CBP_PRX_OBJECT_TYPE (PRX_OBJECT_TYPE_ID,PRX_OBJECT_TYPE_NAME,CBP_CODE_TYPE_ID,PRX_OBJECT_TYPE_IS_ENABLED) values (6666,'Parallel Shared Containers',2,'Y'); 
Insert into CBP_PRX_OBJECT_TYPE (PRX_OBJECT_TYPE_ID,PRX_OBJECT_TYPE_NAME,CBP_CODE_TYPE_ID,PRX_OBJECT_TYPE_IS_ENABLED) values (7777,'Routines',2,'Y'); 
Insert into CBP_PRX_OBJECT_TYPE (PRX_OBJECT_TYPE_ID,PRX_OBJECT_TYPE_NAME,CBP_CODE_TYPE_ID,PRX_OBJECT_TYPE_IS_ENABLED) values (8888,'Parallel Routine',2,'Y');
Insert into CBP_PRX_OBJECT_TYPE (PRX_OBJECT_TYPE_ID,PRX_OBJECT_TYPE_NAME,CBP_CODE_TYPE_ID,PRX_OBJECT_TYPE_IS_ENABLED) values (9999,'Server Routine',2,'Y');

-- Talend was 9999 but now 10000
INSERT INTO CBP_PRX_OBJECT_TYPE (PRX_OBJECT_TYPE_ID, PRX_OBJECT_TYPE_NAME, CBP_CODE_TYPE_ID, PRX_OBJECT_TYPE_IS_ENABLED) VALUES (10000, 'Jobs', 1001, 'Y');

INSERT INTO CBP_PRX_OBJECT_TYPE (PRX_OBJECT_TYPE_ID,PRX_OBJECT_TYPE_NAME,CBP_CODE_TYPE_ID,PRX_OBJECT_TYPE_IS_ENABLED) values (1,'Workflow',1,'N');
INSERT INTO CBP_PRX_OBJECT_TYPE (PRX_OBJECT_TYPE_ID,PRX_OBJECT_TYPE_NAME,CBP_CODE_TYPE_ID,PRX_OBJECT_TYPE_IS_ENABLED) values (2,'Worklet',1,'N');
INSERT INTO CBP_PRX_OBJECT_TYPE (PRX_OBJECT_TYPE_ID,PRX_OBJECT_TYPE_NAME,CBP_CODE_TYPE_ID,PRX_OBJECT_TYPE_IS_ENABLED) values (3,'Session',1,'N');
INSERT INTO CBP_PRX_OBJECT_TYPE (PRX_OBJECT_TYPE_ID,PRX_OBJECT_TYPE_NAME,CBP_CODE_TYPE_ID,PRX_OBJECT_TYPE_IS_ENABLED) values (4,'Mapping',1,'Y');
INSERT INTO CBP_PRX_OBJECT_TYPE (PRX_OBJECT_TYPE_ID,PRX_OBJECT_TYPE_NAME,CBP_CODE_TYPE_ID,PRX_OBJECT_TYPE_IS_ENABLED) values (5,'Transformation',1,'Y');
INSERT INTO CBP_PRX_OBJECT_TYPE (PRX_OBJECT_TYPE_ID,PRX_OBJECT_TYPE_NAME,CBP_CODE_TYPE_ID,PRX_OBJECT_TYPE_IS_ENABLED) values (6,'Port',1,'Y');
INSERT INTO CBP_PRX_OBJECT_TYPE (PRX_OBJECT_TYPE_ID,PRX_OBJECT_TYPE_NAME,CBP_CODE_TYPE_ID,PRX_OBJECT_TYPE_IS_ENABLED) values (7,'Folder',1,'Y');
INSERT INTO CBP_PRX_OBJECT_TYPE (PRX_OBJECT_TYPE_ID,PRX_OBJECT_TYPE_NAME,CBP_CODE_TYPE_ID,PRX_OBJECT_TYPE_IS_ENABLED) values (8,'Mapplet',1,'Y');
INSERT INTO CBP_PRX_OBJECT_TYPE (PRX_OBJECT_TYPE_ID,PRX_OBJECT_TYPE_NAME,CBP_CODE_TYPE_ID,PRX_OBJECT_TYPE_IS_ENABLED) values (9,'DepGroup',1,'Y');
INSERT INTO CBP_PRX_OBJECT_TYPE (PRX_OBJECT_TYPE_ID,PRX_OBJECT_TYPE_NAME,CBP_CODE_TYPE_ID,PRX_OBJECT_TYPE_IS_ENABLED) values (10,'Label',1,'Y');
INSERT INTO CBP_PRX_OBJECT_TYPE (PRX_OBJECT_TYPE_ID,PRX_OBJECT_TYPE_NAME,CBP_CODE_TYPE_ID,PRX_OBJECT_TYPE_IS_ENABLED) values (11,'Workflow Full',1,'Y');

-- Oracle Data Integrator Object Types
Insert into CBP_PRX_OBJECT_TYPE (PRX_OBJECT_TYPE_ID,PRX_OBJECT_TYPE_NAME,CBP_CODE_TYPE_ID,PRX_OBJECT_TYPE_IS_ENABLED) values (111111,'Package',2,'N');
Insert into CBP_PRX_OBJECT_TYPE (PRX_OBJECT_TYPE_ID,PRX_OBJECT_TYPE_NAME,CBP_CODE_TYPE_ID,PRX_OBJECT_TYPE_IS_ENABLED) values (222222,'Mapping',2,'N');
Insert into CBP_PRX_OBJECT_TYPE (PRX_OBJECT_TYPE_ID,PRX_OBJECT_TYPE_NAME,CBP_CODE_TYPE_ID,PRX_OBJECT_TYPE_IS_ENABLED) values (333333,'Procedure',2,'N');
Insert into CBP_PRX_OBJECT_TYPE (PRX_OBJECT_TYPE_ID,PRX_OBJECT_TYPE_NAME,CBP_CODE_TYPE_ID,PRX_OBJECT_TYPE_IS_ENABLED) values (444444,'Knowledge Module',2,'Y');
Insert into CBP_PRX_OBJECT_TYPE (PRX_OBJECT_TYPE_ID,PRX_OBJECT_TYPE_NAME,CBP_CODE_TYPE_ID,PRX_OBJECT_TYPE_IS_ENABLED) values (555555,'Variable',2,'Y');
Insert into CBP_PRX_OBJECT_TYPE (PRX_OBJECT_TYPE_ID,PRX_OBJECT_TYPE_NAME,CBP_CODE_TYPE_ID,PRX_OBJECT_TYPE_IS_ENABLED) values (666666,'Sequence',2,'Y');
Insert into CBP_PRX_OBJECT_TYPE (PRX_OBJECT_TYPE_ID,PRX_OBJECT_TYPE_NAME,CBP_CODE_TYPE_ID,PRX_OBJECT_TYPE_IS_ENABLED) values (777777,'User Function',2,'Y');
Insert into CBP_PRX_OBJECT_TYPE (PRX_OBJECT_TYPE_ID,PRX_OBJECT_TYPE_NAME,CBP_CODE_TYPE_ID,PRX_OBJECT_TYPE_IS_ENABLED) values (888888,'Model',2,'Y');
Insert into CBP_PRX_OBJECT_TYPE (PRX_OBJECT_TYPE_ID,PRX_OBJECT_TYPE_NAME,CBP_CODE_TYPE_ID,PRX_OBJECT_TYPE_IS_ENABLED) values (999999,'Load Plan',2,'Y');
Insert into CBP_PRX_OBJECT_TYPE (PRX_OBJECT_TYPE_ID,PRX_OBJECT_TYPE_NAME,CBP_CODE_TYPE_ID,PRX_OBJECT_TYPE_IS_ENABLED) values (1000000,'Scenario',2,'Y');

-- AWS Glue Object Types
Insert into CBP_PRX_OBJECT_TYPE (PRX_OBJECT_TYPE_ID,PRX_OBJECT_TYPE_NAME,CBP_CODE_TYPE_ID,PRX_OBJECT_TYPE_IS_ENABLED) values (90000,'AWS Glue Job - Crawler',5100,'Y');
Insert into CBP_PRX_OBJECT_TYPE (PRX_OBJECT_TYPE_ID,PRX_OBJECT_TYPE_NAME,CBP_CODE_TYPE_ID,PRX_OBJECT_TYPE_IS_ENABLED) values (90001,'AWS Glue Job - Python',5100,'Y');
Insert into CBP_PRX_OBJECT_TYPE (PRX_OBJECT_TYPE_ID,PRX_OBJECT_TYPE_NAME,CBP_CODE_TYPE_ID,PRX_OBJECT_TYPE_IS_ENABLED) values (90002,'AWS Glue Job - Scala',5100,'Y');
Insert into CBP_PRX_OBJECT_TYPE (PRX_OBJECT_TYPE_ID,PRX_OBJECT_TYPE_NAME,CBP_CODE_TYPE_ID,PRX_OBJECT_TYPE_IS_ENABLED) values (90003,'AWS Glue Job - Python Script',5100,'Y');
Insert into CBP_PRX_OBJECT_TYPE (PRX_OBJECT_TYPE_ID,PRX_OBJECT_TYPE_NAME,CBP_CODE_TYPE_ID,PRX_OBJECT_TYPE_IS_ENABLED) values (90004,'AWS Glue Job - Scala Script',5100,'Y');
Insert into CBP_PRX_OBJECT_TYPE (PRX_OBJECT_TYPE_ID,PRX_OBJECT_TYPE_NAME,CBP_CODE_TYPE_ID,PRX_OBJECT_TYPE_IS_ENABLED) values (90005,'AWS Glue Job - Generic',5100,'Y');

-- ADF Object Types
Insert into CBP_PRX_OBJECT_TYPE (PRX_OBJECT_TYPE_ID,PRX_OBJECT_TYPE_NAME,CBP_CODE_TYPE_ID,PRX_OBJECT_TYPE_IS_ENABLED) values (90900,'ADF - Dataflow',6100,'Y');
Insert into CBP_PRX_OBJECT_TYPE (PRX_OBJECT_TYPE_ID,PRX_OBJECT_TYPE_NAME,CBP_CODE_TYPE_ID,PRX_OBJECT_TYPE_IS_ENABLED) values (90901,'ADF - Pipeline',6100,'Y');
Insert into CBP_PRX_OBJECT_TYPE (PRX_OBJECT_TYPE_ID,PRX_OBJECT_TYPE_NAME,CBP_CODE_TYPE_ID,PRX_OBJECT_TYPE_IS_ENABLED) values (90902,'ADF - Linked Service',6100,'Y');
Insert into CBP_PRX_OBJECT_TYPE (PRX_OBJECT_TYPE_ID,PRX_OBJECT_TYPE_NAME,CBP_CODE_TYPE_ID,PRX_OBJECT_TYPE_IS_ENABLED) values (90903,'ADF - Trigger',6100,'Y');
Insert into CBP_PRX_OBJECT_TYPE (PRX_OBJECT_TYPE_ID,PRX_OBJECT_TYPE_NAME,CBP_CODE_TYPE_ID,PRX_OBJECT_TYPE_IS_ENABLED) values (90904,'ADF - Integration runtime',6100,'Y');
Insert into CBP_PRX_OBJECT_TYPE (PRX_OBJECT_TYPE_ID,PRX_OBJECT_TYPE_NAME,CBP_CODE_TYPE_ID,PRX_OBJECT_TYPE_IS_ENABLED) values (90905,'ADF - Dataflow Library',6100,'Y');
Insert into CBP_PRX_OBJECT_TYPE (PRX_OBJECT_TYPE_ID,PRX_OBJECT_TYPE_NAME,CBP_CODE_TYPE_ID,PRX_OBJECT_TYPE_IS_ENABLED) values (90906,'ADF - Power Query',6100,'Y');

-- PySpark Object Types
Insert into CBP_PRX_OBJECT_TYPE (PRX_OBJECT_TYPE_ID,PRX_OBJECT_TYPE_NAME,CBP_CODE_TYPE_ID,PRX_OBJECT_TYPE_IS_ENABLED) values (90910,'PySpark Script',7100,'Y');

-- Boomi Object Types
--Insert into CBP_PRX_OBJECT_TYPE (PRX_OBJECT_TYPE_ID,PRX_OBJECT_TYPE_NAME,CBP_CODE_TYPE_ID,PRX_OBJECT_TYPE_IS_ENABLED) values (90931,'Cross Reference Table',9100,'Y');
--Insert into CBP_PRX_OBJECT_TYPE (PRX_OBJECT_TYPE_ID,PRX_OBJECT_TYPE_NAME,CBP_CODE_TYPE_ID,PRX_OBJECT_TYPE_IS_ENABLED) values (90932,'Database Profile',9100,'Y');
--Insert into CBP_PRX_OBJECT_TYPE (PRX_OBJECT_TYPE_ID,PRX_OBJECT_TYPE_NAME,CBP_CODE_TYPE_ID,PRX_OBJECT_TYPE_IS_ENABLED) values (90933,'Flat File Profile',9100,'Y');
--Insert into CBP_PRX_OBJECT_TYPE (PRX_OBJECT_TYPE_ID,PRX_OBJECT_TYPE_NAME,CBP_CODE_TYPE_ID,PRX_OBJECT_TYPE_IS_ENABLED) values (90934,'JSON Profile',9100,'Y');
--Insert into CBP_PRX_OBJECT_TYPE (PRX_OBJECT_TYPE_ID,PRX_OBJECT_TYPE_NAME,CBP_CODE_TYPE_ID,PRX_OBJECT_TYPE_IS_ENABLED) values (90935,'Map Function',9100,'Y');
--Insert into CBP_PRX_OBJECT_TYPE (PRX_OBJECT_TYPE_ID,PRX_OBJECT_TYPE_NAME,CBP_CODE_TYPE_ID,PRX_OBJECT_TYPE_IS_ENABLED) values (90936,'Map Script',9100,'Y');
--Insert into CBP_PRX_OBJECT_TYPE (PRX_OBJECT_TYPE_ID,PRX_OBJECT_TYPE_NAME,CBP_CODE_TYPE_ID,PRX_OBJECT_TYPE_IS_ENABLED) values (90937,'Map',9100,'Y');
--Insert into CBP_PRX_OBJECT_TYPE (PRX_OBJECT_TYPE_ID,PRX_OBJECT_TYPE_NAME,CBP_CODE_TYPE_ID,PRX_OBJECT_TYPE_IS_ENABLED) values (90938,'Process Script',9100,'Y');
--Insert into CBP_PRX_OBJECT_TYPE (PRX_OBJECT_TYPE_ID,PRX_OBJECT_TYPE_NAME,CBP_CODE_TYPE_ID,PRX_OBJECT_TYPE_IS_ENABLED) values (90939,'Process',9100,'Y');
--Insert into CBP_PRX_OBJECT_TYPE (PRX_OBJECT_TYPE_ID,PRX_OBJECT_TYPE_NAME,CBP_CODE_TYPE_ID,PRX_OBJECT_TYPE_IS_ENABLED) values (90940,'XML Profile',9100,'Y');
--Insert into CBP_PRX_OBJECT_TYPE (PRX_OBJECT_TYPE_ID,PRX_OBJECT_TYPE_NAME,CBP_CODE_TYPE_ID,PRX_OBJECT_TYPE_IS_ENABLED) values (90941,'Packaged Component',9100,'Y');

Insert into CBP_PRX_OBJECT_TYPE (PRX_OBJECT_TYPE_ID,PRX_OBJECT_TYPE_NAME,CBP_CODE_TYPE_ID,PRX_OBJECT_TYPE_IS_ENABLED,ASSET_TYPE_ID,IICS_TYPE) values (90931,'Cross Reference Tables',9100,'Y',null,'crossref');
Insert into CBP_PRX_OBJECT_TYPE (PRX_OBJECT_TYPE_ID,PRX_OBJECT_TYPE_NAME,CBP_CODE_TYPE_ID,PRX_OBJECT_TYPE_IS_ENABLED,ASSET_TYPE_ID,IICS_TYPE) values (90932,'Database Profiles',9100,'Y',null,'profile.db');
Insert into CBP_PRX_OBJECT_TYPE (PRX_OBJECT_TYPE_ID,PRX_OBJECT_TYPE_NAME,CBP_CODE_TYPE_ID,PRX_OBJECT_TYPE_IS_ENABLED,ASSET_TYPE_ID,IICS_TYPE) values (90933,'Flat File Profiles',9100,'Y',null,'profile.flatfile');
Insert into CBP_PRX_OBJECT_TYPE (PRX_OBJECT_TYPE_ID,PRX_OBJECT_TYPE_NAME,CBP_CODE_TYPE_ID,PRX_OBJECT_TYPE_IS_ENABLED,ASSET_TYPE_ID,IICS_TYPE) values (90934,'JSON Profiles',9100,'Y',null,'profile.json');
Insert into CBP_PRX_OBJECT_TYPE (PRX_OBJECT_TYPE_ID,PRX_OBJECT_TYPE_NAME,CBP_CODE_TYPE_ID,PRX_OBJECT_TYPE_IS_ENABLED,ASSET_TYPE_ID,IICS_TYPE) values (90935,'Map Functions',9100,'Y',null,'transform.function');
Insert into CBP_PRX_OBJECT_TYPE (PRX_OBJECT_TYPE_ID,PRX_OBJECT_TYPE_NAME,CBP_CODE_TYPE_ID,PRX_OBJECT_TYPE_IS_ENABLED,ASSET_TYPE_ID,IICS_TYPE) values (90936,'Map Scripts',9100,'Y',null,'script.mapping');
Insert into CBP_PRX_OBJECT_TYPE (PRX_OBJECT_TYPE_ID,PRX_OBJECT_TYPE_NAME,CBP_CODE_TYPE_ID,PRX_OBJECT_TYPE_IS_ENABLED,ASSET_TYPE_ID,IICS_TYPE) values (90937,'Maps',9100,'Y',null,'transform.map');
Insert into CBP_PRX_OBJECT_TYPE (PRX_OBJECT_TYPE_ID,PRX_OBJECT_TYPE_NAME,CBP_CODE_TYPE_ID,PRX_OBJECT_TYPE_IS_ENABLED,ASSET_TYPE_ID,IICS_TYPE) values (90938,'Process Scripts',9100,'Y',null,'script.processing');
Insert into CBP_PRX_OBJECT_TYPE (PRX_OBJECT_TYPE_ID,PRX_OBJECT_TYPE_NAME,CBP_CODE_TYPE_ID,PRX_OBJECT_TYPE_IS_ENABLED,ASSET_TYPE_ID,IICS_TYPE) values (90939,'Processes',9100,'Y',null,'process');
Insert into CBP_PRX_OBJECT_TYPE (PRX_OBJECT_TYPE_ID,PRX_OBJECT_TYPE_NAME,CBP_CODE_TYPE_ID,PRX_OBJECT_TYPE_IS_ENABLED,ASSET_TYPE_ID,IICS_TYPE) values (90940,'XML Profiles',9100,'Y',null,'profile.xml');
Insert into CBP_PRX_OBJECT_TYPE (PRX_OBJECT_TYPE_ID,PRX_OBJECT_TYPE_NAME,CBP_CODE_TYPE_ID,PRX_OBJECT_TYPE_IS_ENABLED,ASSET_TYPE_ID,IICS_TYPE) values (90941,'Connectors',9100,'Y',null,null);

-- DBT Object Types
Insert into CBP_PRX_OBJECT_TYPE (PRX_OBJECT_TYPE_ID,PRX_OBJECT_TYPE_NAME,CBP_CODE_TYPE_ID,PRX_OBJECT_TYPE_IS_ENABLED) values (90801,'DBT - Model',8200,'Y');
Insert into CBP_PRX_OBJECT_TYPE (PRX_OBJECT_TYPE_ID,PRX_OBJECT_TYPE_NAME,CBP_CODE_TYPE_ID,PRX_OBJECT_TYPE_IS_ENABLED) values (90802,'DBT - Macro',8200,'Y');

-- SSIS Object Type
Insert into CBP_PRX_OBJECT_TYPE (PRX_OBJECT_TYPE_ID,PRX_OBJECT_TYPE_NAME,CBP_CODE_TYPE_ID,PRX_OBJECT_TYPE_IS_ENABLED) values (90921,'SSIS - Package',8100,'Y');

-- Azure Databricks Object Type
Insert into CBP_PRX_OBJECT_TYPE (PRX_OBJECT_TYPE_ID,PRX_OBJECT_TYPE_NAME,CBP_CODE_TYPE_ID,PRX_OBJECT_TYPE_IS_ENABLED,ASSET_TYPE_ID,IICS_TYPE) values (90951,'Notebook',2100,'Y',7,'NOTEBOOK');
Insert into CBP_PRX_OBJECT_TYPE (PRX_OBJECT_TYPE_ID,PRX_OBJECT_TYPE_NAME,CBP_CODE_TYPE_ID,PRX_OBJECT_TYPE_IS_ENABLED,ASSET_TYPE_ID,IICS_TYPE) values (90952,'Library',2100,'Y',9,'LIBRARY');
Insert into CBP_PRX_OBJECT_TYPE (PRX_OBJECT_TYPE_ID,PRX_OBJECT_TYPE_NAME,CBP_CODE_TYPE_ID,PRX_OBJECT_TYPE_IS_ENABLED,ASSET_TYPE_ID,IICS_TYPE) values (90953,'Query',2100,'Y',6, NULL);
Insert into CBP_PRX_OBJECT_TYPE (PRX_OBJECT_TYPE_ID,PRX_OBJECT_TYPE_NAME,CBP_CODE_TYPE_ID,PRX_OBJECT_TYPE_IS_ENABLED,ASSET_TYPE_ID,IICS_TYPE) values (90954,'MLflow experiment',2100,'Y',8,'MLFLOW_EXPERIMENT');
Insert into CBP_PRX_OBJECT_TYPE (PRX_OBJECT_TYPE_ID,PRX_OBJECT_TYPE_NAME,CBP_CODE_TYPE_ID,PRX_OBJECT_TYPE_IS_ENABLED,ASSET_TYPE_ID,IICS_TYPE) values (90955,'Folder',2100,'Y',10,'DIRECTORY');
Insert into CBP_PRX_OBJECT_TYPE (PRX_OBJECT_TYPE_ID,PRX_OBJECT_TYPE_NAME,CBP_CODE_TYPE_ID,PRX_OBJECT_TYPE_IS_ENABLED,ASSET_TYPE_ID,IICS_TYPE) values (90956,'Cluster',2100,'Y',11,'Cluster');
Insert into CBP_PRX_OBJECT_TYPE (PRX_OBJECT_TYPE_ID,PRX_OBJECT_TYPE_NAME,CBP_CODE_TYPE_ID,PRX_OBJECT_TYPE_IS_ENABLED,ASSET_TYPE_ID,IICS_TYPE) values (90957,'Pool',2100,'Y',12,'Pool');
Insert into CBP_PRX_OBJECT_TYPE (PRX_OBJECT_TYPE_ID,PRX_OBJECT_TYPE_NAME,CBP_CODE_TYPE_ID,PRX_OBJECT_TYPE_IS_ENABLED,ASSET_TYPE_ID,IICS_TYPE) values (90958,'Policy',2100,'Y',13,'Policy');
Insert into CBP_PRX_OBJECT_TYPE (PRX_OBJECT_TYPE_ID,PRX_OBJECT_TYPE_NAME,CBP_CODE_TYPE_ID,PRX_OBJECT_TYPE_IS_ENABLED,ASSET_TYPE_ID,IICS_TYPE) values (90959,'Global',2100,'Y',14,'Global');

INSERT INTO CBP_PROPERTY_GROUP (CBP_PROPERTY_GROUP_ID,CBP_PROPERTY_GROUP_NAME) values (1000,'User Security');
INSERT INTO CBP_PROPERTY_GROUP (CBP_PROPERTY_GROUP_ID,CBP_PROPERTY_GROUP_NAME) values (2000,'Performance Windows');
INSERT INTO CBP_PROPERTY_GROUP (CBP_PROPERTY_GROUP_ID,CBP_PROPERTY_GROUP_NAME) values (3000,'Pre-Grouped Selection Approval Retention');
INSERT INTO CBP_PROPERTY_GROUP (CBP_PROPERTY_GROUP_ID,CBP_PROPERTY_GROUP_NAME) values (4000,'Report Retention Period');

INSERT INTO CBP_MISC_PROPERTY (CBP_MISC_PROPERTY_ID,CBP_PROPERTY_GROUP_ID,CBP_MISC_PROPERTY_NAME,CBP_MISC_PROPERTY_VALUE,CBP_MISC_PROPERTY_VALUE_SITE,CBP_MISC_PROPERTY_DATA_TYPE) values (1,2000,'Repository Throughput Window Duration','30',null,'NUMBER');
INSERT INTO CBP_MISC_PROPERTY (CBP_MISC_PROPERTY_ID,CBP_PROPERTY_GROUP_ID,CBP_MISC_PROPERTY_NAME,CBP_MISC_PROPERTY_VALUE,CBP_MISC_PROPERTY_VALUE_SITE,CBP_MISC_PROPERTY_DATA_TYPE) values (1,3000,'Retain Label Approval on Version Changes','N','Y','STRING');
INSERT INTO CBP_MISC_PROPERTY (CBP_MISC_PROPERTY_ID,CBP_PROPERTY_GROUP_ID,CBP_MISC_PROPERTY_NAME,CBP_MISC_PROPERTY_VALUE,CBP_MISC_PROPERTY_VALUE_SITE,CBP_MISC_PROPERTY_DATA_TYPE) values (1,4000,'Reports Retention Duration (Days)','2000',null,'NUMBER');


INSERT INTO cbp_property_group (cbp_property_group_id,cbp_property_group_name) VALUES (9191,'Legacy Marker');
INSERT INTO cbp_misc_property (cbp_misc_property_id, cbp_property_group_id, cbp_misc_property_name, cbp_misc_property_value, cbp_misc_property_value_site, cbp_misc_property_data_type) VALUES (1, 9191, 'Legacy Date Marker (Standard objects)', 1, 1, 'NUMBER');
INSERT INTO cbp_misc_property (cbp_misc_property_id, cbp_property_group_id, cbp_misc_property_name, cbp_misc_property_value, cbp_misc_property_value_site, cbp_misc_property_data_type) VALUES (2, 9191, 'Legacy Date Marker (non-Standard objects)', 1, 1, 'NUMBER');

-- Review History Management
INSERT INTO cbp_property_group (cbp_property_group_id,cbp_property_group_name) VALUES (9192,'Review Auditing');
INSERT INTO cbp_misc_property (cbp_misc_property_id, cbp_property_group_id, cbp_misc_property_name, cbp_misc_property_value, cbp_misc_property_value_site, cbp_misc_property_data_type) VALUES (1, 9192, 'Enable Review Statistics', 0, 0, 'NUMBER');
INSERT INTO cbp_misc_property (cbp_misc_property_id, cbp_property_group_id, cbp_misc_property_name, cbp_misc_property_value, cbp_misc_property_value_site, cbp_misc_property_data_type) VALUES (2, 9192, 'Review Audit History Retention Period', 60, 60, 'NUMBER');

-- Schedule flag
INSERT INTO cbp_property_group (cbp_property_group_id,cbp_property_group_name) VALUES (5000,'Job Scheduler');
INSERT INTO cbp_misc_property (cbp_misc_property_id, cbp_property_group_id, cbp_misc_property_name, cbp_misc_property_value, cbp_misc_property_value_site, cbp_misc_property_data_type) VALUES (1, 5000, 'Enable Job Scheduler', 'N', 'N', 'STRING');

-- Version Info
INSERT INTO CBP_PROPERTY_GROUP (CBP_PROPERTY_GROUP_ID, CBP_PROPERTY_GROUP_NAME) VALUES ('1011', 'VersionInfo');
INSERT INTO CBP_MISC_PROPERTY (CBP_MISC_PROPERTY_ID, CBP_PROPERTY_GROUP_ID, CBP_MISC_PROPERTY_NAME, CBP_MISC_PROPERTY_VALUE, CBP_MISC_PROPERTY_VALUE_SITE, CBP_MISC_PROPERTY_DATA_TYPE) VALUES ('4', '1011', 'Enable Version', '0', '1', 'NUMBER');

INSERT INTO cbp_odi_folder_type(cbp_odi_folder_type_id,cbp_odi_folder_type_name) VALUES (1,'NORMAL');
INSERT INTO cbp_odi_folder_type(cbp_odi_folder_type_id,cbp_odi_folder_type_name) VALUES (2,'MODEL');
INSERT INTO cbp_odi_folder_type(cbp_odi_folder_type_id,cbp_odi_folder_type_name) VALUES (3,'LPANDSCEN');

INSERT INTO cbp_job_type (job_type_id, job_type_name) VALUES (10, 'Purge Historic Reports');
INSERT INTO cbp_job_type (job_type_id, job_type_name) VALUES (20, 'Purge Historic Review Statistics');
INSERT INTO cbp_job_type (job_type_id, job_type_name) VALUES (30, 'Validate Label Approvals');
INSERT INTO cbp_job_type (job_type_id, job_type_name) VALUES (40, 'Review Objects');

-- This is for the automated test runs using the Quartz Scheduler
INSERT INTO cbp_job_type (job_type_id, job_type_name) VALUES (50, 'IPC Automated Tests');

  
INSERT INTO cbp_job_parameter (job_parameter_id, job_parameter_name, job_parameter_datatype, job_type_id) VALUES (101, 'Reports Retention Period', 'NUMBER', 10 );
INSERT INTO cbp_job_parameter (job_parameter_id, job_parameter_name, job_parameter_datatype, job_type_id) VALUES (201, 'Review Statistics Retention Period', 'NUMBER', 20);
INSERT INTO cbp_job_parameter (job_parameter_id, job_parameter_name, job_parameter_datatype, job_type_id) values (301,'Label Validation Duration','NUMBER',30);
INSERT INTO cbp_job_parameter (job_parameter_id, job_parameter_name, job_parameter_datatype, job_type_id) VALUES (401, 'Review Object RuleList', 'STRING', 40);
INSERT INTO cbp_job_parameter (job_parameter_id, job_parameter_name, job_parameter_datatype, job_type_id) VALUES (900, 'Send Notification on Successful Run', 'STRING', null);
INSERT INTO cbp_job_parameter (job_parameter_id, job_parameter_name, job_parameter_datatype, job_type_id) VALUES (901, 'Send Notification on Failed Run', 'STRING', null);
INSERT INTO cbp_job_parameter (job_parameter_id, job_parameter_name, job_parameter_datatype, job_type_id) VALUES (501, 'Repository Name', 'STRING', 50);
INSERT INTO cbp_job_parameter (job_parameter_id, job_parameter_name, job_parameter_datatype, job_type_id) VALUES (502, 'Test Type', 'STRING', 50);

INSERT INTO cbp_waiver_type (waiver_type_id, waiver_type_name, default_duration, site_duration, is_permanent) VALUES (1, 'Default Duration', 7, null, 'N');
INSERT INTO cbp_waiver_type (waiver_type_id, waiver_type_name, default_duration, site_duration, is_permanent) VALUES (2, 'Short Term', 30, null, 'N');
INSERT INTO cbp_waiver_type (waiver_type_id, waiver_type_name, default_duration, site_duration, is_permanent) VALUES (3, 'Medium Term', 60, null, 'N');
INSERT INTO cbp_waiver_type (waiver_type_id, waiver_type_name, default_duration, site_duration, is_permanent) VALUES (4, 'Permanent', 0, null, 'Y');

/*
INSERT INTO cbp_nr_db_type (nr_db_type_id, nr_db_type_name, nr_db_version, nr_db_type_code, nr_version_type_code) VALUES (10, 'ORACLE', '*', 'ORA', '*');
INSERT INTO cbp_nr_db_type (nr_db_type_id, nr_db_type_name, nr_db_version, nr_db_type_code, nr_version_type_code) VALUES (20, 'SQLSERVER', '*', 'SQL', '*');
INSERT INTO cbp_nr_db_type (nr_db_type_id, nr_db_type_name, nr_db_version, nr_db_type_code, nr_version_type_code) VALUES (30, 'TERADATA', '*', 'TRA', '*');
INSERT INTO cbp_nr_db_type (nr_db_type_id, nr_db_type_name, nr_db_version, nr_db_type_code, nr_version_type_code) VALUES (40,'MYSQL','*','MSQ','*');
*/

INSERT INTO CBP_CMD_TYPE (cmd_type_id, cmd_type_name) VALUES (11, 'DSODB Command');
INSERT INTO CBP_CMD_TYPE (cmd_type_id, cmd_type_name) VALUES (12, 'SSH Command');

UPDATE cbp_signal_type SET signal_type_name = 'Workspace Rule List Review'     WHERE signal_type_id = 12;   
UPDATE cbp_signal_type SET signal_type_name = 'Workspace Rule List Violations' WHERE signal_type_id = 14;  

INSERT INTO CBP_SQL_KPI (SQL_KPI_ID,SQL_KPI_DESC) values (1,'Number of Tables Used in a Query');
INSERT INTO CBP_SQL_KPI (SQL_KPI_ID,SQL_KPI_DESC) values (2,'Number of Joins in the Query');
INSERT INTO CBP_SQL_KPI (SQL_KPI_ID,SQL_KPI_DESC) values (3,'Number of In-line Views in the Query');
INSERT INTO CBP_SQL_KPI (SQL_KPI_ID,SQL_KPI_DESC) values (4,'Number of Columns in the Order By Clauses in the Query');
INSERT INTO CBP_SQL_KPI (SQL_KPI_ID,SQL_KPI_DESC) values (5,'Number of Order By Clauses in the Query');
INSERT INTO CBP_SQL_KPI (SQL_KPI_ID,SQL_KPI_DESC) values (6,'List of Tables in the Query');
INSERT INTO CBP_SQL_KPI (SQL_KPI_ID,SQL_KPI_DESC) values (7,'List of Table, Columns in the Query');
INSERT INTO CBP_SQL_KPI (SQL_KPI_ID,SQL_KPI_DESC) values (8,'List of Join Conditions in the Query');
INSERT INTO CBP_SQL_KPI (SQL_KPI_ID,SQL_KPI_DESC) values (9,'List of Schema Names Used in the Query');
INSERT INTO CBP_SQL_KPI (SQL_KPI_ID,SQL_KPI_DESC) values (10,'List of Sensitive Columns in the SELECT Clause in the Query');
INSERT INTO CBP_SQL_KPI (SQL_KPI_ID,SQL_KPI_DESC) values (11,'Hard-coded Numeric Value in the Where Clause');
INSERT INTO CBP_SQL_KPI (SQL_KPI_ID,SQL_KPI_DESC) values (12,'Hard-coded String Value in the Where Clause');
INSERT INTO CBP_SQL_KPI (SQL_KPI_ID,SQL_KPI_DESC) values (13,'Syntax Errors in the SQL');
INSERT INTO CBP_SQL_KPI (SQL_KPI_ID,SQL_KPI_DESC) values (14,'Hard-coded Schema used in SQL Override');
INSERT INTO CBP_SQL_KPI (SQL_KPI_ID,SQL_KPI_DESC) values (15,'Operations Performed in the SQL');
INSERT INTO CBP_SQL_KPI (SQL_KPI_ID,SQL_KPI_DESC) values (16,'Disallowed SQL Operations');
INSERT INTO CBP_SQL_KPI (SQL_KPI_ID,SQL_KPI_DESC) values (17,'Lookup does not use the Table on which the Lookup is Based in the SQL Override');
INSERT INTO CBP_SQL_KPI (SQL_KPI_ID,SQL_KPI_DESC) values (18,'Heterogeneous Source Definitions linked to the same Source Qualifier');
INSERT INTO CBP_SQL_KPI (SQL_KPI_ID,SQL_KPI_DESC) values (19,'Tables Linked to the Source Qualifier but not used inside the SQL Override');
INSERT INTO CBP_SQL_KPI (SQL_KPI_ID,SQL_KPI_DESC) values (20,'Tables Not-Linked to the Source Qualifier but used inside the SQL Override');

INSERT INTO CBP_OPB_OBJECT_TYPE (OBJECT_TYPE_ID,OBJECT_TYPE_NAME) values (1,'Source Definition');
INSERT INTO CBP_OPB_OBJECT_TYPE (OBJECT_TYPE_ID,OBJECT_TYPE_NAME) values (2,'Target Definition');
INSERT INTO CBP_OPB_OBJECT_TYPE (OBJECT_TYPE_ID,OBJECT_TYPE_NAME) values (3,'Source Qualifier');
INSERT INTO CBP_OPB_OBJECT_TYPE (OBJECT_TYPE_ID,OBJECT_TYPE_NAME) values (4,'Update Strategy');
INSERT INTO CBP_OPB_OBJECT_TYPE (OBJECT_TYPE_ID,OBJECT_TYPE_NAME) values (5,'Expression');
INSERT INTO CBP_OPB_OBJECT_TYPE (OBJECT_TYPE_ID,OBJECT_TYPE_NAME) values (6,'Stored Procedure');
INSERT INTO CBP_OPB_OBJECT_TYPE (OBJECT_TYPE_ID,OBJECT_TYPE_NAME) values (7,'Sequence');
INSERT INTO CBP_OPB_OBJECT_TYPE (OBJECT_TYPE_ID,OBJECT_TYPE_NAME) values (8,'External Procedure');
INSERT INTO CBP_OPB_OBJECT_TYPE (OBJECT_TYPE_ID,OBJECT_TYPE_NAME) values (9,'Aggregator');
INSERT INTO CBP_OPB_OBJECT_TYPE (OBJECT_TYPE_ID,OBJECT_TYPE_NAME) values (10,'Filter');
INSERT INTO CBP_OPB_OBJECT_TYPE (OBJECT_TYPE_ID,OBJECT_TYPE_NAME) values (11,'Lookup Procedure');
INSERT INTO CBP_OPB_OBJECT_TYPE (OBJECT_TYPE_ID,OBJECT_TYPE_NAME) values (12,'Joiner');
INSERT INTO CBP_OPB_OBJECT_TYPE (OBJECT_TYPE_ID,OBJECT_TYPE_NAME) values (13,'Procedure');
INSERT INTO CBP_OPB_OBJECT_TYPE (OBJECT_TYPE_ID,OBJECT_TYPE_NAME) values (14,'Normalizer');
INSERT INTO CBP_OPB_OBJECT_TYPE (OBJECT_TYPE_ID,OBJECT_TYPE_NAME) values (16,'Merger');
INSERT INTO CBP_OPB_OBJECT_TYPE (OBJECT_TYPE_ID,OBJECT_TYPE_NAME) values (17,'Pivot');
INSERT INTO CBP_OPB_OBJECT_TYPE (OBJECT_TYPE_ID,OBJECT_TYPE_NAME) values (18,'Session Obsolete');
INSERT INTO CBP_OPB_OBJECT_TYPE (OBJECT_TYPE_ID,OBJECT_TYPE_NAME) values (19,'Batch');
INSERT INTO CBP_OPB_OBJECT_TYPE (OBJECT_TYPE_ID,OBJECT_TYPE_NAME) values (20,'Shortcut');
INSERT INTO CBP_OPB_OBJECT_TYPE (OBJECT_TYPE_ID,OBJECT_TYPE_NAME) values (21,'Mapping');
INSERT INTO CBP_OPB_OBJECT_TYPE (OBJECT_TYPE_ID,OBJECT_TYPE_NAME) values (26,'Rank');
INSERT INTO CBP_OPB_OBJECT_TYPE (OBJECT_TYPE_ID,OBJECT_TYPE_NAME) values (27,'Star Schema');
INSERT INTO CBP_OPB_OBJECT_TYPE (OBJECT_TYPE_ID,OBJECT_TYPE_NAME) values (28,'Folder Version');
INSERT INTO CBP_OPB_OBJECT_TYPE (OBJECT_TYPE_ID,OBJECT_TYPE_NAME) values (29,'Folder');
INSERT INTO CBP_OPB_OBJECT_TYPE (OBJECT_TYPE_ID,OBJECT_TYPE_NAME) values (30,'Cube');
INSERT INTO CBP_OPB_OBJECT_TYPE (OBJECT_TYPE_ID,OBJECT_TYPE_NAME) values (31,'Dimension');
INSERT INTO CBP_OPB_OBJECT_TYPE (OBJECT_TYPE_ID,OBJECT_TYPE_NAME) values (32,'Level');
INSERT INTO CBP_OPB_OBJECT_TYPE (OBJECT_TYPE_ID,OBJECT_TYPE_NAME) values (33,'Hierarchy');
INSERT INTO CBP_OPB_OBJECT_TYPE (OBJECT_TYPE_ID,OBJECT_TYPE_NAME) values (34,'Fact Table');
INSERT INTO CBP_OPB_OBJECT_TYPE (OBJECT_TYPE_ID,OBJECT_TYPE_NAME) values (35,'General Object');
INSERT INTO CBP_OPB_OBJECT_TYPE (OBJECT_TYPE_ID,OBJECT_TYPE_NAME) values (36,'FTP Object');
INSERT INTO CBP_OPB_OBJECT_TYPE (OBJECT_TYPE_ID,OBJECT_TYPE_NAME) values (37,'Oracle External Loader Object');
INSERT INTO CBP_OPB_OBJECT_TYPE (OBJECT_TYPE_ID,OBJECT_TYPE_NAME) values (38,'Informix External Loader Object');
INSERT INTO CBP_OPB_OBJECT_TYPE (OBJECT_TYPE_ID,OBJECT_TYPE_NAME) values (39,'Sybase IQ External Loader Object');
INSERT INTO CBP_OPB_OBJECT_TYPE (OBJECT_TYPE_ID,OBJECT_TYPE_NAME) values (54,'Sybase IQ 12 External Loader Object');
INSERT INTO CBP_OPB_OBJECT_TYPE (OBJECT_TYPE_ID,OBJECT_TYPE_NAME) values (53,'Tera Data External Loader Object');
INSERT INTO CBP_OPB_OBJECT_TYPE (OBJECT_TYPE_ID,OBJECT_TYPE_NAME) values (40,'File Object');
INSERT INTO CBP_OPB_OBJECT_TYPE (OBJECT_TYPE_ID,OBJECT_TYPE_NAME) values (41,'Server Object');
INSERT INTO CBP_OPB_OBJECT_TYPE (OBJECT_TYPE_ID,OBJECT_TYPE_NAME) values (42,'Database Object');
INSERT INTO CBP_OPB_OBJECT_TYPE (OBJECT_TYPE_ID,OBJECT_TYPE_NAME) values (43,'Repository');
INSERT INTO CBP_OPB_OBJECT_TYPE (OBJECT_TYPE_ID,OBJECT_TYPE_NAME) values (44,'Mapplet');
INSERT INTO CBP_OPB_OBJECT_TYPE (OBJECT_TYPE_ID,OBJECT_TYPE_NAME) values (45,'Application Source Qualifier');
INSERT INTO CBP_OPB_OBJECT_TYPE (OBJECT_TYPE_ID,OBJECT_TYPE_NAME) values (46,'Input Transformation');
INSERT INTO CBP_OPB_OBJECT_TYPE (OBJECT_TYPE_ID,OBJECT_TYPE_NAME) values (47,'Output Transformation');
INSERT INTO CBP_OPB_OBJECT_TYPE (OBJECT_TYPE_ID,OBJECT_TYPE_NAME) values (50,'Advanced External Procedure');
INSERT INTO CBP_OPB_OBJECT_TYPE (OBJECT_TYPE_ID,OBJECT_TYPE_NAME) values (48,'Business Component Framework');
INSERT INTO CBP_OPB_OBJECT_TYPE (OBJECT_TYPE_ID,OBJECT_TYPE_NAME) values (49,'Business Component');
INSERT INTO CBP_OPB_OBJECT_TYPE (OBJECT_TYPE_ID,OBJECT_TYPE_NAME) values (51,'SAP Structure');
INSERT INTO CBP_OPB_OBJECT_TYPE (OBJECT_TYPE_ID,OBJECT_TYPE_NAME) values (52,'SAP Function');
INSERT INTO CBP_OPB_OBJECT_TYPE (OBJECT_TYPE_ID,OBJECT_TYPE_NAME) values (15,'Router');
INSERT INTO CBP_OPB_OBJECT_TYPE (OBJECT_TYPE_ID,OBJECT_TYPE_NAME) values (55,'XML Source Qualifier');
INSERT INTO CBP_OPB_OBJECT_TYPE (OBJECT_TYPE_ID,OBJECT_TYPE_NAME) values (56,'MQ Source Qualifier');
INSERT INTO CBP_OPB_OBJECT_TYPE (OBJECT_TYPE_ID,OBJECT_TYPE_NAME) values (57,'MQ Connection Object');
INSERT INTO CBP_OPB_OBJECT_TYPE (OBJECT_TYPE_ID,OBJECT_TYPE_NAME) values (58,'Command');
INSERT INTO CBP_OPB_OBJECT_TYPE (OBJECT_TYPE_ID,OBJECT_TYPE_NAME) values (59,'Decision');
INSERT INTO CBP_OPB_OBJECT_TYPE (OBJECT_TYPE_ID,OBJECT_TYPE_NAME) values (60,'Event Wait');
INSERT INTO CBP_OPB_OBJECT_TYPE (OBJECT_TYPE_ID,OBJECT_TYPE_NAME) values (61,'Event Raise');
INSERT INTO CBP_OPB_OBJECT_TYPE (OBJECT_TYPE_ID,OBJECT_TYPE_NAME) values (62,'Start');
INSERT INTO CBP_OPB_OBJECT_TYPE (OBJECT_TYPE_ID,OBJECT_TYPE_NAME) values (63,'Abort');
INSERT INTO CBP_OPB_OBJECT_TYPE (OBJECT_TYPE_ID,OBJECT_TYPE_NAME) values (64,'Stop');
INSERT INTO CBP_OPB_OBJECT_TYPE (OBJECT_TYPE_ID,OBJECT_TYPE_NAME) values (65,'Email');
INSERT INTO CBP_OPB_OBJECT_TYPE (OBJECT_TYPE_ID,OBJECT_TYPE_NAME) values (66,'Timer');
INSERT INTO CBP_OPB_OBJECT_TYPE (OBJECT_TYPE_ID,OBJECT_TYPE_NAME) values (67,'Assignment');
INSERT INTO CBP_OPB_OBJECT_TYPE (OBJECT_TYPE_ID,OBJECT_TYPE_NAME) values (68,'Session');
INSERT INTO CBP_OPB_OBJECT_TYPE (OBJECT_TYPE_ID,OBJECT_TYPE_NAME) values (69,'Scheduler');
INSERT INTO CBP_OPB_OBJECT_TYPE (OBJECT_TYPE_ID,OBJECT_TYPE_NAME) values (70,'Worklet');
INSERT INTO CBP_OPB_OBJECT_TYPE (OBJECT_TYPE_ID,OBJECT_TYPE_NAME) values (71,'Workflow');
INSERT INTO CBP_OPB_OBJECT_TYPE (OBJECT_TYPE_ID,OBJECT_TYPE_NAME) values (72,'SessionConfig');
INSERT INTO CBP_OPB_OBJECT_TYPE (OBJECT_TYPE_ID,OBJECT_TYPE_NAME) values (73,'Relational');
INSERT INTO CBP_OPB_OBJECT_TYPE (OBJECT_TYPE_ID,OBJECT_TYPE_NAME) values (74,'Application');
INSERT INTO CBP_OPB_OBJECT_TYPE (OBJECT_TYPE_ID,OBJECT_TYPE_NAME) values (75,'FTP');
INSERT INTO CBP_OPB_OBJECT_TYPE (OBJECT_TYPE_ID,OBJECT_TYPE_NAME) values (76,'External Loader');
INSERT INTO CBP_OPB_OBJECT_TYPE (OBJECT_TYPE_ID,OBJECT_TYPE_NAME) values (77,'Queue');
INSERT INTO CBP_OPB_OBJECT_TYPE (OBJECT_TYPE_ID,OBJECT_TYPE_NAME) values (78,'Reader');
INSERT INTO CBP_OPB_OBJECT_TYPE (OBJECT_TYPE_ID,OBJECT_TYPE_NAME) values (79,'Writer');
INSERT INTO CBP_OPB_OBJECT_TYPE (OBJECT_TYPE_ID,OBJECT_TYPE_NAME) values (80,'Sorter');
INSERT INTO CBP_OPB_OBJECT_TYPE (OBJECT_TYPE_ID,OBJECT_TYPE_NAME) values (81,'Vendor');
INSERT INTO CBP_OPB_OBJECT_TYPE (OBJECT_TYPE_ID,OBJECT_TYPE_NAME) values (84,'App Multi-Group Source Qualifier');
INSERT INTO CBP_OPB_OBJECT_TYPE (OBJECT_TYPE_ID,OBJECT_TYPE_NAME) values (91,'Control');
INSERT INTO CBP_OPB_OBJECT_TYPE (OBJECT_TYPE_ID,OBJECT_TYPE_NAME) values (92,'Transaction Control');
INSERT INTO CBP_OPB_OBJECT_TYPE (OBJECT_TYPE_ID,OBJECT_TYPE_NAME) values (97,'Custom Transformation');
INSERT INTO CBP_OPB_OBJECT_TYPE (OBJECT_TYPE_ID,OBJECT_TYPE_NAME) values (93,'Query');
INSERT INTO CBP_OPB_OBJECT_TYPE (OBJECT_TYPE_ID,OBJECT_TYPE_NAME) values (94,'Deployment Group');
INSERT INTO CBP_OPB_OBJECT_TYPE (OBJECT_TYPE_ID,OBJECT_TYPE_NAME) values (95,'Label');
INSERT INTO CBP_OPB_OBJECT_TYPE (OBJECT_TYPE_ID,OBJECT_TYPE_NAME) values (96,'Deployed Deployment Group');
INSERT INTO CBP_OPB_OBJECT_TYPE (OBJECT_TYPE_ID,OBJECT_TYPE_NAME) values (98,'Server Grid');
INSERT INTO CBP_OPB_OBJECT_TYPE (OBJECT_TYPE_ID,OBJECT_TYPE_NAME) values (99,'Profiling Ruleset');
INSERT INTO CBP_OPB_OBJECT_TYPE (OBJECT_TYPE_ID,OBJECT_TYPE_NAME) values (100,'Template Extension');
INSERT INTO CBP_OPB_OBJECT_TYPE (OBJECT_TYPE_ID,OBJECT_TYPE_NAME) values (101,'Global Profile Resource');
INSERT INTO CBP_OPB_OBJECT_TYPE (OBJECT_TYPE_ID,OBJECT_TYPE_NAME) values (102,'Web Services Hub');
INSERT INTO CBP_OPB_OBJECT_TYPE (OBJECT_TYPE_ID,OBJECT_TYPE_NAME) values (103,'Lookup Extension');
INSERT INTO CBP_OPB_OBJECT_TYPE (OBJECT_TYPE_ID,OBJECT_TYPE_NAME) values (105,'Service Level');

INSERT INTO CBP_OPB_ATTR (OBJECT_TYPE_ID,PROPERTY_NAME) values (1,'Add Currently Processed Flat File Name Port');
INSERT INTO CBP_OPB_ATTR (OBJECT_TYPE_ID,PROPERTY_NAME) values (1,'Add Currently Processed XML File Name Port');
INSERT INTO CBP_OPB_ATTR (OBJECT_TYPE_ID,PROPERTY_NAME) values (1,'Base Table Name');
INSERT INTO CBP_OPB_ATTR (OBJECT_TYPE_ID,PROPERTY_NAME) values (1,'Basic IDOC Type');
INSERT INTO CBP_OPB_ATTR (OBJECT_TYPE_ID,PROPERTY_NAME) values (1,'Datetime Format');
INSERT INTO CBP_OPB_ATTR (OBJECT_TYPE_ID,PROPERTY_NAME) values (1,'Decimal Separator');
INSERT INTO CBP_OPB_ATTR (OBJECT_TYPE_ID,PROPERTY_NAME) values (1,'Detail Field Name');
INSERT INTO CBP_OPB_ATTR (OBJECT_TYPE_ID,PROPERTY_NAME) values (1,'Detail Table Name');
INSERT INTO CBP_OPB_ATTR (OBJECT_TYPE_ID,PROPERTY_NAME) values (1,'Effective Date');
INSERT INTO CBP_OPB_ATTR (OBJECT_TYPE_ID,PROPERTY_NAME) values (1,'Extension IDOC Type');
INSERT INTO CBP_OPB_ATTR (OBJECT_TYPE_ID,PROPERTY_NAME) values (1,'IDOC Type');
INSERT INTO CBP_OPB_ATTR (OBJECT_TYPE_ID,PROPERTY_NAME) values (1,'Import Vertical Tree Attributes');
INSERT INTO CBP_OPB_ATTR (OBJECT_TYPE_ID,PROPERTY_NAME) values (1,'Language Table Name');
INSERT INTO CBP_OPB_ATTR (OBJECT_TYPE_ID,PROPERTY_NAME) values (1,'Order By Ports');
INSERT INTO CBP_OPB_ATTR (OBJECT_TYPE_ID,PROPERTY_NAME) values (1,'Owner Name');
INSERT INTO CBP_OPB_ATTR (OBJECT_TYPE_ID,PROPERTY_NAME) values (1,'Physical Table Name');
INSERT INTO CBP_OPB_ATTR (OBJECT_TYPE_ID,PROPERTY_NAME) values (1,'Search Specification');
INSERT INTO CBP_OPB_ATTR (OBJECT_TYPE_ID,PROPERTY_NAME) values (1,'Select Option');
INSERT INTO CBP_OPB_ATTR (OBJECT_TYPE_ID,PROPERTY_NAME) values (1,'Set Control Value');
INSERT INTO CBP_OPB_ATTR (OBJECT_TYPE_ID,PROPERTY_NAME) values (1,'Set ID');
INSERT INTO CBP_OPB_ATTR (OBJECT_TYPE_ID,PROPERTY_NAME) values (1,'Set Table Name');
INSERT INTO CBP_OPB_ATTR (OBJECT_TYPE_ID,PROPERTY_NAME) values (1,'SetID');
INSERT INTO CBP_OPB_ATTR (OBJECT_TYPE_ID,PROPERTY_NAME) values (1,'Shift Sensitive Data Without Shift Code');
INSERT INTO CBP_OPB_ATTR (OBJECT_TYPE_ID,PROPERTY_NAME) values (1,'Sort Specification');
INSERT INTO CBP_OPB_ATTR (OBJECT_TYPE_ID,PROPERTY_NAME) values (1,'Source Table Name');
INSERT INTO CBP_OPB_ATTR (OBJECT_TYPE_ID,PROPERTY_NAME) values (1,'Source TimeStamp');
INSERT INTO CBP_OPB_ATTR (OBJECT_TYPE_ID,PROPERTY_NAME) values (1,'Thousand Separator');
INSERT INTO CBP_OPB_ATTR (OBJECT_TYPE_ID,PROPERTY_NAME) values (1,'Tree Name');
INSERT INTO CBP_OPB_ATTR (OBJECT_TYPE_ID,PROPERTY_NAME) values (2,'Cache Directory');
INSERT INTO CBP_OPB_ATTR (OBJECT_TYPE_ID,PROPERTY_NAME) values (2,'Cache Size');
INSERT INTO CBP_OPB_ATTR (OBJECT_TYPE_ID,PROPERTY_NAME) values (2,'DTD Reference');
INSERT INTO CBP_OPB_ATTR (OBJECT_TYPE_ID,PROPERTY_NAME) values (2,'Datetime Format');
INSERT INTO CBP_OPB_ATTR (OBJECT_TYPE_ID,PROPERTY_NAME) values (2,'Decimal Separator');
INSERT INTO CBP_OPB_ATTR (OBJECT_TYPE_ID,PROPERTY_NAME) values (2,'Duplicate Group Row Handling');
INSERT INTO CBP_OPB_ATTR (OBJECT_TYPE_ID,PROPERTY_NAME) values (2,'Line Endings');
INSERT INTO CBP_OPB_ATTR (OBJECT_TYPE_ID,PROPERTY_NAME) values (2,'Load Scope');
INSERT INTO CBP_OPB_ATTR (OBJECT_TYPE_ID,PROPERTY_NAME) values (2,'On Commit');
INSERT INTO CBP_OPB_ATTR (OBJECT_TYPE_ID,PROPERTY_NAME) values (2,'Partial Load Recovery');
INSERT INTO CBP_OPB_ATTR (OBJECT_TYPE_ID,PROPERTY_NAME) values (2,'Post SQL');
INSERT INTO CBP_OPB_ATTR (OBJECT_TYPE_ID,PROPERTY_NAME) values (2,'Pre SQL');
INSERT INTO CBP_OPB_ATTR (OBJECT_TYPE_ID,PROPERTY_NAME) values (2,'Recoverable Target');
INSERT INTO CBP_OPB_ATTR (OBJECT_TYPE_ID,PROPERTY_NAME) values (2,'Reject Truncated/Overflowed rows');
INSERT INTO CBP_OPB_ATTR (OBJECT_TYPE_ID,PROPERTY_NAME) values (2,'Root Element');
INSERT INTO CBP_OPB_ATTR (OBJECT_TYPE_ID,PROPERTY_NAME) values (2,'Table Name Prefix');
INSERT INTO CBP_OPB_ATTR (OBJECT_TYPE_ID,PROPERTY_NAME) values (2,'Target Table Name');
INSERT INTO CBP_OPB_ATTR (OBJECT_TYPE_ID,PROPERTY_NAME) values (2,'Thousand Separator');
INSERT INTO CBP_OPB_ATTR (OBJECT_TYPE_ID,PROPERTY_NAME) values (2,'Update Override');
INSERT INTO CBP_OPB_ATTR (OBJECT_TYPE_ID,PROPERTY_NAME) values (3,'Is Partitionable');
INSERT INTO CBP_OPB_ATTR (OBJECT_TYPE_ID,PROPERTY_NAME) values (3,'Number Of Sorted Ports');
INSERT INTO CBP_OPB_ATTR (OBJECT_TYPE_ID,PROPERTY_NAME) values (3,'Output is deterministic');
INSERT INTO CBP_OPB_ATTR (OBJECT_TYPE_ID,PROPERTY_NAME) values (3,'Output is repeatable');
INSERT INTO CBP_OPB_ATTR (OBJECT_TYPE_ID,PROPERTY_NAME) values (3,'Post SQL');
INSERT INTO CBP_OPB_ATTR (OBJECT_TYPE_ID,PROPERTY_NAME) values (3,'Pre SQL');
INSERT INTO CBP_OPB_ATTR (OBJECT_TYPE_ID,PROPERTY_NAME) values (3,'Select Distinct');
INSERT INTO CBP_OPB_ATTR (OBJECT_TYPE_ID,PROPERTY_NAME) values (3,'Source Filter');
INSERT INTO CBP_OPB_ATTR (OBJECT_TYPE_ID,PROPERTY_NAME) values (3,'Sql Query');
INSERT INTO CBP_OPB_ATTR (OBJECT_TYPE_ID,PROPERTY_NAME) values (3,'Tracing Level');
INSERT INTO CBP_OPB_ATTR (OBJECT_TYPE_ID,PROPERTY_NAME) values (3,'User Defined Join');
INSERT INTO CBP_OPB_ATTR (OBJECT_TYPE_ID,PROPERTY_NAME) values (4,'Forward Rejected Rows');
INSERT INTO CBP_OPB_ATTR (OBJECT_TYPE_ID,PROPERTY_NAME) values (4,'Tracing Level');
INSERT INTO CBP_OPB_ATTR (OBJECT_TYPE_ID,PROPERTY_NAME) values (4,'Update Strategy Expression');
INSERT INTO CBP_OPB_ATTR (OBJECT_TYPE_ID,PROPERTY_NAME) values (5,'Tracing Level');
INSERT INTO CBP_OPB_ATTR (OBJECT_TYPE_ID,PROPERTY_NAME) values (6,'Call Text');
INSERT INTO CBP_OPB_ATTR (OBJECT_TYPE_ID,PROPERTY_NAME) values (6,'Connection Information');
INSERT INTO CBP_OPB_ATTR (OBJECT_TYPE_ID,PROPERTY_NAME) values (6,'Execution Order');
INSERT INTO CBP_OPB_ATTR (OBJECT_TYPE_ID,PROPERTY_NAME) values (6,'Output is Deterministic');
INSERT INTO CBP_OPB_ATTR (OBJECT_TYPE_ID,PROPERTY_NAME) values (6,'Output is Repeatable');
INSERT INTO CBP_OPB_ATTR (OBJECT_TYPE_ID,PROPERTY_NAME) values (6,'Stored Procedure Name');
INSERT INTO CBP_OPB_ATTR (OBJECT_TYPE_ID,PROPERTY_NAME) values (6,'Stored Procedure Type');
INSERT INTO CBP_OPB_ATTR (OBJECT_TYPE_ID,PROPERTY_NAME) values (6,'Subsecond Precision');
INSERT INTO CBP_OPB_ATTR (OBJECT_TYPE_ID,PROPERTY_NAME) values (6,'Tracing Level');
INSERT INTO CBP_OPB_ATTR (OBJECT_TYPE_ID,PROPERTY_NAME) values (7,'Current Value');
INSERT INTO CBP_OPB_ATTR (OBJECT_TYPE_ID,PROPERTY_NAME) values (7,'Cycle');
INSERT INTO CBP_OPB_ATTR (OBJECT_TYPE_ID,PROPERTY_NAME) values (7,'End Value');
INSERT INTO CBP_OPB_ATTR (OBJECT_TYPE_ID,PROPERTY_NAME) values (7,'Increment By');
INSERT INTO CBP_OPB_ATTR (OBJECT_TYPE_ID,PROPERTY_NAME) values (7,'Is Current Value Shared');
INSERT INTO CBP_OPB_ATTR (OBJECT_TYPE_ID,PROPERTY_NAME) values (7,'Number of Cached Values');
INSERT INTO CBP_OPB_ATTR (OBJECT_TYPE_ID,PROPERTY_NAME) values (7,'Reset');
INSERT INTO CBP_OPB_ATTR (OBJECT_TYPE_ID,PROPERTY_NAME) values (7,'Start Value');
INSERT INTO CBP_OPB_ATTR (OBJECT_TYPE_ID,PROPERTY_NAME) values (7,'Tracing Level');
INSERT INTO CBP_OPB_ATTR (OBJECT_TYPE_ID,PROPERTY_NAME) values (8,'Is Partitionable');
INSERT INTO CBP_OPB_ATTR (OBJECT_TYPE_ID,PROPERTY_NAME) values (8,'Module/Programmatic Identifier');
INSERT INTO CBP_OPB_ATTR (OBJECT_TYPE_ID,PROPERTY_NAME) values (8,'Output is Deterministic');
INSERT INTO CBP_OPB_ATTR (OBJECT_TYPE_ID,PROPERTY_NAME) values (8,'Output is Repeatable');
INSERT INTO CBP_OPB_ATTR (OBJECT_TYPE_ID,PROPERTY_NAME) values (8,'Procedure Name');
INSERT INTO CBP_OPB_ATTR (OBJECT_TYPE_ID,PROPERTY_NAME) values (8,'Runtime Location');
INSERT INTO CBP_OPB_ATTR (OBJECT_TYPE_ID,PROPERTY_NAME) values (8,'Tracing Level');
INSERT INTO CBP_OPB_ATTR (OBJECT_TYPE_ID,PROPERTY_NAME) values (8,'Type');
INSERT INTO CBP_OPB_ATTR (OBJECT_TYPE_ID,PROPERTY_NAME) values (9,'Aggregator Data Cache Size');
INSERT INTO CBP_OPB_ATTR (OBJECT_TYPE_ID,PROPERTY_NAME) values (9,'Aggregator Index Cache Size');
INSERT INTO CBP_OPB_ATTR (OBJECT_TYPE_ID,PROPERTY_NAME) values (9,'Cache Directory');
INSERT INTO CBP_OPB_ATTR (OBJECT_TYPE_ID,PROPERTY_NAME) values (9,'Sorted Input');
INSERT INTO CBP_OPB_ATTR (OBJECT_TYPE_ID,PROPERTY_NAME) values (9,'Tracing Level');
INSERT INTO CBP_OPB_ATTR (OBJECT_TYPE_ID,PROPERTY_NAME) values (9,'Transformation Scope');
INSERT INTO CBP_OPB_ATTR (OBJECT_TYPE_ID,PROPERTY_NAME) values (10,'Filter Condition');
INSERT INTO CBP_OPB_ATTR (OBJECT_TYPE_ID,PROPERTY_NAME) values (10,'Tracing Level');
INSERT INTO CBP_OPB_ATTR (OBJECT_TYPE_ID,PROPERTY_NAME) values (11,'Cache File Name Prefix');
INSERT INTO CBP_OPB_ATTR (OBJECT_TYPE_ID,PROPERTY_NAME) values (11,'Case Sensitive String Comparison');
INSERT INTO CBP_OPB_ATTR (OBJECT_TYPE_ID,PROPERTY_NAME) values (11,'Connection Information');
INSERT INTO CBP_OPB_ATTR (OBJECT_TYPE_ID,PROPERTY_NAME) values (11,'Datetime Format');
INSERT INTO CBP_OPB_ATTR (OBJECT_TYPE_ID,PROPERTY_NAME) values (11,'Decimal Separator');
INSERT INTO CBP_OPB_ATTR (OBJECT_TYPE_ID,PROPERTY_NAME) values (11,'Dynamic Lookup Cache');
INSERT INTO CBP_OPB_ATTR (OBJECT_TYPE_ID,PROPERTY_NAME) values (11,'Insert Else Update');
INSERT INTO CBP_OPB_ATTR (OBJECT_TYPE_ID,PROPERTY_NAME) values (11,'Lookup Data Cache Size');
INSERT INTO CBP_OPB_ATTR (OBJECT_TYPE_ID,PROPERTY_NAME) values (11,'Lookup Index Cache Size');
INSERT INTO CBP_OPB_ATTR (OBJECT_TYPE_ID,PROPERTY_NAME) values (11,'Lookup Source Filter');
INSERT INTO CBP_OPB_ATTR (OBJECT_TYPE_ID,PROPERTY_NAME) values (11,'Lookup Sql Override');
INSERT INTO CBP_OPB_ATTR (OBJECT_TYPE_ID,PROPERTY_NAME) values (11,'Lookup cache directory name');
INSERT INTO CBP_OPB_ATTR (OBJECT_TYPE_ID,PROPERTY_NAME) values (11,'Lookup cache initialize');
INSERT INTO CBP_OPB_ATTR (OBJECT_TYPE_ID,PROPERTY_NAME) values (11,'Lookup cache persistent');
INSERT INTO CBP_OPB_ATTR (OBJECT_TYPE_ID,PROPERTY_NAME) values (11,'Lookup caching enabled');
INSERT INTO CBP_OPB_ATTR (OBJECT_TYPE_ID,PROPERTY_NAME) values (11,'Lookup condition');
INSERT INTO CBP_OPB_ATTR (OBJECT_TYPE_ID,PROPERTY_NAME) values (11,'Lookup policy on multiple match');
INSERT INTO CBP_OPB_ATTR (OBJECT_TYPE_ID,PROPERTY_NAME) values (11,'Lookup source is static');
INSERT INTO CBP_OPB_ATTR (OBJECT_TYPE_ID,PROPERTY_NAME) values (11,'Lookup table name');
INSERT INTO CBP_OPB_ATTR (OBJECT_TYPE_ID,PROPERTY_NAME) values (11,'Null ordering');
INSERT INTO CBP_OPB_ATTR (OBJECT_TYPE_ID,PROPERTY_NAME) values (11,'Output Old Value On Update');
INSERT INTO CBP_OPB_ATTR (OBJECT_TYPE_ID,PROPERTY_NAME) values (11,'Pre-build lookup cache');
INSERT INTO CBP_OPB_ATTR (OBJECT_TYPE_ID,PROPERTY_NAME) values (11,'Re-cache from lookup source');
INSERT INTO CBP_OPB_ATTR (OBJECT_TYPE_ID,PROPERTY_NAME) values (11,'Recache if Stale');
INSERT INTO CBP_OPB_ATTR (OBJECT_TYPE_ID,PROPERTY_NAME) values (11,'Sorted Input');
INSERT INTO CBP_OPB_ATTR (OBJECT_TYPE_ID,PROPERTY_NAME) values (11,'Source Type');
INSERT INTO CBP_OPB_ATTR (OBJECT_TYPE_ID,PROPERTY_NAME) values (11,'Subsecond Precision');
INSERT INTO CBP_OPB_ATTR (OBJECT_TYPE_ID,PROPERTY_NAME) values (11,'Synchronize Dynamic Cache');
INSERT INTO CBP_OPB_ATTR (OBJECT_TYPE_ID,PROPERTY_NAME) values (11,'Thousand Separator');
INSERT INTO CBP_OPB_ATTR (OBJECT_TYPE_ID,PROPERTY_NAME) values (11,'Tracing Level');
INSERT INTO CBP_OPB_ATTR (OBJECT_TYPE_ID,PROPERTY_NAME) values (11,'Update Dynamic Cache Condition');
INSERT INTO CBP_OPB_ATTR (OBJECT_TYPE_ID,PROPERTY_NAME) values (11,'Update Else Insert');
INSERT INTO CBP_OPB_ATTR (OBJECT_TYPE_ID,PROPERTY_NAME) values (12,'Cache Directory');
INSERT INTO CBP_OPB_ATTR (OBJECT_TYPE_ID,PROPERTY_NAME) values (12,'Case Sensitive String Comparison');
INSERT INTO CBP_OPB_ATTR (OBJECT_TYPE_ID,PROPERTY_NAME) values (12,'Join Condition');
INSERT INTO CBP_OPB_ATTR (OBJECT_TYPE_ID,PROPERTY_NAME) values (12,'Join Type');
INSERT INTO CBP_OPB_ATTR (OBJECT_TYPE_ID,PROPERTY_NAME) values (12,'Joiner Data Cache Size');
INSERT INTO CBP_OPB_ATTR (OBJECT_TYPE_ID,PROPERTY_NAME) values (12,'Joiner Index Cache Size');
INSERT INTO CBP_OPB_ATTR (OBJECT_TYPE_ID,PROPERTY_NAME) values (12,'Master Sort Order');
INSERT INTO CBP_OPB_ATTR (OBJECT_TYPE_ID,PROPERTY_NAME) values (12,'Null ordering in detail');
INSERT INTO CBP_OPB_ATTR (OBJECT_TYPE_ID,PROPERTY_NAME) values (12,'Null ordering in master');
INSERT INTO CBP_OPB_ATTR (OBJECT_TYPE_ID,PROPERTY_NAME) values (12,'Sorted Input');
INSERT INTO CBP_OPB_ATTR (OBJECT_TYPE_ID,PROPERTY_NAME) values (12,'Tracing Level');
INSERT INTO CBP_OPB_ATTR (OBJECT_TYPE_ID,PROPERTY_NAME) values (12,'Transformation Scope');
INSERT INTO CBP_OPB_ATTR (OBJECT_TYPE_ID,PROPERTY_NAME) values (14,'Is Partitionable');
INSERT INTO CBP_OPB_ATTR (OBJECT_TYPE_ID,PROPERTY_NAME) values (14,'Reset');
INSERT INTO CBP_OPB_ATTR (OBJECT_TYPE_ID,PROPERTY_NAME) values (14,'Restart');
INSERT INTO CBP_OPB_ATTR (OBJECT_TYPE_ID,PROPERTY_NAME) values (14,'Tracing Level');
INSERT INTO CBP_OPB_ATTR (OBJECT_TYPE_ID,PROPERTY_NAME) values (15,'Tracing Level');
INSERT INTO CBP_OPB_ATTR (OBJECT_TYPE_ID,PROPERTY_NAME) values (18,'Tracing Level');
INSERT INTO CBP_OPB_ATTR (OBJECT_TYPE_ID,PROPERTY_NAME) values (26,'Cache Directory');
INSERT INTO CBP_OPB_ATTR (OBJECT_TYPE_ID,PROPERTY_NAME) values (26,'Case Sensitive String Comparison');
INSERT INTO CBP_OPB_ATTR (OBJECT_TYPE_ID,PROPERTY_NAME) values (26,'Number of Ranks');
INSERT INTO CBP_OPB_ATTR (OBJECT_TYPE_ID,PROPERTY_NAME) values (26,'Rank Data Cache Size');
INSERT INTO CBP_OPB_ATTR (OBJECT_TYPE_ID,PROPERTY_NAME) values (26,'Rank Index Cache Size');
INSERT INTO CBP_OPB_ATTR (OBJECT_TYPE_ID,PROPERTY_NAME) values (26,'Top/Bottom');
INSERT INTO CBP_OPB_ATTR (OBJECT_TYPE_ID,PROPERTY_NAME) values (26,'Tracing Level');
INSERT INTO CBP_OPB_ATTR (OBJECT_TYPE_ID,PROPERTY_NAME) values (26,'Transformation Scope');
INSERT INTO CBP_OPB_ATTR (OBJECT_TYPE_ID,PROPERTY_NAME) values (36,'Default Remote Directory');
INSERT INTO CBP_OPB_ATTR (OBJECT_TYPE_ID,PROPERTY_NAME) values (36,'Hostname');
INSERT INTO CBP_OPB_ATTR (OBJECT_TYPE_ID,PROPERTY_NAME) values (36,'Is Staged');
INSERT INTO CBP_OPB_ATTR (OBJECT_TYPE_ID,PROPERTY_NAME) values (36,'Password');
INSERT INTO CBP_OPB_ATTR (OBJECT_TYPE_ID,PROPERTY_NAME) values (36,'Remote Filename');
INSERT INTO CBP_OPB_ATTR (OBJECT_TYPE_ID,PROPERTY_NAME) values (36,'Username');
INSERT INTO CBP_OPB_ATTR (OBJECT_TYPE_ID,PROPERTY_NAME) values (37,'Database Connect String');
INSERT INTO CBP_OPB_ATTR (OBJECT_TYPE_ID,PROPERTY_NAME) values (37,'Database Password');
INSERT INTO CBP_OPB_ATTR (OBJECT_TYPE_ID,PROPERTY_NAME) values (37,'Database User');
INSERT INTO CBP_OPB_ATTR (OBJECT_TYPE_ID,PROPERTY_NAME) values (37,'Enable Parallel Load');
INSERT INTO CBP_OPB_ATTR (OBJECT_TYPE_ID,PROPERTY_NAME) values (37,'Error Limit');
INSERT INTO CBP_OPB_ATTR (OBJECT_TYPE_ID,PROPERTY_NAME) values (37,'External Loader Executable Name');
INSERT INTO CBP_OPB_ATTR (OBJECT_TYPE_ID,PROPERTY_NAME) values (37,'Is Partitionable');
INSERT INTO CBP_OPB_ATTR (OBJECT_TYPE_ID,PROPERTY_NAME) values (37,'Load Method');
INSERT INTO CBP_OPB_ATTR (OBJECT_TYPE_ID,PROPERTY_NAME) values (37,'Load Mode');
INSERT INTO CBP_OPB_ATTR (OBJECT_TYPE_ID,PROPERTY_NAME) values (37,'Log File Name');
INSERT INTO CBP_OPB_ATTR (OBJECT_TYPE_ID,PROPERTY_NAME) values (37,'Rows Per Commit');
INSERT INTO CBP_OPB_ATTR (OBJECT_TYPE_ID,PROPERTY_NAME) values (39,'Block Factor (records)');
INSERT INTO CBP_OPB_ATTR (OBJECT_TYPE_ID,PROPERTY_NAME) values (39,'Blocksize (bytes)');
INSERT INTO CBP_OPB_ATTR (OBJECT_TYPE_ID,PROPERTY_NAME) values (39,'Database Password');
INSERT INTO CBP_OPB_ATTR (OBJECT_TYPE_ID,PROPERTY_NAME) values (39,'Database Server');
INSERT INTO CBP_OPB_ATTR (OBJECT_TYPE_ID,PROPERTY_NAME) values (39,'Database User');
INSERT INTO CBP_OPB_ATTR (OBJECT_TYPE_ID,PROPERTY_NAME) values (39,'Indexset Type');
INSERT INTO CBP_OPB_ATTR (OBJECT_TYPE_ID,PROPERTY_NAME) values (39,'Indexspace Name');
INSERT INTO CBP_OPB_ATTR (OBJECT_TYPE_ID,PROPERTY_NAME) values (39,'Notify Interval (rows)');
INSERT INTO CBP_OPB_ATTR (OBJECT_TYPE_ID,PROPERTY_NAME) values (39,'Sort Memory (MB)');
INSERT INTO CBP_OPB_ATTR (OBJECT_TYPE_ID,PROPERTY_NAME) values (44,'Form Name');
INSERT INTO CBP_OPB_ATTR (OBJECT_TYPE_ID,PROPERTY_NAME) values (44,'Is Active');
INSERT INTO CBP_OPB_ATTR (OBJECT_TYPE_ID,PROPERTY_NAME) values (44,'Is Partitionable');
INSERT INTO CBP_OPB_ATTR (OBJECT_TYPE_ID,PROPERTY_NAME) values (45,'Effective Date Join Order');
INSERT INTO CBP_OPB_ATTR (OBJECT_TYPE_ID,PROPERTY_NAME) values (45,'Exec SQL');
INSERT INTO CBP_OPB_ATTR (OBJECT_TYPE_ID,PROPERTY_NAME) values (45,'Extract Current Rows');
INSERT INTO CBP_OPB_ATTR (OBJECT_TYPE_ID,PROPERTY_NAME) values (45,'Extract Date');
INSERT INTO CBP_OPB_ATTR (OBJECT_TYPE_ID,PROPERTY_NAME) values (45,'Extract Override');
INSERT INTO CBP_OPB_ATTR (OBJECT_TYPE_ID,PROPERTY_NAME) values (45,'Filter');
INSERT INTO CBP_OPB_ATTR (OBJECT_TYPE_ID,PROPERTY_NAME) values (45,'Force Nested Loop');
INSERT INTO CBP_OPB_ATTR (OBJECT_TYPE_ID,PROPERTY_NAME) values (45,'Form Name');
INSERT INTO CBP_OPB_ATTR (OBJECT_TYPE_ID,PROPERTY_NAME) values (45,'IDOC Filter');
INSERT INTO CBP_OPB_ATTR (OBJECT_TYPE_ID,PROPERTY_NAME) values (45,'Is Partitionable');
INSERT INTO CBP_OPB_ATTR (OBJECT_TYPE_ID,PROPERTY_NAME) values (45,'Join Override');
INSERT INTO CBP_OPB_ATTR (OBJECT_TYPE_ID,PROPERTY_NAME) values (45,'Number of Sorted Ports');
INSERT INTO CBP_OPB_ATTR (OBJECT_TYPE_ID,PROPERTY_NAME) values (45,'Output Is Deterministic');
INSERT INTO CBP_OPB_ATTR (OBJECT_TYPE_ID,PROPERTY_NAME) values (45,'Program Flow');
INSERT INTO CBP_OPB_ATTR (OBJECT_TYPE_ID,PROPERTY_NAME) values (45,'Select Distinct');
INSERT INTO CBP_OPB_ATTR (OBJECT_TYPE_ID,PROPERTY_NAME) values (45,'Source Filter');
INSERT INTO CBP_OPB_ATTR (OBJECT_TYPE_ID,PROPERTY_NAME) values (45,'Static filter');
INSERT INTO CBP_OPB_ATTR (OBJECT_TYPE_ID,PROPERTY_NAME) values (45,'Tracing Level');
INSERT INTO CBP_OPB_ATTR (OBJECT_TYPE_ID,PROPERTY_NAME) values (50,'Is Active');
INSERT INTO CBP_OPB_ATTR (OBJECT_TYPE_ID,PROPERTY_NAME) values (50,'Is Partitionable');
INSERT INTO CBP_OPB_ATTR (OBJECT_TYPE_ID,PROPERTY_NAME) values (50,'Module/Programmatic Identifier');
INSERT INTO CBP_OPB_ATTR (OBJECT_TYPE_ID,PROPERTY_NAME) values (50,'Procedure Name');
INSERT INTO CBP_OPB_ATTR (OBJECT_TYPE_ID,PROPERTY_NAME) values (50,'Runtime Location');
INSERT INTO CBP_OPB_ATTR (OBJECT_TYPE_ID,PROPERTY_NAME) values (50,'Tracing Level');
INSERT INTO CBP_OPB_ATTR (OBJECT_TYPE_ID,PROPERTY_NAME) values (50,'Type');
INSERT INTO CBP_OPB_ATTR (OBJECT_TYPE_ID,PROPERTY_NAME) values (53,'Checkpoint');
INSERT INTO CBP_OPB_ATTR (OBJECT_TYPE_ID,PROPERTY_NAME) values (53,'Database Name');
INSERT INTO CBP_OPB_ATTR (OBJECT_TYPE_ID,PROPERTY_NAME) values (53,'Date Format');
INSERT INTO CBP_OPB_ATTR (OBJECT_TYPE_ID,PROPERTY_NAME) values (53,'Drop Error Tables');
INSERT INTO CBP_OPB_ATTR (OBJECT_TYPE_ID,PROPERTY_NAME) values (53,'Duplicate Rows');
INSERT INTO CBP_OPB_ATTR (OBJECT_TYPE_ID,PROPERTY_NAME) values (53,'Error Limit');
INSERT INTO CBP_OPB_ATTR (OBJECT_TYPE_ID,PROPERTY_NAME) values (53,'External Loader Executable');
INSERT INTO CBP_OPB_ATTR (OBJECT_TYPE_ID,PROPERTY_NAME) values (53,'Load Mode');
INSERT INTO CBP_OPB_ATTR (OBJECT_TYPE_ID,PROPERTY_NAME) values (53,'Max Sessions');
INSERT INTO CBP_OPB_ATTR (OBJECT_TYPE_ID,PROPERTY_NAME) values (53,'Password');
INSERT INTO CBP_OPB_ATTR (OBJECT_TYPE_ID,PROPERTY_NAME) values (53,'Sleep');
INSERT INTO CBP_OPB_ATTR (OBJECT_TYPE_ID,PROPERTY_NAME) values (53,'TDPID');
INSERT INTO CBP_OPB_ATTR (OBJECT_TYPE_ID,PROPERTY_NAME) values (53,'Tenacity');
INSERT INTO CBP_OPB_ATTR (OBJECT_TYPE_ID,PROPERTY_NAME) values (53,'User Name');
INSERT INTO CBP_OPB_ATTR (OBJECT_TYPE_ID,PROPERTY_NAME) values (54,'Block Factor(records)');
INSERT INTO CBP_OPB_ATTR (OBJECT_TYPE_ID,PROPERTY_NAME) values (54,'Blocksize (bytes)');
INSERT INTO CBP_OPB_ATTR (OBJECT_TYPE_ID,PROPERTY_NAME) values (54,'Checkpoint');
INSERT INTO CBP_OPB_ATTR (OBJECT_TYPE_ID,PROPERTY_NAME) values (54,'Connection String');
INSERT INTO CBP_OPB_ATTR (OBJECT_TYPE_ID,PROPERTY_NAME) values (54,'Notify Interval (rows)');
INSERT INTO CBP_OPB_ATTR (OBJECT_TYPE_ID,PROPERTY_NAME) values (54,'Server Datafile Directory');
INSERT INTO CBP_OPB_ATTR (OBJECT_TYPE_ID,PROPERTY_NAME) values (55,'Is Partitionable');
INSERT INTO CBP_OPB_ATTR (OBJECT_TYPE_ID,PROPERTY_NAME) values (55,'Reset');
INSERT INTO CBP_OPB_ATTR (OBJECT_TYPE_ID,PROPERTY_NAME) values (55,'Restart');
INSERT INTO CBP_OPB_ATTR (OBJECT_TYPE_ID,PROPERTY_NAME) values (55,'Tracing Level');
INSERT INTO CBP_OPB_ATTR (OBJECT_TYPE_ID,PROPERTY_NAME) values (55,'Validate XML Source');
INSERT INTO CBP_OPB_ATTR (OBJECT_TYPE_ID,PROPERTY_NAME) values (56,'Destructive Read');
INSERT INTO CBP_OPB_ATTR (OBJECT_TYPE_ID,PROPERTY_NAME) values (56,'Enable Streaming');
INSERT INTO CBP_OPB_ATTR (OBJECT_TYPE_ID,PROPERTY_NAME) values (56,'Filter');
INSERT INTO CBP_OPB_ATTR (OBJECT_TYPE_ID,PROPERTY_NAME) values (56,'Hash Partition Key');
INSERT INTO CBP_OPB_ATTR (OBJECT_TYPE_ID,PROPERTY_NAME) values (56,'Is Partitionable');
INSERT INTO CBP_OPB_ATTR (OBJECT_TYPE_ID,PROPERTY_NAME) values (56,'Millisecond Flush Latency');
INSERT INTO CBP_OPB_ATTR (OBJECT_TYPE_ID,PROPERTY_NAME) values (56,'Preserve Message Ordering');
INSERT INTO CBP_OPB_ATTR (OBJECT_TYPE_ID,PROPERTY_NAME) values (56,'Recovery Cache Folder');
INSERT INTO CBP_OPB_ATTR (OBJECT_TYPE_ID,PROPERTY_NAME) values (56,'Tracing Level');
INSERT INTO CBP_OPB_ATTR (OBJECT_TYPE_ID,PROPERTY_NAME) values (57,'Connection Retry Period');
INSERT INTO CBP_OPB_ATTR (OBJECT_TYPE_ID,PROPERTY_NAME) values (57,'MQ Recovery Queue Name');
INSERT INTO CBP_OPB_ATTR (OBJECT_TYPE_ID,PROPERTY_NAME) values (57,'Message Format');
INSERT INTO CBP_OPB_ATTR (OBJECT_TYPE_ID,PROPERTY_NAME) values (57,'Queue Manager');
INSERT INTO CBP_OPB_ATTR (OBJECT_TYPE_ID,PROPERTY_NAME) values (57,'Queue Name');
INSERT INTO CBP_OPB_ATTR (OBJECT_TYPE_ID,PROPERTY_NAME) values (57,'Rows Per Message');
INSERT INTO CBP_OPB_ATTR (OBJECT_TYPE_ID,PROPERTY_NAME) values (80,'Case Sensitive');
INSERT INTO CBP_OPB_ATTR (OBJECT_TYPE_ID,PROPERTY_NAME) values (80,'Distinct');
INSERT INTO CBP_OPB_ATTR (OBJECT_TYPE_ID,PROPERTY_NAME) values (80,'Merge Only');
INSERT INTO CBP_OPB_ATTR (OBJECT_TYPE_ID,PROPERTY_NAME) values (80,'Null Treated Low');
INSERT INTO CBP_OPB_ATTR (OBJECT_TYPE_ID,PROPERTY_NAME) values (80,'Partitioning');
INSERT INTO CBP_OPB_ATTR (OBJECT_TYPE_ID,PROPERTY_NAME) values (80,'Sorter Cache Size');
INSERT INTO CBP_OPB_ATTR (OBJECT_TYPE_ID,PROPERTY_NAME) values (80,'Tracing Level');
INSERT INTO CBP_OPB_ATTR (OBJECT_TYPE_ID,PROPERTY_NAME) values (80,'Transformation Scope');
INSERT INTO CBP_OPB_ATTR (OBJECT_TYPE_ID,PROPERTY_NAME) values (80,'Work Directory');
INSERT INTO CBP_OPB_ATTR (OBJECT_TYPE_ID,PROPERTY_NAME) values (84,'Output Is Deterministic');
INSERT INTO CBP_OPB_ATTR (OBJECT_TYPE_ID,PROPERTY_NAME) values (84,'Output Is Ordered');
INSERT INTO CBP_OPB_ATTR (OBJECT_TYPE_ID,PROPERTY_NAME) values (84,'Tracing Level');
INSERT INTO CBP_OPB_ATTR (OBJECT_TYPE_ID,PROPERTY_NAME) values (92,'Tracing Level');
INSERT INTO CBP_OPB_ATTR (OBJECT_TYPE_ID,PROPERTY_NAME) values (92,'Transaction Control Condition');
INSERT INTO CBP_OPB_ATTR (OBJECT_TYPE_ID,PROPERTY_NAME) values (97,'Class Name');
INSERT INTO CBP_OPB_ATTR (OBJECT_TYPE_ID,PROPERTY_NAME) values (97,'Function Identifier');
INSERT INTO CBP_OPB_ATTR (OBJECT_TYPE_ID,PROPERTY_NAME) values (97,'Generate Transaction');
INSERT INTO CBP_OPB_ATTR (OBJECT_TYPE_ID,PROPERTY_NAME) values (97,'Inputs Must Block');
INSERT INTO CBP_OPB_ATTR (OBJECT_TYPE_ID,PROPERTY_NAME) values (97,'Is Active');
INSERT INTO CBP_OPB_ATTR (OBJECT_TYPE_ID,PROPERTY_NAME) values (97,'Is Partitionable');
INSERT INTO CBP_OPB_ATTR (OBJECT_TYPE_ID,PROPERTY_NAME) values (97,'Language');
INSERT INTO CBP_OPB_ATTR (OBJECT_TYPE_ID,PROPERTY_NAME) values (97,'Module Identifier');
INSERT INTO CBP_OPB_ATTR (OBJECT_TYPE_ID,PROPERTY_NAME) values (97,'Output Is Deterministic');
INSERT INTO CBP_OPB_ATTR (OBJECT_TYPE_ID,PROPERTY_NAME) values (97,'Output Is Repeatable');
INSERT INTO CBP_OPB_ATTR (OBJECT_TYPE_ID,PROPERTY_NAME) values (97,'Preserves Data Set Boundary');
INSERT INTO CBP_OPB_ATTR (OBJECT_TYPE_ID,PROPERTY_NAME) values (97,'Requires Single Thread Per Partition');
INSERT INTO CBP_OPB_ATTR (OBJECT_TYPE_ID,PROPERTY_NAME) values (97,'Runtime Location');
INSERT INTO CBP_OPB_ATTR (OBJECT_TYPE_ID,PROPERTY_NAME) values (97,'Tracing Level');
INSERT INTO CBP_OPB_ATTR (OBJECT_TYPE_ID,PROPERTY_NAME) values (97,'Transformation Scope');
INSERT INTO CBP_OPB_ATTR (OBJECT_TYPE_ID,PROPERTY_NAME) values (97,'Update Strategy Transformation');

-- Dummy Rule
INSERT INTO cbp_rule (CBP_RULE_ID,CBP_RULE_NAME,CBP_CREATED_TIMESTAMP,CBP_UPDATED_TIMESTAMP,CBP_RULE_SHORT_DESC,CBP_OBJECT_TYPE,CBP_CODE_TYPE_ID,CBP_IMP_TYPE_ID,CBP_ADD_PARAM_ALLOWED,IS_DEPRECATED) values (0,'Dummy Rule not to be used',sysdate,sysdate,'Dummy Rule not to be used','Parallel Job',2,1,'N','N');

INSERT INTO cbp_user_security (cbp_user_id, cbp_user_name, cbp_user_password, cbp_is_site_admin, cbp_user_email_id, cbp_user_type, is_locked, is_deleted) VALUES (2,'User One','cGFzc3dvcmQx','Y','userone@corp1.com', 'UNDRALEU', 'N', 'N');
INSERT INTO cbp_user_security (cbp_user_id, cbp_user_name, cbp_user_password, cbp_is_site_admin, cbp_user_email_id, cbp_user_type, is_locked, is_deleted) VALUES (3,'User Two','cGFzc3dvcmQx','Y','userone@corp2.com', 'UNDRALEU', 'N', 'N');
INSERT INTO cbp_user_security (cbp_user_id, cbp_user_name, cbp_user_password, cbp_is_site_admin, cbp_user_email_id, cbp_user_type, is_locked, is_deleted) VALUES (4,'User Three','cGFzc3dvcmQx','Y','userone@corp3.com', 'UNDRALEU', 'N', 'N');
INSERT INTO cbp_user_security (cbp_user_id, cbp_user_name, cbp_user_password, cbp_is_site_admin, cbp_user_email_id, cbp_user_type, is_locked, is_deleted) VALUES (5,'User Four','cGFzc3dvcmQx','Y','userone@corp4.com', 'UNDRALEU', 'N', 'N');

INSERT INTO cbp_tkt_asset_type (asset_type_id,asset_type_name,landing_page_disp_pos) VALUES (1,'Tasks',1);
INSERT INTO cbp_tkt_asset_type (asset_type_id,asset_type_name,landing_page_disp_pos) VALUES (2,'Mappings',2);
INSERT INTO cbp_tkt_asset_type (asset_type_id,asset_type_name,landing_page_disp_pos) VALUES (3,'Mapplets',3);
INSERT INTO cbp_tkt_asset_type (asset_type_id,asset_type_name,landing_page_disp_pos) VALUES (4,'Taskflows',4);
INSERT INTO cbp_tkt_asset_type (asset_type_id,asset_type_name,landing_page_disp_pos) VALUES (5,'Components',5);

INSERT INTO cbp_tkt_code_type (code_type_id,code_type_name) VALUES (3100,'IICS');

INSERT INTO cbp_tkt_prx_object_type (prx_object_type_id,prx_object_type_name,code_type_id,prx_object_type_is_enabled,asset_type_id,iics_type) values (9001,'Mapping',3100,'Y',2,'DTEMPLATE');
INSERT INTO cbp_tkt_prx_object_type (prx_object_type_id,prx_object_type_name,code_type_id,prx_object_type_is_enabled,asset_type_id,iics_type) values (9002,'Mapping Task',3100,'Y',1,'MTT');
INSERT INTO cbp_tkt_prx_object_type (prx_object_type_id,prx_object_type_name,code_type_id,prx_object_type_is_enabled,asset_type_id,iics_type) values (9003,'Synchronization Task',3100,'Y',1,'DSS');
INSERT INTO cbp_tkt_prx_object_type (prx_object_type_id,prx_object_type_name,code_type_id,prx_object_type_is_enabled,asset_type_id,iics_type) values (9004,'Masking Task',3100,'Y',1,'DMASK');
INSERT INTO cbp_tkt_prx_object_type (prx_object_type_id,prx_object_type_name,code_type_id,prx_object_type_is_enabled,asset_type_id,iics_type) values (9005,'Replication Task',3100,'Y',1,'DRS');
INSERT INTO cbp_tkt_prx_object_type (prx_object_type_id,prx_object_type_name,code_type_id,prx_object_type_is_enabled,asset_type_id,iics_type) values (9006,'Mapplet',3100,'Y',3,'DMAPPLET');
INSERT INTO cbp_tkt_prx_object_type (prx_object_type_id,prx_object_type_name,code_type_id,prx_object_type_is_enabled,asset_type_id,iics_type) values (9007,'PowerCenter Task',3100,'Y',1,'PCS');
INSERT INTO cbp_tkt_prx_object_type (prx_object_type_id,prx_object_type_name,code_type_id,prx_object_type_is_enabled,asset_type_id,iics_type) values (9008,'Linear Taskflow',3100,'Y',4,'WORKFLOW');
INSERT INTO cbp_tkt_prx_object_type (prx_object_type_id,prx_object_type_name,code_type_id,prx_object_type_is_enabled,asset_type_id,iics_type) values (9009,'Taskflow',3100,'Y',4,'TASKFLOW');
INSERT INTO cbp_tkt_prx_object_type (prx_object_type_id,prx_object_type_name,code_type_id,prx_object_type_is_enabled,asset_type_id,iics_type) values (9010,'Mass Ingestion Task',3100,'Y',1,'MI_TASK');

INSERT INTO cbp_tkt_res_type (res_type_id, res_type_name, is_deleted, is_editable, is_enabled_in_landscape) VALUES (-1, 'Dummy Resource Type', 'N', 'N', 'N');
INSERT INTO cbp_tkt_res_type (res_type_id, res_type_name, is_deleted, is_editable, is_enabled_in_landscape) VALUES (10, 'Unix Server', 'N', 'Y', 'Y');
INSERT INTO cbp_tkt_res_type (res_type_id, res_type_name, is_deleted, is_editable, is_enabled_in_landscape) VALUES (20, 'Windows Server', 'N', 'Y', 'Y');
INSERT INTO cbp_tkt_res_type (res_type_id, res_type_name, is_deleted, is_editable, is_enabled_in_landscape, cbp_code_type_id) VALUES (100, 'Informatica PowerCenter', 'N', 'Y', 'Y', 1);
INSERT INTO cbp_tkt_res_type (res_type_id, res_type_name, is_deleted, is_editable, is_enabled_in_landscape) VALUES (101, 'Informatica PowerCenter Integration Service', 'N', 'Y', 'N');
INSERT INTO cbp_tkt_res_type (res_type_id, res_type_name, is_deleted, is_editable, is_enabled_in_landscape) VALUES (102, 'Informatica BDM', 'N', 'Y', 'Y');
INSERT INTO cbp_tkt_res_type (res_type_id, res_type_name, is_deleted, is_editable, is_enabled_in_landscape) VALUES (104, 'Informatica Domain', 'N', 'Y', 'N');
INSERT INTO cbp_tkt_res_type (res_type_id, res_type_name, is_deleted, is_editable, is_enabled_in_landscape) VALUES (105, 'Informatica Domain Connection', 'N', 'Y', 'N');
INSERT INTO cbp_tkt_res_type (res_type_id, res_type_name, is_deleted, is_editable, is_enabled_in_landscape, cbp_code_type_id) VALUES (400, 'Talend', 'N', 'Y', 'Y', 1001);
INSERT INTO cbp_tkt_res_type (res_type_id, res_type_name, is_deleted, is_editable, is_enabled_in_landscape) VALUES (1000, 'Sub Version Repository', 'N', 'Y', 'Y');
INSERT INTO cbp_tkt_res_type (res_type_id, res_type_name, is_deleted, is_editable, is_enabled_in_landscape) VALUES (2000, 'GitHub Repository', 'N', 'Y', 'Y');
INSERT INTO cbp_tkt_res_type (res_type_id, res_type_name, is_deleted, is_editable, is_enabled_in_landscape) VALUES (3000, 'JIRA Ticketing', 'N', 'Y', 'Y');
INSERT INTO cbp_tkt_res_type (res_type_id, res_type_name, is_deleted, is_editable, is_enabled_in_landscape) VALUES (4000, 'ServiceNow Ticketing', 'N', 'Y', 'Y');
INSERT INTO cbp_tkt_res_type (res_type_id, res_type_name, is_deleted, is_editable, is_enabled_in_landscape) VALUES (600, 'Informatica PowerCenter Folder', 'N', 'Y', 'Y');
INSERT INTO cbp_tkt_res_type (res_type_id, res_type_name, is_deleted, is_editable, is_enabled_in_landscape) VALUES (603, 'Informatica BDM Project', 'N', 'Y', 'N');
INSERT INTO cbp_tkt_res_type (res_type_id, res_type_name, is_deleted, is_editable, is_enabled_in_landscape) VALUES (604, 'Informatica BDM Project Folder', 'N', 'Y', 'N');
INSERT INTO cbp_tkt_res_type (res_type_id, res_type_name, is_deleted, is_editable, is_enabled_in_landscape) VALUES (5000, 'Undraleu Code Quality for IPC', 'N', 'Y', 'N');
INSERT INTO cbp_tkt_res_type (res_type_id, res_type_name, is_deleted, is_editable, is_enabled_in_landscape, cbp_code_type_id) values (8000,'IICS', 'N','Y', 'Y', 3100);
INSERT INTO cbp_tkt_res_type (res_type_id, res_type_name, is_deleted, is_editable, is_enabled_in_landscape) VALUES (8001, 'IICS Runtime Environment Group', 'N', 'Y', 'Y');
INSERT INTO cbp_tkt_res_type (res_type_id, res_type_name, is_deleted, is_editable, is_enabled_in_landscape) VALUES (8003, 'IICS Runtime Agent', 'N', 'Y', 'Y');
INSERT INTO cbp_tkt_res_type (res_type_id, res_type_name, is_deleted, is_editable, is_enabled_in_landscape) VALUES (9000, 'Informatica Data Integration Service', 'N', 'Y', 'Y');
INSERT INTO cbp_tkt_res_type (res_type_id, res_type_name, is_deleted, is_editable, is_enabled_in_landscape) VALUES (8200, 'JDBC Source', 'N', 'Y', 'Y');
INSERT INTO cbp_tkt_res_type (res_type_id, res_type_name, is_deleted, is_editable, is_enabled_in_landscape) VALUES (8201, 'Cloud Storage', 'N', 'Y', 'Y');
INSERT INTO cbp_tkt_res_type (res_type_id, res_type_name, is_deleted, is_editable, is_enabled_in_landscape) VALUES (525, 'Database Connection', 'N', 'N', 'Y');
INSERT INTO cbp_tkt_res_type (res_type_id, res_type_name, is_deleted, is_editable, is_enabled_in_landscape) VALUES (8300, 'Command Center', 'N', 'N', 'Y');

INSERT INTO cbp_tkt_res (res_id, res_type_id, is_deleted) VALUES (-1, -1, 'N');
INSERT INTO cbp_tkt_res_cred (res_id, res_key, res_value, is_encrypted, is_deleted) VALUES (-1, 'DUMMY KEY', 'DUMMY VALUE', 'N', 'N');
-- res type in (0, 1001, 200, 201, 601, 602)
INSERT INTO cbp_tkt_rel_tag_type (rel_tag_type_id, rel_tag_type_name, res_type_id) VALUES (1011, 'Application Archive without Source', 102);
INSERT INTO cbp_tkt_rel_tag_type (rel_tag_type_id, rel_tag_type_name, res_type_id) VALUES (1012, 'Application Archive with Source', 102);
INSERT INTO cbp_tkt_rel_tag_type (rel_tag_type_id, rel_tag_type_name, res_type_id) VALUES (1013, 'Source Code', 102);
INSERT INTO cbp_tkt_rel_tag_type (rel_tag_type_id, rel_tag_type_name, res_type_id) VALUES (1001, 'Informatica PowerCenter Code', 100);

INSERT INTO cbp_tkt_rel_tag_type (rel_tag_type_id, rel_tag_type_name, res_type_id) VALUES (1003, 'IICS Code', 8000);
INSERT INTO cbp_tkt_rel_tag_type (rel_tag_type_id, rel_tag_type_name, res_type_id) VALUES (1004, 'Talend Code', 400);

INSERT INTO cbp_tkt_misc_config_type (misc_config_type_id, misc_config_type_name) VALUES (2, 'IPC Import Control File Template');
INSERT INTO cbp_tkt_misc_config_type (misc_config_type_id, misc_config_type_name) VALUES (3, 'IPC Deployment Group Control File Template');

INSERT INTO cbp_tkt_op_type (op_type_id, op_type_name, is_deleted) VALUES (23,'SQL - DDL', 'N');
INSERT INTO cbp_tkt_op_type (op_type_id, op_type_name, is_deleted) VALUES (24,'SQL - DML', 'N');
INSERT INTO cbp_tkt_op_type (op_type_id, op_type_name, is_deleted) VALUES (50,'Export Informatica PowerCenter Code', 'N');
INSERT INTO cbp_tkt_op_type (op_type_id, op_type_name, is_deleted) VALUES (51,'Import Informatica PowerCenter Code', 'N');
INSERT INTO cbp_tkt_op_type (op_type_id, op_type_name, is_deleted) VALUES (52,'Export Informatica DV Code', 'N');
INSERT INTO cbp_tkt_op_type (op_type_id, op_type_name, is_deleted) VALUES (53,'Import Informatica DV Code', 'N');
INSERT INTO cbp_tkt_op_type (op_type_id, op_type_name, is_deleted) VALUES (54,'Export Datastage Code', 'N');
INSERT INTO cbp_tkt_op_type (op_type_id, op_type_name, is_deleted) VALUES (55,'Import Datastage Code', 'N');
INSERT INTO cbp_tkt_op_type (op_type_id, op_type_name, is_deleted) VALUES (58,'Export Talend Code', 'N');
INSERT INTO cbp_tkt_op_type (op_type_id, op_type_name, is_deleted) VALUES (59,'Import Talend Code', 'N');
INSERT INTO cbp_tkt_op_type (op_type_id, op_type_name, is_deleted) VALUES (30,'Copy File', 'N');
INSERT INTO cbp_tkt_op_type (op_type_id, op_type_name, is_deleted) VALUES (31,'Delete File', 'N');
INSERT INTO cbp_tkt_op_type (op_type_id, op_type_name, is_deleted) VALUES (32,'Create File', 'N');
INSERT INTO cbp_tkt_op_type (op_type_id, op_type_name, is_deleted) VALUES (100,'Manage Application', 'N');
INSERT INTO cbp_tkt_op_type (op_type_id, op_type_name, is_deleted) VALUES (200,'Manage Environment', 'N');
INSERT INTO cbp_tkt_op_type (op_type_id, op_type_name, is_deleted) VALUES (300,'Manage Release Tag', 'N');
INSERT INTO cbp_tkt_op_type (op_type_id, op_type_name, is_deleted) VALUES (400,'Manage Resource', 'N');
INSERT INTO cbp_tkt_op_type (op_type_id, op_type_name, is_deleted) VALUES (500,'Manage Promotion Plan', 'N');
INSERT INTO cbp_tkt_op_type (op_type_id, op_type_name, is_deleted) VALUES (600,'Manage Landscape', 'N');
INSERT INTO cbp_tkt_op_type (op_type_id, op_type_name, is_deleted) VALUES (700,'Manage Rollback', 'N');
INSERT INTO cbp_tkt_op_type (op_type_id, op_type_name, is_deleted) VALUES (800,'Manage Deployment', 'N');
INSERT INTO cbp_tkt_op_type (op_type_id, op_type_name, is_deleted) VALUES (900,'Manage Role', 'N');
INSERT INTO cbp_tkt_op_type (op_type_id, op_type_name, is_deleted) VALUES (1000,'Manage Policy', 'N');
INSERT INTO cbp_tkt_op_type (op_type_id, op_type_name, is_deleted) VALUES (1100,'Manage Term', 'N');
INSERT INTO cbp_tkt_op_type (op_type_id, op_type_name, is_deleted) VALUES (1200,'Manage User', 'N');
INSERT INTO cbp_tkt_op_type (op_type_id, op_type_name, is_deleted) VALUES (1300,'Manage Application Resources', 'N');
INSERT INTO cbp_tkt_op_type (op_type_id, op_type_name, is_deleted) VALUES (1400,'Deployment', 'N');

INSERT INTO cbp_tkt_sub_op_type (sub_op_type_id, sub_op_type_name, op_type_id) VALUES (1401,'Package and Display', 1400);
INSERT INTO cbp_tkt_sub_op_type (sub_op_type_id, sub_op_type_name, op_type_id) VALUES (1402,'Package and Deploy', 1400);
INSERT INTO cbp_tkt_sub_op_type (sub_op_type_id, sub_op_type_name, op_type_id) VALUES (1403,'Package and Deploy Selectively', 1400);
INSERT INTO cbp_tkt_sub_op_type (sub_op_type_id, sub_op_type_name, op_type_id) VALUES (101,'Add Application', 100);
INSERT INTO cbp_tkt_sub_op_type (sub_op_type_id, sub_op_type_name, op_type_id) VALUES (102,'Update Application', 100);
INSERT INTO cbp_tkt_sub_op_type (sub_op_type_id, sub_op_type_name, op_type_id) VALUES (103,'Delete Application', 100);
INSERT INTO cbp_tkt_sub_op_type (sub_op_type_id, sub_op_type_name, op_type_id) VALUES (104,'View Application', 100);
INSERT INTO cbp_tkt_sub_op_type (sub_op_type_id, sub_op_type_name, op_type_id) VALUES (201,'Add Environment', 200);
INSERT INTO cbp_tkt_sub_op_type (sub_op_type_id, sub_op_type_name, op_type_id) VALUES (202,'Update Environment', 200);
INSERT INTO cbp_tkt_sub_op_type (sub_op_type_id, sub_op_type_name, op_type_id) VALUES (203,'Delete Environment', 200);
INSERT INTO cbp_tkt_sub_op_type (sub_op_type_id, sub_op_type_name, op_type_id) VALUES (204,'View Environment', 200);
INSERT INTO cbp_tkt_sub_op_type (sub_op_type_id, sub_op_type_name, op_type_id) VALUES (301,'Add Release Tag', 300);
INSERT INTO cbp_tkt_sub_op_type (sub_op_type_id, sub_op_type_name, op_type_id) VALUES (302,'Update Release Tag', 300);
INSERT INTO cbp_tkt_sub_op_type (sub_op_type_id, sub_op_type_name, op_type_id) VALUES (303,'Delete Release Tag', 300);
INSERT INTO cbp_tkt_sub_op_type (sub_op_type_id, sub_op_type_name, op_type_id) VALUES (304,'View Release Tag', 300);
INSERT INTO cbp_tkt_sub_op_type (sub_op_type_id, sub_op_type_name, op_type_id) VALUES (401,'Add Resource', 400);
INSERT INTO cbp_tkt_sub_op_type (sub_op_type_id, sub_op_type_name, op_type_id) VALUES (402,'Update Resource', 400);
INSERT INTO cbp_tkt_sub_op_type (sub_op_type_id, sub_op_type_name, op_type_id) VALUES (403,'Delete Resource', 400);
INSERT INTO cbp_tkt_sub_op_type (sub_op_type_id, sub_op_type_name, op_type_id) VALUES (404,'View Resource', 400);
INSERT INTO cbp_tkt_sub_op_type (sub_op_type_id, sub_op_type_name, op_type_id) VALUES (501,'Add Promotion Plan', 500);
INSERT INTO cbp_tkt_sub_op_type (sub_op_type_id, sub_op_type_name, op_type_id) VALUES (502,'Update Promotion Plan', 500);
INSERT INTO cbp_tkt_sub_op_type (sub_op_type_id, sub_op_type_name, op_type_id) VALUES (503,'Delete Promotion Plan', 500);
INSERT INTO cbp_tkt_sub_op_type (sub_op_type_id, sub_op_type_name, op_type_id) VALUES (504,'View Promotion Plan', 500);
INSERT INTO cbp_tkt_sub_op_type (sub_op_type_id, sub_op_type_name, op_type_id) VALUES (601,'Add Landscape', 600);
INSERT INTO cbp_tkt_sub_op_type (sub_op_type_id, sub_op_type_name, op_type_id) VALUES (602,'Update Landscape', 600);
INSERT INTO cbp_tkt_sub_op_type (sub_op_type_id, sub_op_type_name, op_type_id) VALUES (603,'Delete Landscape', 600);
INSERT INTO cbp_tkt_sub_op_type (sub_op_type_id, sub_op_type_name, op_type_id) VALUES (604,'View Landscape', 600);
INSERT INTO cbp_tkt_sub_op_type (sub_op_type_id, sub_op_type_name, op_type_id) VALUES (701,'Perform Rollback', 700);
INSERT INTO cbp_tkt_sub_op_type (sub_op_type_id, sub_op_type_name, op_type_id) VALUES (704,'View Rollback', 700);
INSERT INTO cbp_tkt_sub_op_type (sub_op_type_id, sub_op_type_name, op_type_id) VALUES (801,'Perform Deployment', 800);
INSERT INTO cbp_tkt_sub_op_type (sub_op_type_id, sub_op_type_name, op_type_id) VALUES (804,'View Deployment', 800);
INSERT INTO cbp_tkt_sub_op_type (sub_op_type_id, sub_op_type_name, op_type_id) VALUES (901,'Add Role', 900);
INSERT INTO cbp_tkt_sub_op_type (sub_op_type_id, sub_op_type_name, op_type_id) VALUES (902,'Update Role', 900);
INSERT INTO cbp_tkt_sub_op_type (sub_op_type_id, sub_op_type_name, op_type_id) VALUES (903,'Delete Role', 900);
INSERT INTO cbp_tkt_sub_op_type (sub_op_type_id, sub_op_type_name, op_type_id) VALUES (904,'View Role', 900);
INSERT INTO cbp_tkt_sub_op_type (sub_op_type_id, sub_op_type_name, op_type_id) VALUES (1001,'Add Policy', 1000);
INSERT INTO cbp_tkt_sub_op_type (sub_op_type_id, sub_op_type_name, op_type_id) VALUES (1002,'Update Policy', 1000);
INSERT INTO cbp_tkt_sub_op_type (sub_op_type_id, sub_op_type_name, op_type_id) VALUES (1003,'Delete Policy', 1000);
INSERT INTO cbp_tkt_sub_op_type (sub_op_type_id, sub_op_type_name, op_type_id) VALUES (1004,'View Policy', 1000);
INSERT INTO cbp_tkt_sub_op_type (sub_op_type_id, sub_op_type_name, op_type_id) VALUES (1101,'Add Term', 1100);
INSERT INTO cbp_tkt_sub_op_type (sub_op_type_id, sub_op_type_name, op_type_id) VALUES (1102,'Update Term', 1100);
INSERT INTO cbp_tkt_sub_op_type (sub_op_type_id, sub_op_type_name, op_type_id) VALUES (1103,'Delete Term', 1100);
INSERT INTO cbp_tkt_sub_op_type (sub_op_type_id, sub_op_type_name, op_type_id) VALUES (1104,'View Term', 1100);
INSERT INTO cbp_tkt_sub_op_type (sub_op_type_id, sub_op_type_name, op_type_id) VALUES (1201,'Add User', 1200);
INSERT INTO cbp_tkt_sub_op_type (sub_op_type_id, sub_op_type_name, op_type_id) VALUES (1202,'Update User', 1200);
INSERT INTO cbp_tkt_sub_op_type (sub_op_type_id, sub_op_type_name, op_type_id) VALUES (1203,'Delete User', 1200);
INSERT INTO cbp_tkt_sub_op_type (sub_op_type_id, sub_op_type_name, op_type_id) VALUES (1204,'View User', 1200);
INSERT INTO cbp_tkt_sub_op_type (sub_op_type_id, sub_op_type_name, op_type_id) VALUES (1301,'Add Application Resources', 1300);
INSERT INTO cbp_tkt_sub_op_type (sub_op_type_id, sub_op_type_name, op_type_id) VALUES (1302,'Update Application Resources', 1300);
INSERT INTO cbp_tkt_sub_op_type (sub_op_type_id, sub_op_type_name, op_type_id) VALUES (1303,'Delete Application Resources', 1300);
INSERT INTO cbp_tkt_sub_op_type (sub_op_type_id, sub_op_type_name, op_type_id) VALUES (1304,'View Application Resources', 1300);
INSERT INTO cbp_tkt_sub_op_type (sub_op_type_id, sub_op_type_name, op_type_id) VALUES (1,'SQL - CREATE TABLE', 23);
INSERT INTO cbp_tkt_sub_op_type (sub_op_type_id, sub_op_type_name, op_type_id) VALUES (2,'SQL - ALTER TABLE', 23);
INSERT INTO cbp_tkt_sub_op_type (sub_op_type_id, sub_op_type_name, op_type_id) VALUES (3,'SQL - INSERT', 24);
INSERT INTO cbp_tkt_sub_op_type (sub_op_type_id, sub_op_type_name, op_type_id) VALUES (4,'SQL - UPDATE', 24);
INSERT INTO cbp_tkt_sub_op_type (sub_op_type_id, sub_op_type_name, op_type_id) VALUES (5,'SQL - DELETE', 24);
INSERT INTO cbp_tkt_sub_op_type (sub_op_type_id, sub_op_type_name, op_type_id) VALUES (6,'SQL - TRUNCATE', 24);
INSERT INTO cbp_tkt_sub_op_type (sub_op_type_id, sub_op_type_name, op_type_id) VALUES (7,'SQL - SELECT', 24);
INSERT INTO cbp_tkt_sub_op_type (sub_op_type_id, sub_op_type_name, op_type_id) VALUES (8,'SQL - CREATE INDEX', 23);
INSERT INTO cbp_tkt_sub_op_type (sub_op_type_id, sub_op_type_name, op_type_id) VALUES (9,'SQL - DROP INDEX', 23);
INSERT INTO cbp_tkt_sub_op_type (sub_op_type_id, sub_op_type_name, op_type_id) VALUES (10,'SQL - CREATE VIEW', 23);
INSERT INTO cbp_tkt_sub_op_type (sub_op_type_id, sub_op_type_name, op_type_id) VALUES (11,'SQL - DROP VIEW', 23);
INSERT INTO cbp_tkt_sub_op_type (sub_op_type_id, sub_op_type_name, op_type_id) VALUES (12,'SQL - CREATE SYNONYM', 23);
INSERT INTO cbp_tkt_sub_op_type (sub_op_type_id, sub_op_type_name, op_type_id) VALUES (13,'SQL - DROP SYNONYM', 23);
INSERT INTO cbp_tkt_sub_op_type (sub_op_type_id, sub_op_type_name, op_type_id) VALUES (14,'SQL - CREATE FUNCTION', 23);
INSERT INTO cbp_tkt_sub_op_type (sub_op_type_id, sub_op_type_name, op_type_id) VALUES (15,'SQL - DROP FUNCTION', 23);
INSERT INTO cbp_tkt_sub_op_type (sub_op_type_id, sub_op_type_name, op_type_id) VALUES (16,'SQL - CREATE PACKAGE', 23);
INSERT INTO cbp_tkt_sub_op_type (sub_op_type_id, sub_op_type_name, op_type_id) VALUES (17,'SQL - DROP PACKAGE', 23);
INSERT INTO cbp_tkt_sub_op_type (sub_op_type_id, sub_op_type_name, op_type_id) VALUES (18,'SQL - CREATE PACKAGE BODY', 23);
INSERT INTO cbp_tkt_sub_op_type (sub_op_type_id, sub_op_type_name, op_type_id) VALUES (19,'SQL - DROP PACKAGE BODY', 23);
INSERT INTO cbp_tkt_sub_op_type (sub_op_type_id, sub_op_type_name, op_type_id) VALUES (20,'SQL - GRANT', 23);
INSERT INTO cbp_tkt_sub_op_type (sub_op_type_id, sub_op_type_name, op_type_id) VALUES (21,'SQL - REVOKE', 23);
INSERT INTO cbp_tkt_sub_op_type (sub_op_type_id, sub_op_type_name, op_type_id) VALUES (22,'SQL - TRIGGER', 23);
INSERT INTO cbp_tkt_sub_op_type (sub_op_type_id, sub_op_type_name, op_type_id) VALUES (50,'Export Informatica PowerCenter Code', 50);
INSERT INTO cbp_tkt_sub_op_type (sub_op_type_id, sub_op_type_name, op_type_id) VALUES (51,'Import Informatica PowerCenter Code', 51);
INSERT INTO cbp_tkt_sub_op_type (sub_op_type_id, sub_op_type_name, op_type_id) VALUES (52,'Export Informatica BDM Code', 52);
INSERT INTO cbp_tkt_sub_op_type (sub_op_type_id, sub_op_type_name, op_type_id) VALUES (53,'Import Informatica BDM Code', 53);
INSERT INTO cbp_tkt_sub_op_type (sub_op_type_id, sub_op_type_name, op_type_id) VALUES (58,'Export Talend Code', 58);
INSERT INTO cbp_tkt_sub_op_type (sub_op_type_id, sub_op_type_name, op_type_id) VALUES (59,'Import Talend Code', 59);
INSERT INTO cbp_tkt_sub_op_type (sub_op_type_id, sub_op_type_name, op_type_id) VALUES (30,'Copy File', 30);
INSERT INTO cbp_tkt_sub_op_type (sub_op_type_id, sub_op_type_name, op_type_id) VALUES (31,'Delete File', 31);
INSERT INTO cbp_tkt_sub_op_type (sub_op_type_id, sub_op_type_name, op_type_id) VALUES (32,'Create File', 32);
-- res type in (0, 1001, 200, 201, 601, 602)
INSERT INTO cbp_tkt_res_type_supp_op (res_type_id, op_type_id, is_deleted) VALUES (10, 30, 'N');
INSERT INTO cbp_tkt_res_type_supp_op (res_type_id, op_type_id, is_deleted) VALUES (10, 31, 'N');
INSERT INTO cbp_tkt_res_type_supp_op (res_type_id, op_type_id, is_deleted) VALUES (10, 32, 'N');
INSERT INTO cbp_tkt_res_type_supp_op (res_type_id, op_type_id, is_deleted) VALUES (20, 30, 'N');
INSERT INTO cbp_tkt_res_type_supp_op (res_type_id, op_type_id, is_deleted) VALUES (20, 31, 'N');
INSERT INTO cbp_tkt_res_type_supp_op (res_type_id, op_type_id, is_deleted) VALUES (20, 32, 'N');
INSERT INTO cbp_tkt_res_type_supp_op (res_type_id, op_type_id, is_deleted) VALUES (100, 50, 'N');
INSERT INTO cbp_tkt_res_type_supp_op (res_type_id, op_type_id, is_deleted) VALUES (100, 51, 'N');

INSERT INTO cbp_tkt_role (role_id, role_name, is_deleted) VALUES (1, 'Developer', 'N');
INSERT INTO cbp_tkt_role (role_id, role_name, is_deleted) VALUES (2, 'DBA', 'N');
INSERT INTO cbp_tkt_role (role_id, role_name, is_deleted) VALUES (3, 'Technical Lead', 'N');
INSERT INTO cbp_tkt_role (role_id, role_name, is_deleted) VALUES (4, 'DB Deployment Manager', 'N');
INSERT INTO cbp_tkt_role (role_id, role_name, is_deleted) VALUES (5, 'Informatica Deployment Manager', 'N');
INSERT INTO cbp_tkt_role (role_id, role_name, is_deleted) VALUES (6, 'Datastage Deployment Manager', 'N');
	
INSERT INTO cbp_tkt_artefact_dep_status (artefact_dep_status_type, artefact_dep_status_name) VALUES (0, 'In-Progress');	
INSERT INTO cbp_tkt_artefact_dep_status (artefact_dep_status_type, artefact_dep_status_name) VALUES (1, 'Abondoned');
INSERT INTO cbp_tkt_artefact_dep_status (artefact_dep_status_type, artefact_dep_status_name) VALUES (2, 'Deployed');
INSERT INTO cbp_tkt_artefact_dep_status (artefact_dep_status_type, artefact_dep_status_name) VALUES (3, 'Rolled-Back');
INSERT INTO cbp_tkt_artefact_dep_status (artefact_dep_status_type, artefact_dep_status_name) VALUES (98, 'Reference Source');
INSERT INTO cbp_tkt_artefact_dep_status (artefact_dep_status_type, artefact_dep_status_name) VALUES (99, 'In-Progress Deferred');
INSERT INTO cbp_tkt_artefact_dep_status (artefact_dep_status_type, artefact_dep_status_name) VALUES (4, 'Support File');
INSERT INTO cbp_tkt_artefact_dep_status (artefact_dep_status_type, artefact_dep_status_name) VALUES (23, 'Deployment Request Raised');
INSERT INTO cbp_tkt_artefact_dep_status (artefact_dep_status_type, artefact_dep_status_name) VALUES (24, 'Deployment Request Approved');
INSERT INTO cbp_tkt_artefact_dep_status (artefact_dep_status_type, artefact_dep_status_name) VALUES (25, 'Deployment Request Rejected');
INSERT INTO cbp_tkt_artefact_dep_status (artefact_dep_status_type, artefact_dep_status_name) VALUES (26, 'Deployment Request Deferred');

INSERT INTO cbp_tkt_artefact_dep_status (artefact_dep_status_type, artefact_dep_status_name) VALUES (27, 'Rollback Request Raised');
INSERT INTO cbp_tkt_artefact_dep_status (artefact_dep_status_type, artefact_dep_status_name) VALUES (28, 'Rollback Request Approved');
INSERT INTO cbp_tkt_artefact_dep_status (artefact_dep_status_type, artefact_dep_status_name) VALUES (29, 'Rollback Request Rejected');
INSERT INTO cbp_tkt_artefact_dep_status (artefact_dep_status_type, artefact_dep_status_name) VALUES (30, 'Rollback Request Deferred');

INSERT INTO cbp_tkt_artefact_f_r_type (artefact_f_r_type_id, artefact_f_r_type_name) VALUES (0,'Source');
INSERT INTO cbp_tkt_artefact_f_r_type (artefact_f_r_type_id, artefact_f_r_type_name) VALUES (1,'Forward');
INSERT INTO cbp_tkt_artefact_f_r_type (artefact_f_r_type_id, artefact_f_r_type_name) VALUES (2,'Rollback');
INSERT INTO cbp_tkt_artefact_f_r_type (artefact_f_r_type_id, artefact_f_r_type_name) VALUES (3,'New Code');

INSERT INTO cbp_tkt_artefact_type (artefact_type_id, artefact_type_name) VALUES (0, 'All');
INSERT INTO cbp_tkt_artefact_type (artefact_type_id, artefact_type_name) VALUES (1, 'IPC XML Export');
INSERT INTO cbp_tkt_artefact_type (artefact_type_id, artefact_type_name) VALUES (2, 'IPC Parameter File');
INSERT INTO cbp_tkt_artefact_type (artefact_type_id, artefact_type_name) VALUES (3, 'IPC Command Task');
INSERT INTO cbp_tkt_artefact_type (artefact_type_id, artefact_type_name) VALUES (4, 'SQL DDL Script');
INSERT INTO cbp_tkt_artefact_type (artefact_type_id, artefact_type_name) VALUES (5, 'SQL DML Script');
INSERT INTO cbp_tkt_artefact_type (artefact_type_id, artefact_type_name) VALUES (6, 'IPC Input File');
INSERT INTO cbp_tkt_artefact_type (artefact_type_id, artefact_type_name) VALUES (7, 'IPC Output File');
INSERT INTO cbp_tkt_artefact_type (artefact_type_id, artefact_type_name) VALUES (8, 'IPC Lookup File');
INSERT INTO cbp_tkt_artefact_type (artefact_type_id, artefact_type_name) VALUES (9, 'IPC Deployment Group');
INSERT INTO cbp_tkt_artefact_type (artefact_type_id, artefact_type_name) VALUES (10, 'IPC Label');
INSERT INTO cbp_tkt_artefact_type (artefact_type_id, artefact_type_name) VALUES (11, 'IBM DS Export File');
INSERT INTO cbp_tkt_artefact_type (artefact_type_id, artefact_type_name) VALUES (12, 'IPC Import Control File');
INSERT INTO cbp_tkt_artefact_type (artefact_type_id, artefact_type_name) VALUES (99, 'Manifest File');
INSERT INTO cbp_tkt_artefact_type (artefact_type_id, artefact_type_name) VALUES (900, 'IPC Workflow Name');
INSERT INTO cbp_tkt_artefact_type (artefact_type_id, artefact_type_name) VALUES (901, 'IPC Deployment Group Name');
INSERT INTO cbp_tkt_artefact_type (artefact_type_id, artefact_type_name) VALUES (902, 'IPC Label Name');
INSERT INTO cbp_tkt_artefact_type (artefact_type_id, artefact_type_name) VALUES (800, 'BDM Application Archive without Source');
INSERT INTO cbp_tkt_artefact_type (artefact_type_id, artefact_type_name) VALUES (801, 'BDM Application Archive with Source');
INSERT INTO cbp_tkt_artefact_type (artefact_type_id, artefact_type_name) VALUES (802, 'BDM Source Code');
INSERT INTO cbp_tkt_artefact_type (artefact_type_id, artefact_type_name) VALUES (803, 'BDM Application');
INSERT INTO cbp_tkt_artefact_type (artefact_type_id, artefact_type_name) VALUES (804, 'BDM Application Backup');
INSERT INTO cbp_tkt_artefact_type (artefact_type_id, artefact_type_name) VALUES (1000, 'Database Schemas Used');
INSERT INTO cbp_tkt_artefact_type (artefact_type_id, artefact_type_name) VALUES (700, 'IICS Export (Mapping Task)');
INSERT INTO cbp_tkt_artefact_type (artefact_type_id, artefact_type_name) VALUES (701, 'IICS Export (Replication Task)');
INSERT INTO cbp_tkt_artefact_type (artefact_type_id, artefact_type_name) VALUES (702, 'IICS Export (Synchronization Task)');
INSERT INTO cbp_tkt_artefact_type (artefact_type_id, artefact_type_name) VALUES (703, 'IICS Export (PowerCenter Task)');
INSERT INTO cbp_tkt_artefact_type (artefact_type_id, artefact_type_name) VALUES (710, 'IICS Mapping Task Name');
INSERT INTO cbp_tkt_artefact_type (artefact_type_id, artefact_type_name) VALUES (711, 'IICS Replication Task Name');
INSERT INTO cbp_tkt_artefact_type (artefact_type_id, artefact_type_name) VALUES (712, 'IICS Synchronization Task Name');
INSERT INTO cbp_tkt_artefact_type (artefact_type_id, artefact_type_name) VALUES (713, 'IICS PowerCenter Task Name');
INSERT INTO cbp_tkt_artefact_type (artefact_type_id, artefact_type_name) VALUES (720, 'IICS Parameter File');
INSERT INTO cbp_tkt_artefact_type (artefact_type_id, artefact_type_name) VALUES (805, 'BDM XML Export');
INSERT INTO cbp_tkt_artefact_type (artefact_type_id, artefact_type_name) VALUES (13, 'BDM Export Control File');
INSERT INTO cbp_tkt_artefact_type (artefact_type_id, artefact_type_name) VALUES (14, 'BDM Import Control File');
INSERT INTO cbp_tkt_artefact_type (artefact_type_id, artefact_type_name) VALUES (806, 'BDM Parameter File');

INSERT INTO cbp_tkt_status_type (tkt_status_type_id, tkt_status_type_name) VALUES (0,'In-Progress');
INSERT INTO cbp_tkt_status_type (tkt_status_type_id, tkt_status_type_name) VALUES (2,'Deployed');
INSERT INTO cbp_tkt_status_type (tkt_status_type_id, tkt_status_type_name) VALUES (1,'Rolled-Back');

INSERT INTO cbp_tkt_status_type (tkt_status_type_id, tkt_status_type_name) VALUES (3,'Deployment Request Raised');
INSERT INTO cbp_tkt_status_type (tkt_status_type_id, tkt_status_type_name) VALUES (4,'Deployment Request Approved');
INSERT INTO cbp_tkt_status_type (tkt_status_type_id, tkt_status_type_name) VALUES (5,'Deployment Request Rejected');
INSERT INTO cbp_tkt_status_type (tkt_status_type_id, tkt_status_type_name) VALUES (6,'Deployment Request Deferred');

INSERT INTO cbp_tkt_status_type (tkt_status_type_id, tkt_status_type_name) VALUES (7,'Rollback Request Raised');
INSERT INTO cbp_tkt_status_type (tkt_status_type_id, tkt_status_type_name) VALUES (8,'Rollback Request Approved');
INSERT INTO cbp_tkt_status_type (tkt_status_type_id, tkt_status_type_name) VALUES (9,'Rollback Request Rejected');
INSERT INTO cbp_tkt_status_type (tkt_status_type_id, tkt_status_type_name) VALUES (10,'Rollback Request Deferred');

INSERT INTO cbp_tkt_status_type (tkt_status_type_id, tkt_status_type_name) VALUES (40, 'Permission Requested');
INSERT INTO cbp_tkt_status_type (tkt_status_type_id, tkt_status_type_name) VALUES (43, 'Permission Approved');
INSERT INTO cbp_tkt_status_type (tkt_status_type_id, tkt_status_type_name) VALUES (41, 'Permission Granted');
INSERT INTO cbp_tkt_status_type (tkt_status_type_id, tkt_status_type_name) VALUES (42, 'Permission Auto Granted - Policy');
INSERT INTO cbp_tkt_status_type (tkt_status_type_id, tkt_status_type_name) VALUES (44, 'Permission Un-Available');
INSERT INTO cbp_tkt_status_type (tkt_status_type_id, tkt_status_type_name) VALUES (45, 'Permission Revoked');
INSERT INTO cbp_tkt_status_type (tkt_status_type_id, tkt_status_type_name) VALUES (11, 'Packaged');

INSERT INTO cbp_tkt_priority (priority_type_id, priority_name, turnaround_time, escalation_time, reminder_attempts) VALUES (1, 'Critical', 60, 120, 3);
INSERT INTO cbp_tkt_priority (priority_type_id, priority_name, turnaround_time, escalation_time, reminder_attempts) VALUES (2, 'Medium', 1440, 2880, 3);
INSERT INTO cbp_tkt_priority (priority_type_id, priority_name, turnaround_time, escalation_time, reminder_attempts) VALUES (3, 'Low', 4320, 8640, 3);

INSERT INTO cbp_tkt_form_prop (form_prop_id,form_prop_name,form_prop_label,data_type,data_value,is_editable) VALUES (39,'IPCREPO/REFNAME','Repository Name','Dynamic Dropdown',null,'N');
INSERT INTO cbp_tkt_form_prop (form_prop_id,form_prop_name,form_prop_label,data_type,data_value,is_editable) VALUES (2,'SRV/REFNAME','Host Name','Dynamic Dropdown',null,null);
INSERT INTO cbp_tkt_form_prop (form_prop_id,form_prop_name,form_prop_label,data_type,data_value,is_editable) VALUES (4,'RDBSERVER/REFNAME','RDB Server Name','Dynamic Dropdown',null,null);
INSERT INTO cbp_tkt_form_prop (form_prop_id,form_prop_name,form_prop_label,data_type,data_value,is_editable) VALUES (14,'IPC/EXPIMP/AGENT/REFNAME','PMREP Agent Name for IPC','Dynamic Dropdown',null,null);
INSERT INTO cbp_tkt_form_prop (form_prop_id,form_prop_name,form_prop_label,data_type,data_value,is_editable) VALUES (6,'RDBSERVER/PORTNO','Port Number','NUMBER',null,null);
INSERT INTO cbp_tkt_form_prop (form_prop_id,form_prop_name,form_prop_label,data_type,data_value,is_editable) VALUES (9,'IPCREPO/REFNAME','Repository Name','String',null,null);
INSERT INTO cbp_tkt_form_prop (form_prop_id,form_prop_name,form_prop_label,data_type,data_value,is_editable) VALUES (40,'IPCREPO/IPCCONNECTION/REFNAME','IPC Connection Name','String',null,null);
INSERT INTO cbp_tkt_form_prop (form_prop_id,form_prop_name,form_prop_label,data_type,data_value,is_editable) VALUES (42,'IPCREPO/FOLDER/REFNAME','Folder Name','String',null,null);
INSERT INTO cbp_tkt_form_prop (form_prop_id,form_prop_name,form_prop_label,data_type,data_value,is_editable) VALUES (26,'VCS/SVNREPOSITORY/PORTNO','Port Number','NUMBER',null,null);
INSERT INTO cbp_tkt_form_prop (form_prop_id,form_prop_name,form_prop_label,data_type,data_value,is_editable) VALUES (32,'VCS/GITHUBREPOSITORY/SUBREPOSITORYNAME','GIT Repository Name','String',null,null);
INSERT INTO cbp_tkt_form_prop (form_prop_id,form_prop_name,form_prop_label,data_type,data_value,is_editable) VALUES (18,'IPC/EXPIMP/AGENT/IMPCNTLDTDPATH','Impcntldtd Path','String',null,null);
INSERT INTO cbp_tkt_form_prop (form_prop_id,form_prop_name,form_prop_label,data_type,data_value,is_editable) VALUES (38,'IPC/INTEGRATIONSERVICE/REFNAME','Integration Service Name','String',null,null);
INSERT INTO cbp_tkt_form_prop (form_prop_id,form_prop_name,form_prop_label,data_type,data_value,is_editable) VALUES (41,'IPC/INTEGRATIONSERVICE/DOMAINNAME','Domain Name','String',null,null);
INSERT INTO cbp_tkt_form_prop (form_prop_id,form_prop_name,form_prop_label,data_type,data_value,is_editable) VALUES (16,'IPC/EXPIMP/AGENT/PASSWORD','Password','Encrypted String',null,null);
INSERT INTO cbp_tkt_form_prop (form_prop_id,form_prop_name,form_prop_label,data_type,data_value,is_editable) VALUES (21,'RDBSERVER/PHYSICALCONNECTION/REFNAME','Physical Connection Name','String',null,null);
INSERT INTO cbp_tkt_form_prop (form_prop_id,form_prop_name,form_prop_label,data_type,data_value,is_editable) VALUES (30,'VCS/SVNREPOSITORY/AUTHTOKEN','Token','String',null,null);
INSERT INTO cbp_tkt_form_prop (form_prop_id,form_prop_name,form_prop_label,data_type,data_value,is_editable) VALUES (17,'IPC/EXPIMP/AGENT/COMMANDPATH','Command Path','String',null,null);
INSERT INTO cbp_tkt_form_prop (form_prop_id,form_prop_name,form_prop_label,data_type,data_value,is_editable) VALUES (33,'VCS/GITHUBREPOSITORY/AUTHTOKEN','Token','String',null,null);
INSERT INTO cbp_tkt_form_prop (form_prop_id,form_prop_name,form_prop_label,data_type,data_value,is_editable) VALUES (36,'TICKETINGSYSTEM/JIRAREPOSITORY/USERNAME','User Name','String',null,null);
INSERT INTO cbp_tkt_form_prop (form_prop_id,form_prop_name,form_prop_label,data_type,data_value,is_editable) VALUES (3,'SRV/IPADDRESS','IP Address','String',null,null);
INSERT INTO cbp_tkt_form_prop (form_prop_id,form_prop_name,form_prop_label,data_type,data_value,is_editable) VALUES (11,'IPC/METADATAREPOSITORY/PASSWORD','Password','Encrypted String',null,null);
INSERT INTO cbp_tkt_form_prop (form_prop_id,form_prop_name,form_prop_label,data_type,data_value,is_editable) VALUES (25,'VCS/SVNREPOSITORY/REFNAME','Repository Name','String',null,null);
INSERT INTO cbp_tkt_form_prop (form_prop_id,form_prop_name,form_prop_label,data_type,data_value,is_editable) VALUES (28,'VCS/SVNREPOSITORY/PASSWORD','Password','Encrypted String',null,null);
INSERT INTO cbp_tkt_form_prop (form_prop_id,form_prop_name,form_prop_label,data_type,data_value,is_editable) VALUES (31,'VCS/GITHUBREPOSITORY/REFNAME','Repository Name','String',null,null);
INSERT INTO cbp_tkt_form_prop (form_prop_id,form_prop_name,form_prop_label,data_type,data_value,is_editable) VALUES (20,'IPC/EXPIMP/AGENT/WORKDIRECTORY','Work Directory','String',null,null);
INSERT INTO cbp_tkt_form_prop (form_prop_id,form_prop_name,form_prop_label,data_type,data_value,is_editable) VALUES (12,'IPC/METADATAREPOSITORY/OWNERNAME','Owner Name','String',null,null);
INSERT INTO cbp_tkt_form_prop (form_prop_id,form_prop_name,form_prop_label,data_type,data_value,is_editable) VALUES (35,'TICKETINGSYSTEM/JIRAREPOSITORY/URL','JIRA URL','String',null,null);
INSERT INTO cbp_tkt_form_prop (form_prop_id,form_prop_name,form_prop_label,data_type,data_value,is_editable) VALUES (5,'RDBSERVER/DBTYPE','Database Type','Static Dropdown','Oracle,SQLServer,DB2,Netezza,Teradata',null);
INSERT INTO cbp_tkt_form_prop (form_prop_id,form_prop_name,form_prop_label,data_type,data_value,is_editable) VALUES (10,'IPC/METADATAREPOSITORY/USERNAME','User Name','String',null,null);
INSERT INTO cbp_tkt_form_prop (form_prop_id,form_prop_name,form_prop_label,data_type,data_value,is_editable) VALUES (37,'TICKETINGSYSTEM/JIRAREPOSITORY/AUTHTOKEN','Token','String',null,null);
INSERT INTO cbp_tkt_form_prop (form_prop_id,form_prop_name,form_prop_label,data_type,data_value,is_editable) VALUES (13,'IPC/METADATAREPOSITORY/DATABASENAME','Database Name','String',null,null);
INSERT INTO cbp_tkt_form_prop (form_prop_id,form_prop_name,form_prop_label,data_type,data_value,is_editable) VALUES (1,'SRV/SERVERTYPE','Server Type','Static Dropdown','Windows, Unix',null);
INSERT INTO cbp_tkt_form_prop (form_prop_id,form_prop_name,form_prop_label,data_type,data_value,is_editable) VALUES (7,'RDBSERVER/SERVICENAME','Service Name','String',null,null);
INSERT INTO cbp_tkt_form_prop (form_prop_id,form_prop_name,form_prop_label,data_type,data_value,is_editable) VALUES (15,'IPC/EXPIMP/AGENT/USERNAME','User Name','String',null,null);
INSERT INTO cbp_tkt_form_prop (form_prop_id,form_prop_name,form_prop_label,data_type,data_value,is_editable) VALUES (34,'TICKETINGSYSTEM/JIRAREPOSITORY/REFNAME','JIRA Repository Name','String',null,null);
INSERT INTO cbp_tkt_form_prop (form_prop_id,form_prop_name,form_prop_label,data_type,data_value,is_editable) VALUES (23,'RDBSERVER/PHYSICALCONNECTION/PASSWORD','Password','Encrypted String',null,null);
INSERT INTO cbp_tkt_form_prop (form_prop_id,form_prop_name,form_prop_label,data_type,data_value,is_editable) VALUES (27,'VCS/SVNREPOSITORY/USERNAME','User Name','String',null,null);
INSERT INTO cbp_tkt_form_prop (form_prop_id,form_prop_name,form_prop_label,data_type,data_value,is_editable) VALUES (29,'VCS/SVNREPOSITORY/SUBREPOSITORYNAME','SVN Repository Name','String',null,null);
INSERT INTO cbp_tkt_form_prop (form_prop_id,form_prop_name,form_prop_label,data_type,data_value,is_editable) VALUES (19,'IPC/DOMAIN','Domain','String',null,null);
INSERT INTO cbp_tkt_form_prop (form_prop_id,form_prop_name,form_prop_label,data_type,data_value,is_editable) VALUES (8,'RDBSERVER/DATABASENAME','Database Name','String',null,null);
INSERT INTO cbp_tkt_form_prop (form_prop_id,form_prop_name,form_prop_label,data_type,data_value,is_editable) VALUES (22,'RDBSERVER/PHYSICALCONNECTION/USERNAME','User Name','String',null,null);
INSERT INTO cbp_tkt_form_prop (form_prop_id,form_prop_name,form_prop_label,data_type,data_value,is_editable) VALUES (24,'RDBSERVER/SCHEMANAME/REFNAME','Schema Name','String',null,null);
INSERT INTO cbp_tkt_form_prop (form_prop_id,form_prop_name,form_prop_label,data_type,data_value,is_editable) VALUES (43,'UNDRALEUCODEQUALITY/REFNAME','Undraleu Instance Name','String',null,null);
INSERT INTO cbp_tkt_form_prop (form_prop_id,form_prop_name,form_prop_label,data_type,data_value,is_editable) VALUES (44,'UNDRALEUCODEQUALITY/DBTYPE','Database Type','Static Dropdown','Oracle,SQLServer,DB2,PostgreSQL,MySQL',null);
INSERT INTO cbp_tkt_form_prop (form_prop_id,form_prop_name,form_prop_label,data_type,data_value,is_editable) VALUES (45,'UNDRALEUCODEQUALITY/JDBCURL','JDBC URL','String',null,null);
INSERT INTO cbp_tkt_form_prop (form_prop_id,form_prop_name,form_prop_label,data_type,data_value,is_editable) VALUES (46,'UNDRALEUCODEQUALITY/USERNAME','User Name','String',null,null);
INSERT INTO cbp_tkt_form_prop (form_prop_id,form_prop_name,form_prop_label,data_type,data_value,is_editable) VALUES (47,'UNDRALEUCODEQUALITY/PASSWORD','Password','Encrypted String',null,null);
INSERT INTO cbp_tkt_form_prop (form_prop_id,form_prop_name,form_prop_label,data_type,data_value,is_editable) VALUES (48,'UNDRALEUCODEQUALITY/IPCREPO/REFNAME','IPC Repository Name in Undraleu','String',null,null);
INSERT INTO cbp_tkt_form_prop (form_prop_id,form_prop_name,form_prop_label,data_type,data_value,is_editable) VALUES (49,'IPC/INTEGRATIONSERVICE/INPUTFILEFOLDER','Source File Folder','String',null,'N');
INSERT INTO cbp_tkt_form_prop (form_prop_id,form_prop_name,form_prop_label,data_type,data_value,is_editable) VALUES (50,'IPC/INTEGRATIONSERVICE/OUTPUTFILEFOLDER','Target File Folder','String',null,'N');
INSERT INTO cbp_tkt_form_prop (form_prop_id,form_prop_name,form_prop_label,data_type,data_value,is_editable) VALUES (51,'IPC/INTEGRATIONSERVICE/LOOKUPFILEFOLDER','Lookup File Folder','String',null,'N');
INSERT INTO cbp_tkt_form_prop (form_prop_id,form_prop_name,form_prop_label,data_type,data_value,is_editable) VALUES (52,'IPC/INTEGRATIONSERVICE/AGGCACHEFOLDER','Aggregator Cache Folder','String',null,'N');
INSERT INTO cbp_tkt_form_prop (form_prop_id,form_prop_name,form_prop_label,data_type,data_value,is_editable) VALUES (53,'IPC/INTEGRATIONSERVICE/RANKCACHEFOLDER','Rank Cache Folder','String',null,'N');
INSERT INTO cbp_tkt_form_prop (form_prop_id,form_prop_name,form_prop_label,data_type,data_value,is_editable) VALUES (54,'IPC/INTEGRATIONSERVICE/LOOKUPCACHEFOLDER','Lookup Cache Folder','String',null,'N');
INSERT INTO cbp_tkt_form_prop (form_prop_id,form_prop_name,form_prop_label,data_type,data_value,is_editable) VALUES (55,'IPC/INTEGRATIONSERVICE/JOINERCACHEFOLDER','Joiner Cache Folder','String',null,'N');
INSERT INTO cbp_tkt_form_prop (form_prop_id,form_prop_name,form_prop_label,data_type,data_value,is_editable) VALUES (56,'IPC/INTEGRATIONSERVICE/SORTERCACHEFOLDER','Sorter Cache Folder','String',null,'N');
INSERT INTO cbp_tkt_form_prop (form_prop_id,form_prop_name,form_prop_label,data_type,data_value,is_editable) VALUES (57,'IPC/INTEGRATIONSERVICE/PARAMETERFILEFOLDER','Parameter Files Folder','String',null,'N');
INSERT INTO cbp_tkt_form_prop (form_prop_id,form_prop_name,form_prop_label,data_type,data_value,is_editable) VALUES (58,'IPC/INTEGRATIONSERVICE/SESSIONLOGFOLDER','Session Log Folder','String',null,'N');
INSERT INTO cbp_tkt_form_prop (form_prop_id,form_prop_name,form_prop_label,data_type,data_value,is_editable) VALUES (59,'IPC/INTEGRATIONSERVICE/WORKFLOWLOGFOLDER','Workflow Log Folder','String',null,'N');
INSERT INTO cbp_tkt_form_prop (form_prop_id,form_prop_name,form_prop_label,data_type,data_value,is_editable) VALUES (60,'IPC/INTEGRATIONSERVICE/ERRORLOGFOLDER','Error Log Folder','String',null,'N');
INSERT INTO cbp_tkt_form_prop (form_prop_id,form_prop_name,form_prop_label,data_type,data_value,is_editable) VALUES (61,'IPC/INTEGRATIONSERVICE/REJECTFILEFOLDER','Reject or Bad File Folder','String',null,'N');
INSERT INTO cbp_tkt_form_prop (form_prop_id,form_prop_name,form_prop_label,data_type,data_value,is_editable) VALUES (62,'IPC/INTEGRATIONSERVICE/COMMANDSCRIPTSFOLDER','Command Script Folder','String',null,'N');
-- Schema additional Clauses for Create Table and Index
-- This needs to be re-pointed to JDBC URL Resource
--INSERT INTO cbp_tkt_form_prop (form_prop_id,form_prop_name,form_prop_label,data_type,data_value,is_editable) VALUES (63,'RDBSERVER/SCHEMANAME/CREATETABLEDBACLAUSE','Create Table DBA Clause','String',null,null);
--INSERT INTO cbp_tkt_form_prop (form_prop_id,form_prop_name,form_prop_label,data_type,data_value,is_editable) VALUES (64,'RDBSERVER/SCHEMANAME/CREATEINDEXDBACLAUSE','Create Index DBA Clause','String',null,null);
INSERT INTO cbp_tkt_form_prop (form_prop_id, form_prop_name, form_prop_label, data_type, data_value, is_editable) VALUES (80,'IPC/REPOSITORYSERVER/FOLDERPATH','Folder Path','String',null,'N');
INSERT INTO cbp_tkt_form_prop (form_prop_id, form_prop_name, form_prop_label, data_type, data_value, is_editable) VALUES (83,'IICS/REPOSITORYNAME','Repository Name','String',null,'N');
INSERT INTO cbp_tkt_form_prop (form_prop_id, form_prop_name, form_prop_label, data_type, data_value, is_editable) VALUES (84,'IICS/USERNAME','User Name','String',null,'N');
INSERT INTO cbp_tkt_form_prop (form_prop_id, form_prop_name, form_prop_label, data_type, data_value, is_editable) VALUES (85,'IICS/PASSWORD','Password','Encrypted String',null,'N');
INSERT INTO cbp_tkt_form_prop (form_prop_id, form_prop_name, form_prop_label, data_type, data_value, is_editable) VALUES (86,'IICS/IICSURL','IICS Url','String',null,'N');
INSERT INTO cbp_tkt_form_prop (form_prop_id, form_prop_name, form_prop_label, data_type, data_value, is_editable) VALUES (88,'IICS/ORGANIZATIONNAME','Organization Name','String',null,'N');
INSERT INTO cbp_tkt_form_prop (form_prop_id, form_prop_name, form_prop_label, data_type, data_value, is_editable) VALUES (87,'IICS/ORGANIZATIONID','Organization Id','String',null,'N');
INSERT INTO cbp_tkt_form_prop (form_prop_id, form_prop_name, form_prop_label, data_type, is_editable) VALUES ('89', 'UNDRALEUCODEQUALITY/URL', 'Undraleu Instance URL', 'String', NULL);
INSERT INTO cbp_tkt_form_prop (form_prop_id, form_prop_name, form_prop_label, data_type, data_value, is_editable) VALUES (96,'IPC/DOMAIN/REFNAME','Domain Name','String',null,'N');
INSERT INTO cbp_tkt_form_prop (form_prop_id, form_prop_name, form_prop_label, data_type, data_value, is_editable) VALUES (97,'IPC/DOMAIN/USERNAME','User Name','String',null,'Y');
INSERT INTO cbp_tkt_form_prop (form_prop_id, form_prop_name, form_prop_label, data_type, data_value, is_editable) VALUES (98,'IPC/DOMAIN/PASSWORD','Password','Encrypted String',null,'Y');
INSERT INTO cbp_tkt_form_prop (form_prop_id, form_prop_name, form_prop_label, data_type, data_value, is_editable) VALUES (99,'IPC/DOMAIN/OWNERNAME','Owner Name','String',null,'Y');
INSERT INTO cbp_tkt_form_prop (form_prop_id, form_prop_name, form_prop_label, data_type, data_value, is_editable) VALUES (100,'IPC/DOMAIN/DATABASENAME','Database Name','String',null,'Y');
INSERT INTO cbp_tkt_form_prop (form_prop_id, form_prop_name, form_prop_label, data_type) VALUES ('90', 'IICS/ENVIRONMENT/ID', 'Environment Id', 'String');
INSERT INTO cbp_tkt_form_prop (form_prop_id, form_prop_name, form_prop_label, data_type) VALUES ('91', 'IICS/ENVIRONMENT/NAME', 'Environment Name', 'String');
INSERT INTO cbp_tkt_form_prop (form_prop_id, form_prop_name, form_prop_label, data_type) VALUES ('92', 'IICS/ENVIRONMENT/USERNAME', 'User Name', 'String');
INSERT INTO cbp_tkt_form_prop (form_prop_id, form_prop_name, form_prop_label, data_type) VALUES ('93', 'IICS/ENVIRONMENT/PASSWORD', 'Password', 'Encrypted String');
INSERT INTO cbp_tkt_form_prop (form_prop_id, form_prop_name, form_prop_label, data_type) VALUES ('94', 'IICS/ENVIRONMENT/HOSTNAME', 'Host Name', 'String');
INSERT INTO cbp_tkt_form_prop (form_prop_id, form_prop_name, form_prop_label, data_type) VALUES ('95', 'IICS/ENVIRONMENT/PLATFORM', 'Platform', 'String');
INSERT INTO cbp_tkt_form_prop (form_prop_id, form_prop_name, form_prop_label, data_type, data_value, is_editable) VALUES (101,'IPC/INTEGRATIONSERVICE/PMROOTDIRECTORY','Root Directory','String',null,'N');
INSERT INTO cbp_tkt_form_prop (form_prop_id, form_prop_name, form_prop_label, data_type) VALUES (102, 'TALEND/GITHUBREPOSITORY/REFNAME', 'GIT Organization Name', 'String');
INSERT INTO cbp_tkt_form_prop (form_prop_id, form_prop_name, form_prop_label, data_type) VALUES (103, 'TALEND/GITHUBREPOSITORY/SUBREPOSITORYNAME', 'GIT Repository Name', 'String');
INSERT INTO cbp_tkt_form_prop (form_prop_id, form_prop_name, form_prop_label, data_type) VALUES (104, 'TALEND/GITHUBREPOSITORY/AUTHTOKEN', 'Token', 'String');
INSERT INTO cbp_tkt_form_prop (form_prop_id, form_prop_name, form_prop_label, data_type) VALUES (105, 'TALEND/REFNAME', 'Repository Name', 'String');
INSERT INTO cbp_tkt_form_prop (form_prop_id, form_prop_name, form_prop_label, data_type) VALUES (112, 'DVREPO/REFNAME', 'Repository Name', 'String');
INSERT INTO cbp_tkt_form_prop (form_prop_id, form_prop_name, form_prop_label, data_type) VALUES (113, 'DV/METADATAREPOSITORY/USERNAME', 'User Name', 'String');
INSERT INTO cbp_tkt_form_prop (form_prop_id, form_prop_name, form_prop_label, data_type) VALUES (114, 'DV/METADATAREPOSITORY/PASSWORD', 'Password', 'Encrypted String');
INSERT INTO cbp_tkt_form_prop (form_prop_id, form_prop_name, form_prop_label, data_type) VALUES (115, 'DV/METADATAREPOSITORY/OWNERNAME', 'Owner Name', 'String');
INSERT INTO cbp_tkt_form_prop (form_prop_id, form_prop_name, form_prop_label, data_type) VALUES (116, 'DV/METADATAREPOSITORY/DATABASENAME', 'Database Name', 'String');
INSERT INTO cbp_tkt_form_prop (form_prop_id, form_prop_name, form_prop_label, data_type) VALUES (119, 'DV/EXPIMP/AGENT/COMMANDPATH', 'BDM Command Path', 'String');
INSERT INTO cbp_tkt_form_prop (form_prop_id, form_prop_name, form_prop_label, data_type, data_value, is_editable) VALUES (117,'IPCMRS/DATAINTEGRATIONSERVICE/REFNAME','Data Integration Service Name','String',null,null);
INSERT INTO cbp_tkt_form_prop (form_prop_id, form_prop_name, form_prop_label, data_type, data_value, is_editable) VALUES (118,'IPCMRS/DATAINTEGRATIONSERVICE/DOMAINNAME','Data Integration Domain Name','String',null,null);
INSERT INTO cbp_tkt_form_prop (form_prop_id, form_prop_name, form_prop_label, data_type, data_value, is_editable) VALUES (120,'DV/PROJECTNAME','Project Name','String',null,'N');
INSERT INTO cbp_tkt_form_prop (form_prop_id, form_prop_name, form_prop_label, data_type, data_value, is_editable) VALUES (121,'DV/PROJECTID','Project Id','NUMBER',null,'N');
INSERT INTO cbp_tkt_form_prop (form_prop_id, form_prop_name, form_prop_label, data_type, data_value, is_editable) VALUES (122,'DV/FOLDERNAME','Folder Name','String',null,'N');
INSERT INTO cbp_tkt_form_prop (form_prop_id, form_prop_name, form_prop_label, data_type, data_value, is_editable) VALUES (123,'DV/FOLDERID','Folder Id','NUMBER',null,'N');
INSERT INTO cbp_tkt_form_prop (form_prop_id, form_prop_name, form_prop_label, data_type) VALUES (124, 'DV/PARAMFILEPATH', 'Parameter File Location', 'String');
INSERT INTO cbp_tkt_form_prop (form_prop_id, form_prop_name, form_prop_label, data_type) VALUES (125, 'DV/PARAMFILENAMEREGEX', 'Parameter File Name Pattern', 'String');

INSERT INTO cbp_tkt_form_prop (form_prop_id, form_prop_name, form_prop_label, data_type) VALUES (150, 'JDBCSOURCE/REFNAME', 'JDBC Source Name', 'Dynamic Dropdown');
INSERT INTO cbp_tkt_form_prop (form_prop_id, form_prop_name, form_prop_label, data_type) VALUES (151, 'JDBCSOURCE/URL', 'JDBC URL', 'String');
INSERT INTO cbp_tkt_form_prop (form_prop_id, form_prop_name, form_prop_label, data_type, data_value) VALUES (152, 'JDBCSOURCE/DATABASETYPE', 'Database Type', 'Static Dropdown', 'Oracle,SQLServer,DB2,PostgreSQL,MySQL');
INSERT INTO cbp_tkt_form_prop (form_prop_id, form_prop_name, form_prop_label, data_type) VALUES (161, 'JDBCSOURCE/DATABASEHOSTNAME', 'Database Host Name', 'String');
INSERT INTO cbp_tkt_form_prop (form_prop_id, form_prop_name, form_prop_label, data_type) VALUES (162, 'JDBCSOURCE/DATABASEHOSTIPADDRESS', 'Database Host IP', 'String');
INSERT INTO cbp_tkt_form_prop (form_prop_id, form_prop_name, form_prop_label, data_type) VALUES (163, 'JDBCSOURCE/DATABASEHOSTPORTNO', 'Database Port No', 'NUMBER');
INSERT INTO cbp_tkt_form_prop (form_prop_id, form_prop_name, form_prop_label, data_type) VALUES (156, 'JDBCSOURCE/SERVICENAME', 'Service Name', 'String');
INSERT INTO cbp_tkt_form_prop (form_prop_id, form_prop_name, form_prop_label, data_type) VALUES (165, 'JDBCSOURCE/INSTANCENAME', 'Instance Name', 'String');
INSERT INTO cbp_tkt_form_prop (form_prop_id, form_prop_name, form_prop_label, data_type) VALUES (164, 'JDBCSOURCE/SOURCEURL', 'Source JDBC URL', 'String');

INSERT INTO cbp_tkt_form_prop (form_prop_id, form_prop_name, form_prop_label, data_type) VALUES (200, 'CLOUDSTORAGE/REFNAME', 'Cloud Storage Name', 'String');
INSERT INTO cbp_tkt_form_prop (form_prop_id, form_prop_name, form_prop_label, data_type) VALUES (201, 'CLOUDSTORAGE/STORAGETYPE', 'Cloud Storage Type', 'String');
INSERT INTO cbp_tkt_form_prop (form_prop_id, form_prop_name, form_prop_label, data_type) VALUES (202, 'CLOUDSTORAGE/PROPERTIES', 'Access Properties', 'String');
INSERT INTO cbp_tkt_form_prop (form_prop_id, form_prop_name, form_prop_label, data_type) VALUES (203, 'DATABASECONNECTION/REFNAME', 'Connection Name', 'String');
INSERT INTO cbp_tkt_form_prop (form_prop_id, form_prop_name, form_prop_label, data_type) VALUES (204, 'DATABASECONNECTION/SCHEMANAME', 'Schema Name', 'String');
INSERT INTO cbp_tkt_form_prop (form_prop_id, form_prop_name, form_prop_label, data_type) VALUES (205, 'DATABASECONNECTION/USERNAME', 'User Name', 'String');
INSERT INTO cbp_tkt_form_prop (form_prop_id, form_prop_name, form_prop_label, data_type) VALUES (206, 'DATABASECONNECTION/PASSWORD', 'Password', 'Encrypted String');
INSERT INTO cbp_tkt_form_prop (form_prop_id, form_prop_name, form_prop_label, data_type) VALUES (207, 'DATABASECONNECTION/DATABASENAME', 'Database Name', 'String');
INSERT INTO cbp_tkt_form_prop (form_prop_id, form_prop_name, form_prop_label, data_type) VALUES (297, 'Command Center Type', 'Command Center Type', 'String');	
INSERT INTO cbp_tkt_form_prop (form_prop_id, form_prop_name, form_prop_label, data_type) VALUES (298, 'Command Center Name', 'Command Center Name', 'Dynamic Dropdown');	
INSERT INTO cbp_tkt_form_prop (form_prop_id, form_prop_name, form_prop_label, data_type) VALUES (299, 'Use Application Credentials', 'Use Application Credentials', 'Checkbox');	
INSERT INTO cbp_tkt_form_prop (form_prop_id, form_prop_name, form_prop_label, data_type) VALUES (300, 'Use Host Credentials', 'Use Host Credentials', 'Checkbox');
INSERT INTO cbp_tkt_form_prop (form_prop_id, form_prop_name, form_prop_label, data_type) VALUES (301, 'User Name', 'User Name', 'String');
INSERT INTO cbp_tkt_form_prop (form_prop_id, form_prop_name, form_prop_label, data_type) VALUES (302, 'Password', 'Password', 'Encrypted String');
INSERT INTO cbp_tkt_form_prop (form_prop_id, form_prop_name, form_prop_label, data_type) VALUES (303, 'Migration User Name', 'Migration Export User Name', 'String');
INSERT INTO cbp_tkt_form_prop (form_prop_id, form_prop_name, form_prop_label, data_type) VALUES (304, 'Migration User Password', 'Migration User Password', 'Encrypted String');
INSERT INTO cbp_tkt_form_prop (form_prop_id, form_prop_name, form_prop_label, data_type) VALUES (305, 'Command Path', 'Command Path', 'String');
INSERT INTO cbp_tkt_form_prop (form_prop_id, form_prop_name, form_prop_label, data_type) VALUES (306, 'Command', 'Command', 'String');
INSERT INTO cbp_tkt_form_prop (form_prop_id, form_prop_name, form_prop_label, data_type) VALUES (307, 'Work Directory', 'Work Directory', 'String');
INSERT INTO cbp_tkt_form_prop (form_prop_id, form_prop_name, form_prop_label, data_type) VALUES (308, 'DTD Path', 'DTD Path', 'String');
INSERT INTO cbp_tkt_form_prop (form_prop_id, form_prop_name, form_prop_label, data_type) VALUES (309, 'DTD File Name', 'DTD File Name', 'String');
INSERT INTO cbp_tkt_form_prop (form_prop_id, form_prop_name, form_prop_label, data_type) VALUES (310, 'Use Resource Credentials', 'Use Resource Credentials', 'Checkbox');
INSERT INTO cbp_tkt_form_prop (form_prop_id, form_prop_name, form_prop_label, data_type) VALUES (313, 'BDM Command Path', 'BDM Command Path', 'String');
INSERT INTO cbp_tkt_form_prop (form_prop_id, form_prop_name, form_prop_label, data_type) VALUES (314, 'BDM Command', 'BDM Command', 'String');
INSERT INTO cbp_tkt_form_prop (form_prop_id, form_prop_name, form_prop_label, data_type) VALUES (415, 'SSH Folder Path', 'SSH Folder Path', 'String');
INSERT INTO cbp_tkt_form_prop (form_prop_id, form_prop_name, form_prop_label, data_type) VALUES (416, 'VCS/GITHUBREPOSITORY/ISRELEASEGIT', 'Is Release', 'Checkbox');
INSERT INTO cbp_tkt_form_prop (form_prop_id, form_prop_name, form_prop_label, data_type) VALUES (417, 'VCS/GITHUBREPOSITORY/RELEASEBRANCH', 'Release Branch', 'String');

INSERT INTO cbp_tkt_res_type_form (res_type_id, form_prop_id, form_prop_display_order) VALUES (10,2,1);
INSERT INTO cbp_tkt_res_type_form (res_type_id, form_prop_id, form_prop_display_order) VALUES (10,3,2);
INSERT INTO cbp_tkt_res_type_form (res_type_id, form_prop_id, form_prop_display_order) VALUES (20,2,1);
INSERT INTO cbp_tkt_res_type_form (res_type_id, form_prop_id, form_prop_display_order) VALUES (20,3,2);
INSERT INTO cbp_tkt_res_type_form (res_type_id, form_prop_id, form_prop_display_order) VALUES (20,301,3);
INSERT INTO cbp_tkt_res_type_form (res_type_id, form_prop_id, form_prop_display_order) VALUES (20,302,4);
INSERT INTO cbp_tkt_res_type_form (res_type_id, form_prop_id, form_prop_display_order) VALUES (20,415,5);
INSERT INTO cbp_tkt_res_type_form (res_type_id, form_prop_id, form_prop_display_order) VALUES (100,9,1);
INSERT INTO cbp_tkt_res_type_form (res_type_id, form_prop_id, form_prop_display_order) VALUES (100,10,3);
INSERT INTO cbp_tkt_res_type_form (res_type_id, form_prop_id, form_prop_display_order) VALUES (100,11,4);
INSERT INTO cbp_tkt_res_type_form (res_type_id, form_prop_id, form_prop_display_order) VALUES (101,38,1);
INSERT INTO cbp_tkt_res_type_form (res_type_id, form_prop_id, form_prop_display_order) VALUES (101,41,2);
INSERT INTO cbp_tkt_res_type_form (res_type_id, form_prop_id, form_prop_display_order) VALUES (101,2,3);
INSERT INTO cbp_tkt_res_type_form (res_type_id, form_prop_id, form_prop_display_order) VALUES (101,3,4);
INSERT INTO cbp_tkt_res_type_form (res_type_id, form_prop_id, form_prop_display_order) VALUES (101,101,13);
INSERT INTO cbp_tkt_res_type_form (res_type_id, form_prop_id, form_prop_display_order) VALUES (101,49,14);
INSERT INTO cbp_tkt_res_type_form (res_type_id, form_prop_id, form_prop_display_order) VALUES (101,50,15);
INSERT INTO cbp_tkt_res_type_form (res_type_id, form_prop_id, form_prop_display_order) VALUES (101,51,16);
INSERT INTO cbp_tkt_res_type_form (res_type_id, form_prop_id, form_prop_display_order) VALUES (101,52,17);
INSERT INTO cbp_tkt_res_type_form (res_type_id, form_prop_id, form_prop_display_order) VALUES (101,53,18);
INSERT INTO cbp_tkt_res_type_form (res_type_id, form_prop_id, form_prop_display_order) VALUES (101,54,19);
INSERT INTO cbp_tkt_res_type_form (res_type_id, form_prop_id, form_prop_display_order) VALUES (101,55,20);
INSERT INTO cbp_tkt_res_type_form (res_type_id, form_prop_id, form_prop_display_order) VALUES (101,56,21);
INSERT INTO cbp_tkt_res_type_form (res_type_id, form_prop_id, form_prop_display_order) VALUES (101,57,22);
INSERT INTO cbp_tkt_res_type_form (res_type_id, form_prop_id, form_prop_display_order) VALUES (101,58,23);
INSERT INTO cbp_tkt_res_type_form (res_type_id, form_prop_id, form_prop_display_order) VALUES (101,59,24);
INSERT INTO cbp_tkt_res_type_form (res_type_id, form_prop_id, form_prop_display_order) VALUES (101,60,25);
INSERT INTO cbp_tkt_res_type_form (res_type_id, form_prop_id, form_prop_display_order) VALUES (101,61,26);
INSERT INTO cbp_tkt_res_type_form (res_type_id, form_prop_id, form_prop_display_order) VALUES (101,62,27);
INSERT INTO cbp_tkt_res_type_form (res_type_id, form_prop_id, form_prop_display_order) VALUES (600,39,1);
INSERT INTO cbp_tkt_res_type_form (res_type_id, form_prop_id, form_prop_display_order) VALUES (600,42,2);
INSERT INTO cbp_tkt_res_type_form (res_type_id, form_prop_id, form_prop_display_order) VALUES (1000,25,1);
INSERT INTO cbp_tkt_res_type_form (res_type_id, form_prop_id, form_prop_display_order) VALUES (1000,2,2);
INSERT INTO cbp_tkt_res_type_form (res_type_id, form_prop_id, form_prop_display_order) VALUES (1000,26,3);
INSERT INTO cbp_tkt_res_type_form (res_type_id, form_prop_id, form_prop_display_order) VALUES (1000,27,4);
INSERT INTO cbp_tkt_res_type_form (res_type_id, form_prop_id, form_prop_display_order) VALUES (1000,28,5);
INSERT INTO cbp_tkt_res_type_form (res_type_id, form_prop_id, form_prop_display_order) VALUES (1000,29,6);
INSERT INTO cbp_tkt_res_type_form (res_type_id, form_prop_id, form_prop_display_order) VALUES (1000,30,7);
INSERT INTO cbp_tkt_res_type_form (res_type_id, form_prop_id, form_prop_display_order) VALUES (100,12,5);
INSERT INTO cbp_tkt_res_type_form (res_type_id, form_prop_id, form_prop_display_order) VALUES (100,298,7);
INSERT INTO cbp_tkt_res_type_form (res_type_id, form_prop_id, form_prop_display_order) VALUES (2000,31,1);
INSERT INTO cbp_tkt_res_type_form (res_type_id, form_prop_id, form_prop_display_order) VALUES (2000,32,2);
INSERT INTO cbp_tkt_res_type_form (res_type_id, form_prop_id, form_prop_display_order) VALUES (2000,33,3);
INSERT INTO cbp_tkt_res_type_form (res_type_id, form_prop_id, form_prop_display_order) VALUES (2000,416,4);
INSERT INTO cbp_tkt_res_type_form (res_type_id, form_prop_id, form_prop_display_order) VALUES (2000,417,5);
INSERT INTO cbp_tkt_res_type_form (res_type_id, form_prop_id, form_prop_display_order) VALUES (3000,34,1);
INSERT INTO cbp_tkt_res_type_form (res_type_id, form_prop_id, form_prop_display_order) VALUES (3000,35,2);
INSERT INTO cbp_tkt_res_type_form (res_type_id, form_prop_id, form_prop_display_order) VALUES (3000,36,3);
INSERT INTO cbp_tkt_res_type_form (res_type_id, form_prop_id, form_prop_display_order) VALUES (3000,37,4);
INSERT INTO cbp_tkt_res_type_form (res_type_id, form_prop_id, form_prop_display_order) VALUES (100,150,2);
INSERT INTO cbp_tkt_res_type_form (res_type_id, form_prop_id, form_prop_display_order) VALUES (100,13,6);
INSERT INTO cbp_tkt_res_type_form (res_type_id, form_prop_id, form_prop_display_order) VALUES (100,43,8);
INSERT INTO cbp_tkt_res_type_form (res_type_id, form_prop_id, form_prop_display_order) VALUES (100,48,9);
INSERT INTO cbp_tkt_res_type_form (res_type_id, form_prop_id, form_prop_display_order) VALUES (5000,43,1);
INSERT INTO cbp_tkt_res_type_form (res_type_id, form_prop_id, form_prop_display_order) VALUES (5000,44,2);
INSERT INTO cbp_tkt_res_type_form (res_type_id, form_prop_id, form_prop_display_order) VALUES (5000,45,3);
INSERT INTO cbp_tkt_res_type_form (res_type_id, form_prop_id, form_prop_display_order) VALUES (5000,46,4);
INSERT INTO cbp_tkt_res_type_form (res_type_id, form_prop_id, form_prop_display_order) VALUES (5000,47,5);
INSERT INTO cbp_tkt_res_type_form (res_type_id, form_prop_id, form_prop_display_order) values (8000,83,1);
INSERT INTO cbp_tkt_res_type_form (res_type_id, form_prop_id, form_prop_display_order) values (8000,84,2);
INSERT INTO cbp_tkt_res_type_form (res_type_id, form_prop_id, form_prop_display_order) values (8000,85,3);
INSERT INTO cbp_tkt_res_type_form (res_type_id, form_prop_id, form_prop_display_order) values (8000,86,4);
INSERT INTO cbp_tkt_res_type_form (res_type_id, form_prop_id, form_prop_display_order) values (8000,87,5);
INSERT INTO cbp_tkt_res_type_form (res_type_id, form_prop_id, form_prop_display_order) values (8000,88,6);
INSERT INTO cbp_tkt_res_type_form (res_type_id, form_prop_id, form_prop_display_order) VALUES (5000, 89, 6);
INSERT INTO cbp_tkt_res_type_form (res_type_id, form_prop_id, form_prop_display_order) VALUES (8001, 90, 1);
INSERT INTO cbp_tkt_res_type_form (res_type_id, form_prop_id, form_prop_display_order) VALUES (8001, 91, 2);
INSERT INTO cbp_tkt_res_type_form (res_type_id, form_prop_id, form_prop_display_order) VALUES (8001, 92, 3);
INSERT INTO cbp_tkt_res_type_form (res_type_id, form_prop_id, form_prop_display_order) VALUES (8001, 93, 4);
INSERT INTO cbp_tkt_res_type_form (res_type_id, form_prop_id, form_prop_display_order) VALUES (8001, 94, 5);
INSERT INTO cbp_tkt_res_type_form (res_type_id, form_prop_id, form_prop_display_order) VALUES (8001, 95, 6);
INSERT INTO cbp_tkt_res_type_form (res_type_id, form_prop_id, form_prop_display_order) VALUES (104,96,1);
INSERT INTO cbp_tkt_res_type_form (res_type_id, form_prop_id, form_prop_display_order) VALUES (104,150,2);
INSERT INTO cbp_tkt_res_type_form (res_type_id, form_prop_id, form_prop_display_order) VALUES (104,97,3);
INSERT INTO cbp_tkt_res_type_form (res_type_id, form_prop_id, form_prop_display_order) VALUES (104,98,4);
INSERT INTO cbp_tkt_res_type_form (res_type_id, form_prop_id, form_prop_display_order) VALUES (104,99,5);
INSERT INTO cbp_tkt_res_type_form (res_type_id, form_prop_id, form_prop_display_order) VALUES (104,100,6);
INSERT INTO cbp_tkt_res_type_form (res_type_id, form_prop_id, form_prop_display_order) VALUES (400, 105, 1);
INSERT INTO cbp_tkt_res_type_form (res_type_id, form_prop_id, form_prop_display_order) VALUES (400, 102, 2);
INSERT INTO cbp_tkt_res_type_form (res_type_id, form_prop_id, form_prop_display_order) VALUES (400, 103, 3);
INSERT INTO cbp_tkt_res_type_form (res_type_id, form_prop_id, form_prop_display_order) VALUES (400, 104, 4);

INSERT INTO cbp_tkt_res_type_form (res_type_id, form_prop_id, form_prop_display_order) VALUES (102, 112, 1);
INSERT INTO cbp_tkt_res_type_form (res_type_id, form_prop_id, form_prop_display_order) VALUES (102, 150, 2);
INSERT INTO cbp_tkt_res_type_form (res_type_id, form_prop_id, form_prop_display_order) VALUES (102, 113, 3);
INSERT INTO cbp_tkt_res_type_form (res_type_id, form_prop_id, form_prop_display_order) VALUES (102, 114, 4);
INSERT INTO cbp_tkt_res_type_form (res_type_id, form_prop_id, form_prop_display_order) VALUES (102, 115, 5);
INSERT INTO cbp_tkt_res_type_form (res_type_id, form_prop_id, form_prop_display_order) VALUES (102, 116, 6);
INSERT INTO cbp_tkt_res_type_form (res_type_id, form_prop_id, form_prop_display_order) VALUES (102, 298, 7);
INSERT INTO cbp_tkt_res_type_form (res_type_id, form_prop_id, form_prop_display_order) VALUES (102, 2, 8);
INSERT INTO cbp_tkt_res_type_form (res_type_id, form_prop_id, form_prop_display_order) VALUES (102, 124, 9);
INSERT INTO cbp_tkt_res_type_form (res_type_id, form_prop_id, form_prop_display_order) VALUES (102, 125, 10);
INSERT INTO cbp_tkt_res_type_form (res_type_id, form_prop_id, form_prop_display_order) VALUES (9000, 118, 1);
INSERT INTO cbp_tkt_res_type_form (res_type_id, form_prop_id, form_prop_display_order) VALUES (9000, 117, 2);
INSERT INTO cbp_tkt_res_type_form (res_type_id, form_prop_id, form_prop_display_order) VALUES (8200,150,1);
INSERT INTO cbp_tkt_res_type_form (res_type_id, form_prop_id, form_prop_display_order) VALUES (8200,151,2);
INSERT INTO cbp_tkt_res_type_form (res_type_id, form_prop_id, form_prop_display_order) VALUES (8200,152,3);
INSERT INTO cbp_tkt_res_type_form (res_type_id, form_prop_id, form_prop_display_order) VALUES (8200,161,4);
INSERT INTO cbp_tkt_res_type_form (res_type_id, form_prop_id, form_prop_display_order) VALUES (8200,162,5);
INSERT INTO cbp_tkt_res_type_form (res_type_id, form_prop_id, form_prop_display_order) VALUES (8200,163,6);
INSERT INTO cbp_tkt_res_type_form (res_type_id, form_prop_id, form_prop_display_order) VALUES (8200,156,7);
INSERT INTO cbp_tkt_res_type_form (res_type_id, form_prop_id, form_prop_display_order) VALUES (8200,165,8);
INSERT INTO cbp_tkt_res_type_form (res_type_id, form_prop_id, form_prop_display_order) VALUES (8200,164,9);
INSERT INTO cbp_tkt_res_type_form (res_type_id, form_prop_id, form_prop_display_order) VALUES (8201,200,1);
INSERT INTO cbp_tkt_res_type_form (res_type_id, form_prop_id, form_prop_display_order) VALUES (8201,201,2);
INSERT INTO cbp_tkt_res_type_form (res_type_id, form_prop_id, form_prop_display_order) VALUES (8201,202,3);
INSERT INTO cbp_tkt_res_type_form (res_type_id, form_prop_id, form_prop_display_order) VALUES (525,203,1);
INSERT INTO cbp_tkt_res_type_form (res_type_id, form_prop_id, form_prop_display_order) VALUES (525,204,2);
INSERT INTO cbp_tkt_res_type_form (res_type_id, form_prop_id, form_prop_display_order) VALUES (525,205,3);
INSERT INTO cbp_tkt_res_type_form (res_type_id, form_prop_id, form_prop_display_order) VALUES (525,206,4);
INSERT INTO cbp_tkt_res_type_form (res_type_id, form_prop_id, form_prop_display_order) VALUES (525,207,5);
INSERT INTO cbp_tkt_res_type_form (res_type_id, form_prop_id, form_prop_display_order) VALUES (525,150,6);
INSERT INTO cbp_tkt_res_type_form (res_type_id, form_prop_id, form_prop_display_order) VALUES (10,415,5);
INSERT INTO cbp_tkt_res_type_form (res_type_id, form_prop_id, form_prop_display_order) VALUES (10,302,4);
INSERT INTO cbp_tkt_res_type_form (res_type_id, form_prop_id, form_prop_display_order) VALUES (10,301,3);

INSERT INTO cbp_tkt_arte_node_prop (artefact_type_id, node_name, property_name) VALUES (1, 'Workflow', 'Service Name');
INSERT INTO cbp_tkt_arte_node_prop (artefact_type_id, node_name, property_name) VALUES (1, 'Workflow', 'Parameter Filename');
INSERT INTO cbp_tkt_arte_node_prop (artefact_type_id, node_name, property_name) VALUES (1, 'Workflow', 'Workflow Log File Directory');
INSERT INTO cbp_tkt_arte_node_prop (artefact_type_id, node_name, property_name) VALUES (1, 'Workflow', 'Workflow Log File Name');
INSERT INTO cbp_tkt_arte_node_prop (artefact_type_id, node_name, property_name) VALUES (1, 'Session', 'Parameter Filename');
INSERT INTO cbp_tkt_arte_node_prop (artefact_type_id, node_name, property_name) VALUES (1, 'Session', 'Session Log File directory');
INSERT INTO cbp_tkt_arte_node_prop (artefact_type_id, node_name, property_name) VALUES (1, 'Session', 'Session Log File Name');
INSERT INTO cbp_tkt_arte_node_prop (artefact_type_id, node_name, property_name) VALUES (1, 'Session', 'Source file directory');
INSERT INTO cbp_tkt_arte_node_prop (artefact_type_id, node_name, property_name) VALUES (1, 'Session', 'Source filename');
INSERT INTO cbp_tkt_arte_node_prop (artefact_type_id, node_name, property_name) VALUES (1, 'Session', 'Output file directory');
INSERT INTO cbp_tkt_arte_node_prop (artefact_type_id, node_name, property_name) VALUES (1, 'Session', 'Output filename');

INSERT INTO cbp_tkt_node_prop_xform (env_type_id, artefact_type_id, node_name, property_name, retain_from_target) VALUES (3, 1, 'Workflow', 'Service Name', 'N');
INSERT INTO cbp_tkt_node_prop_xform (env_type_id, artefact_type_id, node_name, property_name, retain_from_target) VALUES (3, 1, 'Workflow', 'Parameter Filename', 'Y');
INSERT INTO cbp_tkt_node_prop_xform (env_type_id, artefact_type_id, node_name, property_name, retain_from_target) VALUES (3, 1, 'Workflow', 'Workflow Log File Directory', 'N');
INSERT INTO cbp_tkt_node_prop_xform (env_type_id, artefact_type_id, node_name, property_name, retain_from_target) VALUES (3, 1, 'Session', 'Parameter Filename', 'Y');
INSERT INTO cbp_tkt_node_prop_xform (env_type_id, artefact_type_id, node_name, property_name, retain_from_target) VALUES (3, 1, 'Session', 'Session Log File directory', 'N');
INSERT INTO cbp_tkt_node_prop_xform (env_type_id, artefact_type_id, node_name, property_name, retain_from_target) VALUES (3, 1, 'Session', 'Session Log File Name', 'N');
INSERT INTO cbp_tkt_node_prop_xform (env_type_id, artefact_type_id, node_name, property_name, retain_from_target) VALUES (3, 1, 'Session', 'Source file directory', 'N');
INSERT INTO cbp_tkt_node_prop_xform (env_type_id, artefact_type_id, node_name, property_name, retain_from_target) VALUES (3, 1, 'Session', 'Source filename', 'N');
INSERT INTO cbp_tkt_node_prop_xform (env_type_id, artefact_type_id, node_name, property_name, retain_from_target) VALUES (3, 1, 'Session', 'Output file directory', 'N');
INSERT INTO cbp_tkt_node_prop_xform (env_type_id, artefact_type_id, node_name, property_name, retain_from_target) VALUES (3, 1, 'Session', 'Output filename', 'N');
INSERT INTO cbp_tkt_node_prop_xform (env_type_id, artefact_type_id, node_name, property_name, retain_from_target) VALUES (5, 1, 'Workflow', 'Service Name', 'N');
INSERT INTO cbp_tkt_node_prop_xform (env_type_id, artefact_type_id, node_name, property_name, retain_from_target) VALUES (5, 1, 'Workflow', 'Parameter Filename', 'Y');
INSERT INTO cbp_tkt_node_prop_xform (env_type_id, artefact_type_id, node_name, property_name, retain_from_target) VALUES (5, 1, 'Workflow', 'Workflow Log File Directory', 'N');
INSERT INTO cbp_tkt_node_prop_xform (env_type_id, artefact_type_id, node_name, property_name, retain_from_target) VALUES (5, 1, 'Session', 'Parameter Filename', 'Y');
INSERT INTO cbp_tkt_node_prop_xform (env_type_id, artefact_type_id, node_name, property_name, retain_from_target) VALUES (5, 1, 'Session', 'Session Log File directory', 'N');
INSERT INTO cbp_tkt_node_prop_xform (env_type_id, artefact_type_id, node_name, property_name, retain_from_target) VALUES (5, 1, 'Session', 'Session Log File Name', 'N');
INSERT INTO cbp_tkt_node_prop_xform (env_type_id, artefact_type_id, node_name, property_name, retain_from_target) VALUES (5, 1, 'Session', 'Source file directory', 'N');
INSERT INTO cbp_tkt_node_prop_xform (env_type_id, artefact_type_id, node_name, property_name, retain_from_target) VALUES (5, 1, 'Session', 'Source filename', 'N');
INSERT INTO cbp_tkt_node_prop_xform (env_type_id, artefact_type_id, node_name, property_name, retain_from_target) VALUES (5, 1, 'Session', 'Output file directory', 'N');
INSERT INTO cbp_tkt_node_prop_xform (env_type_id, artefact_type_id, node_name, property_name, retain_from_target) VALUES (5, 1, 'Session', 'Output filename', 'N');

INSERT INTO cbp_tkt_res_type_object (object_type_id, object_type_name, object_type_display_name, res_type_id) VALUES (1, 'Mapping', 'Mapping', 100);
INSERT INTO cbp_tkt_res_type_object (object_type_id, object_type_name, object_type_display_name, res_type_id) VALUES (2, 'Mapplet', 'Mapplet', 100);
INSERT INTO cbp_tkt_res_type_object (object_type_id, object_type_name, object_type_display_name, res_type_id) VALUES (3, 'Session', 'Session', 100);
INSERT INTO cbp_tkt_res_type_object (object_type_id, object_type_name, object_type_display_name, res_type_id) VALUES (4, 'Workflow', 'Workflow', 100);
INSERT INTO cbp_tkt_res_type_object (object_type_id, object_type_name, object_type_display_name, res_type_id) VALUES (5, 'Worklet', 'Worklet', 100);
INSERT INTO cbp_tkt_res_type_object (object_type_id, object_type_name, object_type_display_name, res_type_id) VALUES (6, 'Source', 'Source', 100);
INSERT INTO cbp_tkt_res_type_object (object_type_id, object_type_name, object_type_display_name, res_type_id) VALUES (7, 'Target', 'Target', 100);
INSERT INTO cbp_tkt_res_type_object (object_type_id, object_type_name, object_type_display_name, res_type_id) VALUES (8, 'Transformation', 'Transformation', 100);
INSERT INTO cbp_tkt_res_type_object (object_type_id, object_type_name, object_type_display_name, res_type_id) VALUES (9, 'Deployment Group', 'Deployment Group', 100);
INSERT INTO cbp_tkt_res_type_object (object_type_id, object_type_name, object_type_display_name, res_type_id) VALUES (10, 'Label', 'Label', 100);

INSERT INTO cbp_tkt_res_type_object (object_type_id, object_type_name, object_type_display_name, res_type_id) VALUES (28, 'Lookup Procedure', 'Lookup', 100);
INSERT INTO cbp_tkt_res_type_object (object_type_id, object_type_name, object_type_display_name, res_type_id) VALUES (29, 'Aggregator', 'Aggregator', 100);
INSERT INTO cbp_tkt_res_type_object (object_type_id, object_type_name, object_type_display_name, res_type_id) VALUES (30, 'Stored Procedure', 'Stored Procedure', 100);
INSERT INTO cbp_tkt_res_type_object (object_type_id, object_type_name, object_type_display_name, res_type_id) VALUES (31, 'Expression', 'Expression', 100);
INSERT INTO cbp_tkt_res_type_object (object_type_id, object_type_name, object_type_display_name, res_type_id) VALUES (32, 'Sequence', 'Sequence', 100);
INSERT INTO cbp_tkt_res_type_object (object_type_id, object_type_name, object_type_display_name, res_type_id) VALUES (33, 'Label', 'Label', 100);
INSERT INTO cbp_tkt_res_type_object (object_type_id, object_type_name, object_type_display_name, res_type_id) VALUES (34, 'Deployment Group', 'Deployment Group', 100);
INSERT INTO cbp_tkt_res_type_object (object_type_id, object_type_name, object_type_display_name, res_type_id) VALUES (35, 'Session Config', 'Session Config', 100);
INSERT INTO cbp_tkt_res_type_object (object_type_id, object_type_name, object_type_display_name, res_type_id) VALUES (900, 'Table', 'Table', 100);

INSERT INTO cbp_tkt_call_type (call_type, call_type_name) VALUES (1, 'Package and Display');
INSERT INTO cbp_tkt_call_type (call_type, call_type_name) VALUES (2, 'Package and Deploy');
INSERT INTO cbp_tkt_call_type (call_type, call_type_name) VALUES (3, 'Package and Deploy Selectively');

INSERT INTO cbp_tkt_policy_category (policy_category_type_id, policy_category_type_name) VALUES (1, 'IPC Code Quality Management');
INSERT INTO cbp_tkt_policy_category (policy_category_type_id, policy_category_type_name) VALUES (2, 'IPC Database SQL Script Management');
INSERT INTO cbp_tkt_policy_category (policy_category_type_id, policy_category_type_name) VALUES (3, 'IPC Shell/Batch Script Management');
INSERT INTO cbp_tkt_policy_category (policy_category_type_id, policy_category_type_name) VALUES (4, 'IPC File Management');
INSERT INTO cbp_tkt_policy_category (policy_category_type_id, policy_category_type_name) VALUES (5, 'IPC Ticket Management');
INSERT INTO cbp_tkt_policy_category (policy_category_type_id, policy_category_type_name) VALUES (6, 'IPC DB Connection Management');
INSERT INTO cbp_tkt_policy_category (policy_category_type_id, policy_category_type_name) VALUES (7, 'IPC Code Origin');

INSERT INTO cbp_tkt_policy_category (policy_category_type_id, policy_category_type_name) VALUES (20, 'BDM Policies');
INSERT INTO cbp_tkt_policy_category (policy_category_type_id, policy_category_type_name) VALUES (30, 'IICS Policies');
INSERT INTO cbp_tkt_policy_category (policy_category_type_id, policy_category_type_name) VALUES (50, 'Talend Policies');

INSERT INTO cbp_tkt_policy (policy_id, policy_name, is_enabled, policy_category_type_id, is_deleted) VALUES (1, 'Export Target Code Before Importing New Code', 'Y', 1, 'N');
INSERT INTO cbp_tkt_policy (policy_id, policy_name, is_enabled, policy_category_type_id, is_deleted) VALUES (2, 'Abend the Deployment Request if Code is not Checked-in', 'Y', 1, 'N');
INSERT INTO cbp_tkt_policy (policy_id, policy_name, is_enabled, policy_category_type_id, is_deleted) VALUES (3, 'Warn if the Code has not been Approved for Deployment', 'Y', 1, 'N');
INSERT INTO cbp_tkt_policy (policy_id, policy_name, is_enabled, policy_category_type_id, is_deleted) VALUES (4, 'Secure XML Code into VCS', 'Y', 1, 'N');
INSERT INTO cbp_tkt_policy (policy_id, policy_name, is_enabled, policy_category_type_id, is_deleted) VALUES (5, 'Export XML Code with Dependents', 'Y', 1, 'N');
INSERT INTO cbp_tkt_policy (policy_id, policy_name, is_enabled, policy_category_type_id, is_deleted) VALUES (6, 'Validate Objects Post Import', 'Y', 1, 'N');
INSERT INTO cbp_tkt_policy (policy_id, policy_name, is_enabled, policy_category_type_id, is_deleted) VALUES (7, 'Keep a Record of Impacted, Invalid and Disabled Objects Before and After', 'Y', 1, 'N');
INSERT INTO cbp_tkt_policy (policy_id, policy_name, is_enabled, policy_category_type_id, is_deleted) VALUES (8, 'Warn if the Target Repository does not have the Target Folder', 'Y', 1, 'N');
INSERT INTO cbp_tkt_policy (policy_id, policy_name, is_enabled, policy_category_type_id, is_deleted) VALUES (9, 'Allow Import into the same Environment', 'Y', 1, 'N');
INSERT INTO cbp_tkt_policy (policy_id, policy_name, is_enabled, policy_category_type_id, is_deleted) VALUES (10, 'Code Reviewed after Change', 'Y', 1, 'N');
INSERT INTO cbp_tkt_policy (policy_id, policy_name, is_enabled, policy_category_type_id, is_deleted) VALUES (11, 'Most Recent run of the Code was Successful', 'Y', 1, 'N');
INSERT INTO cbp_tkt_policy (policy_id, policy_name, is_enabled, policy_category_type_id, is_deleted) VALUES (12, 'Code Run Post the Latest Change', 'Y', 1, 'N');
INSERT INTO cbp_tkt_policy (policy_id, policy_name, is_enabled, policy_category_type_id, is_deleted) VALUES (50, 'Allow DDL Scripts to be Generated', 'Y', 2, 'N');
INSERT INTO cbp_tkt_policy (policy_id, policy_name, is_enabled, policy_category_type_id, is_deleted) VALUES (51, 'Allow DML Scripts to be Attached Manually', 'Y', 2, 'N');
INSERT INTO cbp_tkt_policy (policy_id, policy_name, is_enabled, policy_category_type_id, is_deleted) VALUES (52, 'Allow SQL on Un-Related Objects', 'N', 2, 'N');
INSERT INTO cbp_tkt_policy (policy_id, policy_name, is_enabled, policy_category_type_id, is_deleted) VALUES (53, 'Allow Organic Editing of SQL Scripts', 'Y', 2, 'N');
INSERT INTO cbp_tkt_policy (policy_id, policy_name, is_enabled, policy_category_type_id, is_deleted) VALUES (54, 'Flag Scripts that Cannot be used for Rollback', 'Y', 2, 'N');
INSERT INTO cbp_tkt_policy (policy_id, policy_name, is_enabled, policy_category_type_id, is_deleted) VALUES (55, 'Secure SQL Code into VCS', 'Y', 2, 'N');
INSERT INTO cbp_tkt_policy (policy_id, policy_name, is_enabled, policy_category_type_id, is_deleted) VALUES (80, 'Allow Copy of Shell Scripts', 'Y', 3, 'N');
INSERT INTO cbp_tkt_policy (policy_id, policy_name, is_enabled, policy_category_type_id, is_deleted) VALUES (81, 'Allow Copy of Command Task Commands', 'Y', 3, 'N');
INSERT INTO cbp_tkt_policy (policy_id, policy_name, is_enabled, policy_category_type_id, is_deleted) VALUES (82, 'Secure Shell Scripts into VCS', 'Y', 3, 'N');
INSERT INTO cbp_tkt_policy (policy_id, policy_name, is_enabled, policy_category_type_id, is_deleted) VALUES (83, 'Warn if the OS Copy and the VCS Copy are Different Before Copying', 'Y', 3, 'N');
INSERT INTO cbp_tkt_policy (policy_id, policy_name, is_enabled, policy_category_type_id, is_deleted) VALUES (100, 'Use Source Input File Location for Target Environment', 'Y', 4, 'N');
INSERT INTO cbp_tkt_policy (policy_id, policy_name, is_enabled, policy_category_type_id, is_deleted) VALUES (101, 'Use Source Output File Location for Target Environment', 'Y', 4, 'N');
INSERT INTO cbp_tkt_policy (policy_id, policy_name, is_enabled, policy_category_type_id, is_deleted) VALUES (102, 'Use Source Lookup File Location for Target Environment', 'Y', 4, 'N');
INSERT INTO cbp_tkt_policy (policy_id, policy_name, is_enabled, policy_category_type_id, is_deleted) VALUES (103, 'Use Source Log File Location for Target Environment', 'Y', 4, 'N');
INSERT INTO cbp_tkt_policy (policy_id, policy_name, is_enabled, policy_category_type_id, is_deleted) VALUES (104, 'Use Source Parameter File Location for Target Environment', 'Y', 4, 'N');
INSERT INTO cbp_tkt_policy (policy_id, policy_name, is_enabled, policy_category_type_id, is_deleted) VALUES (117, 'Use Source Command Task File Location for Target Environment', 'Y', 4, 'N');
INSERT INTO cbp_tkt_policy (policy_id, policy_name, is_enabled, policy_category_type_id, is_deleted) VALUES (110, 'Derive Target Connection Names using the Connection Pair', 'Y', 4, 'N');
INSERT INTO cbp_tkt_policy (policy_id, policy_name, is_enabled, policy_category_type_id, is_deleted) VALUES (111, 'Use Target as a reference For Input File Location', 'Y', 4, 'N');
INSERT INTO cbp_tkt_policy (policy_id, policy_name, is_enabled, policy_category_type_id, is_deleted) VALUES (112, 'Use Target as a reference For Output File Location', 'Y', 4, 'N');
INSERT INTO cbp_tkt_policy (policy_id, policy_name, is_enabled, policy_category_type_id, is_deleted) VALUES (113, 'Use Target as a reference For Lookup File Location', 'Y', 4, 'N');
INSERT INTO cbp_tkt_policy (policy_id, policy_name, is_enabled, policy_category_type_id, is_deleted) VALUES (114, 'Use Target as a reference For Log File Location', 'Y', 4, 'N');
INSERT INTO cbp_tkt_policy (policy_id, policy_name, is_enabled, policy_category_type_id, is_deleted) VALUES (118, 'Use Target as a reference For Command Task File Location', 'Y', 4, 'N');
INSERT INTO cbp_tkt_policy (policy_id, policy_name, is_enabled, policy_category_type_id, is_deleted) VALUES (115, 'Ignore Parameter File if the OS Parameter File in Source is same as the Source VCS Parameter File', 'N', 4, 'N');
INSERT INTO cbp_tkt_policy (policy_id, policy_name, is_enabled, policy_category_type_id, is_deleted) VALUES (116, 'Use Source Parameter File in all Target Environments', 'Y', 4, 'N');
INSERT INTO cbp_tkt_policy (policy_id, policy_name, is_enabled, policy_category_type_id, is_deleted) VALUES (119, 'Use Integration Service Reference Variables for File Locations in new Code', 'Y', 4, 'N');
INSERT INTO cbp_tkt_policy (policy_id, policy_name, is_enabled, policy_category_type_id, is_deleted) VALUES (150, 'Create a Single Ticket for Each Object', 'N', 5, 'N');
INSERT INTO cbp_tkt_policy (policy_id, policy_name, is_enabled, policy_category_type_id, is_deleted) VALUES (151, 'Create a Single Ticket for Each Deployment Request', 'Y', 5, 'N');
INSERT INTO cbp_tkt_policy (policy_id, policy_name, is_enabled, policy_category_type_id, is_deleted) VALUES (160, 'Use Auto Mapper to Detect the Appropriate DB Connection', 'Y', 6, 'N');
INSERT INTO cbp_tkt_policy (policy_id, policy_name, is_enabled, policy_category_type_id, is_deleted) VALUES (161, 'Use the Static Connections to Derive the Appropriate DB Connection', 'N', 6, 'N');
INSERT INTO cbp_tkt_policy (policy_id, policy_name, is_enabled, policy_category_type_id, is_deleted) VALUES (162, 'Validate DB Connections as Mappable to a Valid DB Connection', 'Y', 6, 'N');
INSERT INTO cbp_tkt_policy (policy_id, policy_name, is_enabled, policy_category_type_id, is_deleted) VALUES (180, 'Extract Code from the Repository', 'Y', 7, 'N');
INSERT INTO cbp_tkt_policy (policy_id, policy_name, is_enabled, policy_category_type_id, is_deleted) VALUES (181, 'Receive the Code as Input', 'N', 7, 'N');
INSERT INTO cbp_tkt_policy (policy_id, policy_name, is_enabled, policy_category_type_id, is_deleted) VALUES (200, 'Extract Code from the Repository', 'Y', 20, 'N');
INSERT INTO cbp_tkt_policy (policy_id, policy_name, is_enabled, policy_category_type_id, is_deleted) VALUES (201, 'Receive Archive File as Input', 'N', 20, 'N');
INSERT INTO cbp_tkt_policy (policy_id, policy_name, is_enabled, policy_category_type_id, is_deleted) VALUES (202, 'Auto Grant Execute Permission on Connection post Application Deployment to Requester', 'N', 20, 'N');
INSERT INTO cbp_tkt_policy (policy_id, policy_name, is_enabled, policy_category_type_id, is_deleted) VALUES (203, 'Auto Grant Execute Permission on Application post Application Deployment to Requester', 'N', 20, 'N');
INSERT INTO cbp_tkt_policy (policy_id, policy_name, is_enabled, policy_category_type_id, is_deleted) VALUES (204, 'Import Code on Target', 'N', 20, 'N');
INSERT INTO cbp_tkt_policy (policy_id, policy_name, is_enabled, policy_category_type_id, is_deleted) VALUES (205, 'Export Code from Target before Deploying', 'N', 20, 'N');
INSERT INTO cbp_tkt_policy (policy_id, policy_name, is_enabled, policy_category_type_id, is_deleted) VALUES (206, 'Allow DDL Scripts to be Generated', 'N', 20, 'N');
INSERT INTO cbp_tkt_policy (policy_id, policy_name, is_enabled, policy_category_type_id, is_deleted) VALUES (300, 'Extract Code from the Repository', 'Y', 30, 'N');
INSERT INTO cbp_tkt_policy (policy_id, policy_name, is_enabled, policy_category_type_id, is_deleted) VALUES (301, 'Receive the Code as Input', 'N', 30, 'N');
INSERT INTO cbp_tkt_policy (policy_id, policy_name, is_enabled, policy_category_type_id, is_deleted) VALUES (500, 'Extract Code from the Repository', 'Y', 50, 'N');
INSERT INTO cbp_tkt_policy (policy_id, policy_name, is_enabled, policy_category_type_id, is_deleted) VALUES (501, 'Receive the Code as Input', 'N', 50, 'N');

-- Cron Jobs/Schedule Related
INSERT INTO cbp_tkt_job_type (job_type_id, job_type_name) VALUES (1000, 'Synchronise Integration Services');
INSERT INTO cbp_tkt_job_type (job_type_id, job_type_name) VALUES (1001, 'Synchronise Repository Services');
INSERT INTO cbp_tkt_job_type (job_type_id, job_type_name) VALUES (1002, 'Synchronise Folders');
INSERT INTO cbp_tkt_job_type (job_type_id, job_type_name) VALUES (1003, 'Synchronise IPC DB Connections');
INSERT INTO cbp_tkt_job_type (job_type_id, job_type_name) VALUES (1004, 'Pair Folders');
INSERT INTO cbp_tkt_job_type (job_type_id, job_type_name) VALUES (1005, 'Pair IPC DB Connections');
INSERT INTO cbp_tkt_job_type (job_type_id, job_type_name) VALUES (1006, 'Database Heartbeat Service');
INSERT INTO cbp_tkt_job_type (job_type_id, job_type_name) VALUES (1008, 'Check Repository Access Details');

INSERT INTO cbp_tkt_job_type (job_type_id, job_type_name) VALUES (2000, 'Revoke Permissions for BDM Assets');

INSERT INTO cbp_tkt_master_subject_area (msa_id, msa_name, msa_comments) VALUES (1000, 'Key Data Synchronisation Services',null);
INSERT INTO cbp_tkt_master_status (master_status_id, master_status_name,msa_id) VALUES (1, 'Scheduled',1000);
INSERT INTO cbp_tkt_master_status (master_status_id, master_status_name,msa_id) VALUES (2, 'Started',1000);
INSERT INTO cbp_tkt_master_status (master_status_id, master_status_name,msa_id) VALUES (3, 'Running',1000);
INSERT INTO cbp_tkt_master_status (master_status_id, master_status_name,msa_id) VALUES (4, 'Failed',1000);
INSERT INTO cbp_tkt_master_status (master_status_id, master_status_name,msa_id) VALUES (5, 'Disabled Temporarily',1000);
INSERT INTO cbp_tkt_master_status (master_status_id, master_status_name,msa_id) VALUES (6, 'Disabled',1000);

INSERT INTO cbp_tkt_cmd_type (cmd_type_id, cmd_type_name) VALUES (1, 'IPC Deployment Service');
INSERT INTO cbp_tkt_cmd_type (cmd_type_id, cmd_type_name) VALUES (2, 'BDM Deployment');
INSERT INTO cbp_tkt_cmd_type (cmd_type_id, cmd_type_name) VALUES (3, 'Physical Server Service');
INSERT INTO cbp_tkt_cmd_type (cmd_type_id, cmd_type_name) VALUES (4, 'Oracle Server Service');
INSERT INTO cbp_tkt_cmd_type (cmd_type_id, cmd_type_name) VALUES (5, 'File Service');

INSERT INTO cbp_tkt_cmd_prop (form_prop_id, cmd_type_id, form_prop_display_order) VALUES (2, 1, 0);
INSERT INTO cbp_tkt_cmd_prop (form_prop_id, cmd_type_id, form_prop_display_order) VALUES (297, 1, 1);
INSERT INTO cbp_tkt_cmd_prop (form_prop_id, cmd_type_id, form_prop_display_order) VALUES (298, 1, 2);
INSERT INTO cbp_tkt_cmd_prop (form_prop_id, cmd_type_id, form_prop_display_order) VALUES (299, 1, 3);
INSERT INTO cbp_tkt_cmd_prop (form_prop_id, cmd_type_id, form_prop_display_order) VALUES (300, 1, 4);
INSERT INTO cbp_tkt_cmd_prop (form_prop_id, cmd_type_id, form_prop_display_order) VALUES (310, 1, 5);
INSERT INTO cbp_tkt_cmd_prop (form_prop_id, cmd_type_id, form_prop_display_order) VALUES (301, 1, 6);
INSERT INTO cbp_tkt_cmd_prop (form_prop_id, cmd_type_id, form_prop_display_order) VALUES (302, 1, 7);
INSERT INTO cbp_tkt_cmd_prop (form_prop_id, cmd_type_id, form_prop_display_order) VALUES (303, 1, 8);
INSERT INTO cbp_tkt_cmd_prop (form_prop_id, cmd_type_id, form_prop_display_order) VALUES (304, 1, 9);
INSERT INTO cbp_tkt_cmd_prop (form_prop_id, cmd_type_id, form_prop_display_order) VALUES (305, 1, 10);
INSERT INTO cbp_tkt_cmd_prop (form_prop_id, cmd_type_id, form_prop_display_order) VALUES (306, 1, 11);	
INSERT INTO cbp_tkt_cmd_prop (form_prop_id, cmd_type_id, form_prop_display_order) VALUES (307, 1, 12);
INSERT INTO cbp_tkt_cmd_prop (form_prop_id, cmd_type_id, form_prop_display_order) VALUES (308, 1, 13);	
INSERT INTO cbp_tkt_cmd_prop (form_prop_id, cmd_type_id, form_prop_display_order) VALUES (309, 1, 14);
INSERT INTO cbp_tkt_cmd_prop (form_prop_id, cmd_type_id, form_prop_display_order) VALUES (2, 2, 0);
INSERT INTO cbp_tkt_cmd_prop (form_prop_id, cmd_type_id, form_prop_display_order) VALUES (297, 2, 1);
INSERT INTO cbp_tkt_cmd_prop (form_prop_id, cmd_type_id, form_prop_display_order) VALUES (298, 2, 2);
INSERT INTO cbp_tkt_cmd_prop (form_prop_id, cmd_type_id, form_prop_display_order) VALUES (299, 2, 3);
INSERT INTO cbp_tkt_cmd_prop (form_prop_id, cmd_type_id, form_prop_display_order) VALUES (300, 2, 4);
INSERT INTO cbp_tkt_cmd_prop (form_prop_id, cmd_type_id, form_prop_display_order) VALUES (310, 2, 5);
INSERT INTO cbp_tkt_cmd_prop (form_prop_id, cmd_type_id, form_prop_display_order) VALUES (301, 2, 6);
INSERT INTO cbp_tkt_cmd_prop (form_prop_id, cmd_type_id, form_prop_display_order) VALUES (302, 2, 7);
INSERT INTO cbp_tkt_cmd_prop (form_prop_id, cmd_type_id, form_prop_display_order) VALUES (303, 2, 8);
INSERT INTO cbp_tkt_cmd_prop (form_prop_id, cmd_type_id, form_prop_display_order) VALUES (304, 2, 9);
INSERT INTO cbp_tkt_cmd_prop (form_prop_id, cmd_type_id, form_prop_display_order) VALUES (313, 2, 10);
INSERT INTO cbp_tkt_cmd_prop (form_prop_id, cmd_type_id, form_prop_display_order) VALUES (314, 2, 11);	
INSERT INTO cbp_tkt_cmd_prop (form_prop_id, cmd_type_id, form_prop_display_order) VALUES (307, 2, 12);
INSERT INTO cbp_tkt_cmd_prop (form_prop_id, cmd_type_id, form_prop_display_order) VALUES (297, 5, 1);
INSERT INTO cbp_tkt_cmd_prop (form_prop_id, cmd_type_id, form_prop_display_order) VALUES (298, 5, 2);
INSERT INTO cbp_tkt_cmd_prop (form_prop_id, cmd_type_id, form_prop_display_order) VALUES (299, 5, 3);
INSERT INTO cbp_tkt_cmd_prop (form_prop_id, cmd_type_id, form_prop_display_order) VALUES (300, 5, 4);
INSERT INTO cbp_tkt_cmd_prop (form_prop_id, cmd_type_id, form_prop_display_order) VALUES (310, 5, 5);
INSERT INTO cbp_tkt_cmd_prop (form_prop_id, cmd_type_id, form_prop_display_order) VALUES (301, 5, 6);
INSERT INTO cbp_tkt_cmd_prop (form_prop_id, cmd_type_id, form_prop_display_order) VALUES (302, 5, 7);

INSERT INTO cbp_tkt_property_group (property_group_id,property_group_name) VALUES (11000,'BDM Post Deploy Permissions');
INSERT INTO cbp_tkt_property (property_id, property_group_id, property_name, property_value, property_value_site, property_data_type) VALUES (1, 11000, 'Grant Duration', 60, null, 'NUMBER');

COMMIT;



