/********************************************************************************************************
Copyright CoeurData Ltd 2009-2022

*********************************************************************************************************
*************** CHANGE HISTORY **************************************************************************
DATE		WHO			DESCRIPTION
05JUL2022	BP			Added 20 rules for ADF (Batch 2)
13JUL2022	BP			Modified the object type for some Data Flow rules to ADF - Dataflow
15MAR2023	BP			Fixed typos for rules 11191256, 11191266, 11191276 - "Colums" to "columns"
********************************************************************************************************/
-- Batch 1
Insert into CBP_RULE (CBP_RULE_ID,CBP_RULE_SHORT_DESC,CBP_RULE_NAME,CBP_OBJECT_TYPE,CBP_CODE_TYPE_ID,CBP_IMP_TYPE_ID,CBP_CREATED_TIMESTAMP,CBP_UPDATED_TIMESTAMP,CBP_ADD_PARAM_ALLOWED,IS_DEPRECATED,DS_STAGE_TYPE,DS_ORCH_STAGE_IDENTIFIER,IS_DUMMY,IS_LEGACY,CBP_OBJECT_SUB_TYPE,EXCEPTION_COLUMN,ALLOW_EXCEPTIONS) values (11191112,'Naming Convention for ADF - Pipeline','Naming Convention for ADF - Pipeline','ADF - Pipeline',6100,13000,to_date('28-DEC-09','DD-MON-RR'),to_date('28-DEC-09','DD-MON-RR'),'N','N',null,null,'N','N',null,null,null);
Insert into CBP_RULE (CBP_RULE_ID,CBP_RULE_SHORT_DESC,CBP_RULE_NAME,CBP_OBJECT_TYPE,CBP_CODE_TYPE_ID,CBP_IMP_TYPE_ID,CBP_CREATED_TIMESTAMP,CBP_UPDATED_TIMESTAMP,CBP_ADD_PARAM_ALLOWED,IS_DEPRECATED,DS_STAGE_TYPE,DS_ORCH_STAGE_IDENTIFIER,IS_DUMMY,IS_LEGACY,CBP_OBJECT_SUB_TYPE,EXCEPTION_COLUMN,ALLOW_EXCEPTIONS) values (11191111,'Naming Convention for ADF - Dataflow','Naming Convention for ADF - Dataflow','ADF - Dataflow',6100,13000,to_date('28-DEC-09','DD-MON-RR'),to_date('28-DEC-09','DD-MON-RR'),'N','N',null,null,'N','N',null,null,null);
Insert into CBP_RULE (CBP_RULE_ID,CBP_RULE_SHORT_DESC,CBP_RULE_NAME,CBP_OBJECT_TYPE,CBP_CODE_TYPE_ID,CBP_IMP_TYPE_ID,CBP_CREATED_TIMESTAMP,CBP_UPDATED_TIMESTAMP,CBP_ADD_PARAM_ALLOWED,IS_DEPRECATED,DS_STAGE_TYPE,DS_ORCH_STAGE_IDENTIFIER,IS_DUMMY,IS_LEGACY,CBP_OBJECT_SUB_TYPE,EXCEPTION_COLUMN,ALLOW_EXCEPTIONS) values (11191113,'Naming Convention for Flowlet','Naming Convention for Flowlet','ADF - Flowlet',6100,13000,to_date('28-DEC-09','DD-MON-RR'),to_date('28-DEC-09','DD-MON-RR'),'N','N',null,null,'N','N',null,null,null);
Insert into CBP_RULE (CBP_RULE_ID,CBP_RULE_SHORT_DESC,CBP_RULE_NAME,CBP_OBJECT_TYPE,CBP_CODE_TYPE_ID,CBP_IMP_TYPE_ID,CBP_CREATED_TIMESTAMP,CBP_UPDATED_TIMESTAMP,CBP_ADD_PARAM_ALLOWED,IS_DEPRECATED,DS_STAGE_TYPE,DS_ORCH_STAGE_IDENTIFIER,IS_DUMMY,IS_LEGACY,CBP_OBJECT_SUB_TYPE,EXCEPTION_COLUMN,ALLOW_EXCEPTIONS) values (11191114,'Naming Convention for New Branch Transformations in Dataflow','Naming Convention for New Branch Transformations in Dataflow','ADF - Dataflow',6100,13000,to_date('28-DEC-09','DD-MON-RR'),to_date('28-DEC-09','DD-MON-RR'),'N','N',null,null,'N','N',null,null,null);
Insert into CBP_RULE (CBP_RULE_ID,CBP_RULE_SHORT_DESC,CBP_RULE_NAME,CBP_OBJECT_TYPE,CBP_CODE_TYPE_ID,CBP_IMP_TYPE_ID,CBP_CREATED_TIMESTAMP,CBP_UPDATED_TIMESTAMP,CBP_ADD_PARAM_ALLOWED,IS_DEPRECATED,DS_STAGE_TYPE,DS_ORCH_STAGE_IDENTIFIER,IS_DUMMY,IS_LEGACY,CBP_OBJECT_SUB_TYPE,EXCEPTION_COLUMN,ALLOW_EXCEPTIONS) values (11191115,'Naming Convention for Join Transformations in Dataflow','Naming Convention for Join Transformations in Dataflow','ADF - Dataflow',6100,13000,to_date('28-DEC-09','DD-MON-RR'),to_date('28-DEC-09','DD-MON-RR'),'N','N',null,null,'N','N',null,null,null);
Insert into CBP_RULE (CBP_RULE_ID,CBP_RULE_SHORT_DESC,CBP_RULE_NAME,CBP_OBJECT_TYPE,CBP_CODE_TYPE_ID,CBP_IMP_TYPE_ID,CBP_CREATED_TIMESTAMP,CBP_UPDATED_TIMESTAMP,CBP_ADD_PARAM_ALLOWED,IS_DEPRECATED,DS_STAGE_TYPE,DS_ORCH_STAGE_IDENTIFIER,IS_DUMMY,IS_LEGACY,CBP_OBJECT_SUB_TYPE,EXCEPTION_COLUMN,ALLOW_EXCEPTIONS) values (11191116,'Naming Convention for Conditional Split Transformations in Dataflow','Naming Convention for Conditional Split Transformations in Dataflow','ADF - Dataflow',6100,13000,to_date('28-DEC-09','DD-MON-RR'),to_date('28-DEC-09','DD-MON-RR'),'N','N',null,null,'N','N',null,null,null);
Insert into CBP_RULE (CBP_RULE_ID,CBP_RULE_SHORT_DESC,CBP_RULE_NAME,CBP_OBJECT_TYPE,CBP_CODE_TYPE_ID,CBP_IMP_TYPE_ID,CBP_CREATED_TIMESTAMP,CBP_UPDATED_TIMESTAMP,CBP_ADD_PARAM_ALLOWED,IS_DEPRECATED,DS_STAGE_TYPE,DS_ORCH_STAGE_IDENTIFIER,IS_DUMMY,IS_LEGACY,CBP_OBJECT_SUB_TYPE,EXCEPTION_COLUMN,ALLOW_EXCEPTIONS) values (11191117,'Naming Convention for Exists Transformations in Dataflow','Naming Convention for Exists Transformations in Dataflow','ADF - Dataflow',6100,13000,to_date('28-DEC-09','DD-MON-RR'),to_date('28-DEC-09','DD-MON-RR'),'N','N',null,null,'N','N',null,null,null);
Insert into CBP_RULE (CBP_RULE_ID,CBP_RULE_SHORT_DESC,CBP_RULE_NAME,CBP_OBJECT_TYPE,CBP_CODE_TYPE_ID,CBP_IMP_TYPE_ID,CBP_CREATED_TIMESTAMP,CBP_UPDATED_TIMESTAMP,CBP_ADD_PARAM_ALLOWED,IS_DEPRECATED,DS_STAGE_TYPE,DS_ORCH_STAGE_IDENTIFIER,IS_DUMMY,IS_LEGACY,CBP_OBJECT_SUB_TYPE,EXCEPTION_COLUMN,ALLOW_EXCEPTIONS) values (11191118,'Naming Convention for Union Transformations in Dataflow','Naming Convention for Union Transformations in Dataflow','ADF - Dataflow',6100,13000,to_date('28-DEC-09','DD-MON-RR'),to_date('28-DEC-09','DD-MON-RR'),'N','N',null,null,'N','N',null,null,null);
Insert into CBP_RULE (CBP_RULE_ID,CBP_RULE_SHORT_DESC,CBP_RULE_NAME,CBP_OBJECT_TYPE,CBP_CODE_TYPE_ID,CBP_IMP_TYPE_ID,CBP_CREATED_TIMESTAMP,CBP_UPDATED_TIMESTAMP,CBP_ADD_PARAM_ALLOWED,IS_DEPRECATED,DS_STAGE_TYPE,DS_ORCH_STAGE_IDENTIFIER,IS_DUMMY,IS_LEGACY,CBP_OBJECT_SUB_TYPE,EXCEPTION_COLUMN,ALLOW_EXCEPTIONS) values (11191119,'Naming Convention for Lookup Transformations in Dataflow','Naming Convention for Lookup Transformations in Dataflow','ADF - Dataflow',6100,13000,to_date('28-DEC-09','DD-MON-RR'),to_date('28-DEC-09','DD-MON-RR'),'N','N',null,null,'N','N',null,null,null);
Insert into CBP_RULE (CBP_RULE_ID,CBP_RULE_SHORT_DESC,CBP_RULE_NAME,CBP_OBJECT_TYPE,CBP_CODE_TYPE_ID,CBP_IMP_TYPE_ID,CBP_CREATED_TIMESTAMP,CBP_UPDATED_TIMESTAMP,CBP_ADD_PARAM_ALLOWED,IS_DEPRECATED,DS_STAGE_TYPE,DS_ORCH_STAGE_IDENTIFIER,IS_DUMMY,IS_LEGACY,CBP_OBJECT_SUB_TYPE,EXCEPTION_COLUMN,ALLOW_EXCEPTIONS) values (11191120,'Naming Convention for Derived Column Transformations in Dataflow','Naming Convention for Derived Column Transformations in Dataflow','ADF - Dataflow',6100,13000,to_date('28-DEC-09','DD-MON-RR'),to_date('28-DEC-09','DD-MON-RR'),'N','N',null,null,'N','N',null,null,null);
Insert into CBP_RULE (CBP_RULE_ID,CBP_RULE_SHORT_DESC,CBP_RULE_NAME,CBP_OBJECT_TYPE,CBP_CODE_TYPE_ID,CBP_IMP_TYPE_ID,CBP_CREATED_TIMESTAMP,CBP_UPDATED_TIMESTAMP,CBP_ADD_PARAM_ALLOWED,IS_DEPRECATED,DS_STAGE_TYPE,DS_ORCH_STAGE_IDENTIFIER,IS_DUMMY,IS_LEGACY,CBP_OBJECT_SUB_TYPE,EXCEPTION_COLUMN,ALLOW_EXCEPTIONS) values (11191121,'Naming Convention for Select Transformations in Dataflow','Naming Convention for Select Transformations in Dataflow','ADF - Dataflow',6100,13000,to_date('28-DEC-09','DD-MON-RR'),to_date('28-DEC-09','DD-MON-RR'),'N','N',null,null,'N','N',null,null,null);
Insert into CBP_RULE (CBP_RULE_ID,CBP_RULE_SHORT_DESC,CBP_RULE_NAME,CBP_OBJECT_TYPE,CBP_CODE_TYPE_ID,CBP_IMP_TYPE_ID,CBP_CREATED_TIMESTAMP,CBP_UPDATED_TIMESTAMP,CBP_ADD_PARAM_ALLOWED,IS_DEPRECATED,DS_STAGE_TYPE,DS_ORCH_STAGE_IDENTIFIER,IS_DUMMY,IS_LEGACY,CBP_OBJECT_SUB_TYPE,EXCEPTION_COLUMN,ALLOW_EXCEPTIONS) values (11191122,'Naming Convention for Aggregate Transformations in Dataflow','Naming Convention for Aggregate Transformations in Dataflow','ADF - Dataflow',6100,13000,to_date('28-DEC-09','DD-MON-RR'),to_date('28-DEC-09','DD-MON-RR'),'N','N',null,null,'N','N',null,null,null);
Insert into CBP_RULE (CBP_RULE_ID,CBP_RULE_SHORT_DESC,CBP_RULE_NAME,CBP_OBJECT_TYPE,CBP_CODE_TYPE_ID,CBP_IMP_TYPE_ID,CBP_CREATED_TIMESTAMP,CBP_UPDATED_TIMESTAMP,CBP_ADD_PARAM_ALLOWED,IS_DEPRECATED,DS_STAGE_TYPE,DS_ORCH_STAGE_IDENTIFIER,IS_DUMMY,IS_LEGACY,CBP_OBJECT_SUB_TYPE,EXCEPTION_COLUMN,ALLOW_EXCEPTIONS) values (11191123,'Naming Convention for Surrogate Key Transformations in Dataflow','Naming Convention for Surrogate Key Transformations in Dataflow','ADF - Dataflow',6100,13000,to_date('28-DEC-09','DD-MON-RR'),to_date('28-DEC-09','DD-MON-RR'),'N','N',null,null,'N','N',null,null,null);
Insert into CBP_RULE (CBP_RULE_ID,CBP_RULE_SHORT_DESC,CBP_RULE_NAME,CBP_OBJECT_TYPE,CBP_CODE_TYPE_ID,CBP_IMP_TYPE_ID,CBP_CREATED_TIMESTAMP,CBP_UPDATED_TIMESTAMP,CBP_ADD_PARAM_ALLOWED,IS_DEPRECATED,DS_STAGE_TYPE,DS_ORCH_STAGE_IDENTIFIER,IS_DUMMY,IS_LEGACY,CBP_OBJECT_SUB_TYPE,EXCEPTION_COLUMN,ALLOW_EXCEPTIONS) values (11191124,'Naming Convention for Pivot Transformations in Dataflow','Naming Convention for Pivot Transformations in Dataflow','ADF - Dataflow',6100,13000,to_date('28-DEC-09','DD-MON-RR'),to_date('28-DEC-09','DD-MON-RR'),'N','N',null,null,'N','N',null,null,null);
Insert into CBP_RULE (CBP_RULE_ID,CBP_RULE_SHORT_DESC,CBP_RULE_NAME,CBP_OBJECT_TYPE,CBP_CODE_TYPE_ID,CBP_IMP_TYPE_ID,CBP_CREATED_TIMESTAMP,CBP_UPDATED_TIMESTAMP,CBP_ADD_PARAM_ALLOWED,IS_DEPRECATED,DS_STAGE_TYPE,DS_ORCH_STAGE_IDENTIFIER,IS_DUMMY,IS_LEGACY,CBP_OBJECT_SUB_TYPE,EXCEPTION_COLUMN,ALLOW_EXCEPTIONS) values (11191125,'Naming Convention for Unpivot Transformations in Dataflow','Naming Convention for Unpivot Transformations in Dataflow','ADF - Dataflow',6100,13000,to_date('28-DEC-09','DD-MON-RR'),to_date('28-DEC-09','DD-MON-RR'),'N','N',null,null,'N','N',null,null,null);
Insert into CBP_RULE (CBP_RULE_ID,CBP_RULE_SHORT_DESC,CBP_RULE_NAME,CBP_OBJECT_TYPE,CBP_CODE_TYPE_ID,CBP_IMP_TYPE_ID,CBP_CREATED_TIMESTAMP,CBP_UPDATED_TIMESTAMP,CBP_ADD_PARAM_ALLOWED,IS_DEPRECATED,DS_STAGE_TYPE,DS_ORCH_STAGE_IDENTIFIER,IS_DUMMY,IS_LEGACY,CBP_OBJECT_SUB_TYPE,EXCEPTION_COLUMN,ALLOW_EXCEPTIONS) values (11191126,'Naming Convention for Window Transformations in Dataflow','Naming Convention for Window Transformations in Dataflow','ADF - Dataflow',6100,13000,to_date('28-DEC-09','DD-MON-RR'),to_date('28-DEC-09','DD-MON-RR'),'N','N',null,null,'N','N',null,null,null);
Insert into CBP_RULE (CBP_RULE_ID,CBP_RULE_SHORT_DESC,CBP_RULE_NAME,CBP_OBJECT_TYPE,CBP_CODE_TYPE_ID,CBP_IMP_TYPE_ID,CBP_CREATED_TIMESTAMP,CBP_UPDATED_TIMESTAMP,CBP_ADD_PARAM_ALLOWED,IS_DEPRECATED,DS_STAGE_TYPE,DS_ORCH_STAGE_IDENTIFIER,IS_DUMMY,IS_LEGACY,CBP_OBJECT_SUB_TYPE,EXCEPTION_COLUMN,ALLOW_EXCEPTIONS) values (11191127,'Naming Convention for Rank Transformations in Dataflow','Naming Convention for Rank Transformations in Dataflow','ADF - Dataflow',6100,13000,to_date('28-DEC-09','DD-MON-RR'),to_date('28-DEC-09','DD-MON-RR'),'N','N',null,null,'N','N',null,null,null);
Insert into CBP_RULE (CBP_RULE_ID,CBP_RULE_SHORT_DESC,CBP_RULE_NAME,CBP_OBJECT_TYPE,CBP_CODE_TYPE_ID,CBP_IMP_TYPE_ID,CBP_CREATED_TIMESTAMP,CBP_UPDATED_TIMESTAMP,CBP_ADD_PARAM_ALLOWED,IS_DEPRECATED,DS_STAGE_TYPE,DS_ORCH_STAGE_IDENTIFIER,IS_DUMMY,IS_LEGACY,CBP_OBJECT_SUB_TYPE,EXCEPTION_COLUMN,ALLOW_EXCEPTIONS) values (11191128,'Naming Convention for External Call Transformations in Dataflow','Naming Convention for External Call Transformations in Dataflow','ADF - Dataflow',6100,13000,to_date('28-DEC-09','DD-MON-RR'),to_date('28-DEC-09','DD-MON-RR'),'N','N',null,null,'N','N',null,null,null);
Insert into CBP_RULE (CBP_RULE_ID,CBP_RULE_SHORT_DESC,CBP_RULE_NAME,CBP_OBJECT_TYPE,CBP_CODE_TYPE_ID,CBP_IMP_TYPE_ID,CBP_CREATED_TIMESTAMP,CBP_UPDATED_TIMESTAMP,CBP_ADD_PARAM_ALLOWED,IS_DEPRECATED,DS_STAGE_TYPE,DS_ORCH_STAGE_IDENTIFIER,IS_DUMMY,IS_LEGACY,CBP_OBJECT_SUB_TYPE,EXCEPTION_COLUMN,ALLOW_EXCEPTIONS) values (11191129,'Naming Convention for Flatten Transformations in Dataflow','Naming Convention for Flatten Transformations in Dataflow','ADF - Dataflow',6100,13000,to_date('28-DEC-09','DD-MON-RR'),to_date('28-DEC-09','DD-MON-RR'),'N','N',null,null,'N','N',null,null,null);
Insert into CBP_RULE (CBP_RULE_ID,CBP_RULE_SHORT_DESC,CBP_RULE_NAME,CBP_OBJECT_TYPE,CBP_CODE_TYPE_ID,CBP_IMP_TYPE_ID,CBP_CREATED_TIMESTAMP,CBP_UPDATED_TIMESTAMP,CBP_ADD_PARAM_ALLOWED,IS_DEPRECATED,DS_STAGE_TYPE,DS_ORCH_STAGE_IDENTIFIER,IS_DUMMY,IS_LEGACY,CBP_OBJECT_SUB_TYPE,EXCEPTION_COLUMN,ALLOW_EXCEPTIONS) values (11191130,'Naming Convention for Parse Transformations in Dataflow','Naming Convention for Parse Transformations in Dataflow','ADF - Dataflow',6100,13000,to_date('28-DEC-09','DD-MON-RR'),to_date('28-DEC-09','DD-MON-RR'),'N','N',null,null,'N','N',null,null,null);
Insert into CBP_RULE (CBP_RULE_ID,CBP_RULE_SHORT_DESC,CBP_RULE_NAME,CBP_OBJECT_TYPE,CBP_CODE_TYPE_ID,CBP_IMP_TYPE_ID,CBP_CREATED_TIMESTAMP,CBP_UPDATED_TIMESTAMP,CBP_ADD_PARAM_ALLOWED,IS_DEPRECATED,DS_STAGE_TYPE,DS_ORCH_STAGE_IDENTIFIER,IS_DUMMY,IS_LEGACY,CBP_OBJECT_SUB_TYPE,EXCEPTION_COLUMN,ALLOW_EXCEPTIONS) values (11191131,'Naming Convention for Stringify Transformations in Dataflow','Naming Convention for Stringify Transformations in Dataflow','ADF - Dataflow',6100,13000,to_date('28-DEC-09','DD-MON-RR'),to_date('28-DEC-09','DD-MON-RR'),'N','N',null,null,'N','N',null,null,null);
Insert into CBP_RULE (CBP_RULE_ID,CBP_RULE_SHORT_DESC,CBP_RULE_NAME,CBP_OBJECT_TYPE,CBP_CODE_TYPE_ID,CBP_IMP_TYPE_ID,CBP_CREATED_TIMESTAMP,CBP_UPDATED_TIMESTAMP,CBP_ADD_PARAM_ALLOWED,IS_DEPRECATED,DS_STAGE_TYPE,DS_ORCH_STAGE_IDENTIFIER,IS_DUMMY,IS_LEGACY,CBP_OBJECT_SUB_TYPE,EXCEPTION_COLUMN,ALLOW_EXCEPTIONS) values (11191132,'Naming Convention for Filter Transformations in Dataflow','Naming Convention for Filter Transformations in Dataflow','ADF - Dataflow',6100,13000,to_date('28-DEC-09','DD-MON-RR'),to_date('28-DEC-09','DD-MON-RR'),'N','N',null,null,'N','N',null,null,null);
Insert into CBP_RULE (CBP_RULE_ID,CBP_RULE_SHORT_DESC,CBP_RULE_NAME,CBP_OBJECT_TYPE,CBP_CODE_TYPE_ID,CBP_IMP_TYPE_ID,CBP_CREATED_TIMESTAMP,CBP_UPDATED_TIMESTAMP,CBP_ADD_PARAM_ALLOWED,IS_DEPRECATED,DS_STAGE_TYPE,DS_ORCH_STAGE_IDENTIFIER,IS_DUMMY,IS_LEGACY,CBP_OBJECT_SUB_TYPE,EXCEPTION_COLUMN,ALLOW_EXCEPTIONS) values (11191133,'Naming Convention for Sort Transformations in Dataflow','Naming Convention for Sort Transformations in Dataflow','ADF - Dataflow',6100,13000,to_date('28-DEC-09','DD-MON-RR'),to_date('28-DEC-09','DD-MON-RR'),'N','N',null,null,'N','N',null,null,null);
Insert into CBP_RULE (CBP_RULE_ID,CBP_RULE_SHORT_DESC,CBP_RULE_NAME,CBP_OBJECT_TYPE,CBP_CODE_TYPE_ID,CBP_IMP_TYPE_ID,CBP_CREATED_TIMESTAMP,CBP_UPDATED_TIMESTAMP,CBP_ADD_PARAM_ALLOWED,IS_DEPRECATED,DS_STAGE_TYPE,DS_ORCH_STAGE_IDENTIFIER,IS_DUMMY,IS_LEGACY,CBP_OBJECT_SUB_TYPE,EXCEPTION_COLUMN,ALLOW_EXCEPTIONS) values (11191134,'Naming Convention for Alter Row Transformations in Dataflow','Naming Convention for Alter Row Transformations in Dataflow','ADF - Dataflow',6100,13000,to_date('28-DEC-09','DD-MON-RR'),to_date('28-DEC-09','DD-MON-RR'),'N','N',null,null,'N','N',null,null,null);
Insert into CBP_RULE (CBP_RULE_ID,CBP_RULE_SHORT_DESC,CBP_RULE_NAME,CBP_OBJECT_TYPE,CBP_CODE_TYPE_ID,CBP_IMP_TYPE_ID,CBP_CREATED_TIMESTAMP,CBP_UPDATED_TIMESTAMP,CBP_ADD_PARAM_ALLOWED,IS_DEPRECATED,DS_STAGE_TYPE,DS_ORCH_STAGE_IDENTIFIER,IS_DUMMY,IS_LEGACY,CBP_OBJECT_SUB_TYPE,EXCEPTION_COLUMN,ALLOW_EXCEPTIONS) values (11191135,'Naming Convention for Assert Transformations in Dataflow','Naming Convention for Assert Transformations in Dataflow','ADF - Dataflow',6100,13000,to_date('28-DEC-09','DD-MON-RR'),to_date('28-DEC-09','DD-MON-RR'),'N','N',null,null,'N','N',null,null,null);
Insert into CBP_RULE (CBP_RULE_ID,CBP_RULE_SHORT_DESC,CBP_RULE_NAME,CBP_OBJECT_TYPE,CBP_CODE_TYPE_ID,CBP_IMP_TYPE_ID,CBP_CREATED_TIMESTAMP,CBP_UPDATED_TIMESTAMP,CBP_ADD_PARAM_ALLOWED,IS_DEPRECATED,DS_STAGE_TYPE,DS_ORCH_STAGE_IDENTIFIER,IS_DUMMY,IS_LEGACY,CBP_OBJECT_SUB_TYPE,EXCEPTION_COLUMN,ALLOW_EXCEPTIONS) values (11191136,'Naming Convention for Flowlet Transformations in Dataflow','Naming Convention for Flowlet Transformations in Dataflow','ADF - Dataflow',6100,13000,to_date('28-DEC-09','DD-MON-RR'),to_date('28-DEC-09','DD-MON-RR'),'N','N',null,null,'N','N',null,null,null);
Insert into CBP_RULE (CBP_RULE_ID,CBP_RULE_SHORT_DESC,CBP_RULE_NAME,CBP_OBJECT_TYPE,CBP_CODE_TYPE_ID,CBP_IMP_TYPE_ID,CBP_CREATED_TIMESTAMP,CBP_UPDATED_TIMESTAMP,CBP_ADD_PARAM_ALLOWED,IS_DEPRECATED,DS_STAGE_TYPE,DS_ORCH_STAGE_IDENTIFIER,IS_DUMMY,IS_LEGACY,CBP_OBJECT_SUB_TYPE,EXCEPTION_COLUMN,ALLOW_EXCEPTIONS) values (11191137,'Naming Convention for Sink Transformations in Dataflow','Naming Convention for Sink Transformations in Dataflow','ADF - Dataflow',6100,13000,to_date('28-DEC-09','DD-MON-RR'),to_date('28-DEC-09','DD-MON-RR'),'N','N',null,null,'N','N',null,null,null);
Insert into CBP_RULE (CBP_RULE_ID,CBP_RULE_SHORT_DESC,CBP_RULE_NAME,CBP_OBJECT_TYPE,CBP_CODE_TYPE_ID,CBP_IMP_TYPE_ID,CBP_CREATED_TIMESTAMP,CBP_UPDATED_TIMESTAMP,CBP_ADD_PARAM_ALLOWED,IS_DEPRECATED,DS_STAGE_TYPE,DS_ORCH_STAGE_IDENTIFIER,IS_DUMMY,IS_LEGACY,CBP_OBJECT_SUB_TYPE,EXCEPTION_COLUMN,ALLOW_EXCEPTIONS) values (11191138,'Use of Too Many New Branch Transformations in Dataflow','Use of Too Many New Branch Transformations in Dataflow','ADF - Dataflow',6100,13000,to_date('28-DEC-09','DD-MON-RR'),to_date('28-DEC-09','DD-MON-RR'),'N','N',null,null,'N','N',null,null,null);
Insert into CBP_RULE (CBP_RULE_ID,CBP_RULE_SHORT_DESC,CBP_RULE_NAME,CBP_OBJECT_TYPE,CBP_CODE_TYPE_ID,CBP_IMP_TYPE_ID,CBP_CREATED_TIMESTAMP,CBP_UPDATED_TIMESTAMP,CBP_ADD_PARAM_ALLOWED,IS_DEPRECATED,DS_STAGE_TYPE,DS_ORCH_STAGE_IDENTIFIER,IS_DUMMY,IS_LEGACY,CBP_OBJECT_SUB_TYPE,EXCEPTION_COLUMN,ALLOW_EXCEPTIONS) values (11191139,'Use of Too Many Join Transformations in Dataflow','Use of Too Many Join Transformations in Dataflow','ADF - Dataflow',6100,13000,to_date('28-DEC-09','DD-MON-RR'),to_date('28-DEC-09','DD-MON-RR'),'N','N',null,null,'N','N',null,null,null);
Insert into CBP_RULE (CBP_RULE_ID,CBP_RULE_SHORT_DESC,CBP_RULE_NAME,CBP_OBJECT_TYPE,CBP_CODE_TYPE_ID,CBP_IMP_TYPE_ID,CBP_CREATED_TIMESTAMP,CBP_UPDATED_TIMESTAMP,CBP_ADD_PARAM_ALLOWED,IS_DEPRECATED,DS_STAGE_TYPE,DS_ORCH_STAGE_IDENTIFIER,IS_DUMMY,IS_LEGACY,CBP_OBJECT_SUB_TYPE,EXCEPTION_COLUMN,ALLOW_EXCEPTIONS) values (11191140,'Use of Too Many Conditional Split Transformations in Dataflow','Use of Too Many Conditional Split Transformations in Dataflow','ADF - Dataflow',6100,13000,to_date('28-DEC-09','DD-MON-RR'),to_date('28-DEC-09','DD-MON-RR'),'N','N',null,null,'N','N',null,null,null);
Insert into CBP_RULE (CBP_RULE_ID,CBP_RULE_SHORT_DESC,CBP_RULE_NAME,CBP_OBJECT_TYPE,CBP_CODE_TYPE_ID,CBP_IMP_TYPE_ID,CBP_CREATED_TIMESTAMP,CBP_UPDATED_TIMESTAMP,CBP_ADD_PARAM_ALLOWED,IS_DEPRECATED,DS_STAGE_TYPE,DS_ORCH_STAGE_IDENTIFIER,IS_DUMMY,IS_LEGACY,CBP_OBJECT_SUB_TYPE,EXCEPTION_COLUMN,ALLOW_EXCEPTIONS) values (11191141,'Use of Too Many Exists Transformations in Dataflow','Use of Too Many Exists Transformations in Dataflow','ADF - Dataflow',6100,13000,to_date('28-DEC-09','DD-MON-RR'),to_date('28-DEC-09','DD-MON-RR'),'N','N',null,null,'N','N',null,null,null);
Insert into CBP_RULE (CBP_RULE_ID,CBP_RULE_SHORT_DESC,CBP_RULE_NAME,CBP_OBJECT_TYPE,CBP_CODE_TYPE_ID,CBP_IMP_TYPE_ID,CBP_CREATED_TIMESTAMP,CBP_UPDATED_TIMESTAMP,CBP_ADD_PARAM_ALLOWED,IS_DEPRECATED,DS_STAGE_TYPE,DS_ORCH_STAGE_IDENTIFIER,IS_DUMMY,IS_LEGACY,CBP_OBJECT_SUB_TYPE,EXCEPTION_COLUMN,ALLOW_EXCEPTIONS) values (11191142,'Use of Too Many Union Transformations in Dataflow','Use of Too Many Union Transformations in Dataflow','ADF - Dataflow',6100,13000,to_date('28-DEC-09','DD-MON-RR'),to_date('28-DEC-09','DD-MON-RR'),'N','N',null,null,'N','N',null,null,null);
Insert into CBP_RULE (CBP_RULE_ID,CBP_RULE_SHORT_DESC,CBP_RULE_NAME,CBP_OBJECT_TYPE,CBP_CODE_TYPE_ID,CBP_IMP_TYPE_ID,CBP_CREATED_TIMESTAMP,CBP_UPDATED_TIMESTAMP,CBP_ADD_PARAM_ALLOWED,IS_DEPRECATED,DS_STAGE_TYPE,DS_ORCH_STAGE_IDENTIFIER,IS_DUMMY,IS_LEGACY,CBP_OBJECT_SUB_TYPE,EXCEPTION_COLUMN,ALLOW_EXCEPTIONS) values (11191143,'Use of Too Many Lookup Transformations in Dataflow','Use of Too Many Lookup Transformations in Dataflow','ADF - Dataflow',6100,13000,to_date('28-DEC-09','DD-MON-RR'),to_date('28-DEC-09','DD-MON-RR'),'N','N',null,null,'N','N',null,null,null);
Insert into CBP_RULE (CBP_RULE_ID,CBP_RULE_SHORT_DESC,CBP_RULE_NAME,CBP_OBJECT_TYPE,CBP_CODE_TYPE_ID,CBP_IMP_TYPE_ID,CBP_CREATED_TIMESTAMP,CBP_UPDATED_TIMESTAMP,CBP_ADD_PARAM_ALLOWED,IS_DEPRECATED,DS_STAGE_TYPE,DS_ORCH_STAGE_IDENTIFIER,IS_DUMMY,IS_LEGACY,CBP_OBJECT_SUB_TYPE,EXCEPTION_COLUMN,ALLOW_EXCEPTIONS) values (11191144,'Use of Too Many Derived Column Transformations in Dataflow','Use of Too Many Derived Column Transformations in Dataflow','ADF - Dataflow',6100,13000,to_date('28-DEC-09','DD-MON-RR'),to_date('28-DEC-09','DD-MON-RR'),'N','N',null,null,'N','N',null,null,null);
Insert into CBP_RULE (CBP_RULE_ID,CBP_RULE_SHORT_DESC,CBP_RULE_NAME,CBP_OBJECT_TYPE,CBP_CODE_TYPE_ID,CBP_IMP_TYPE_ID,CBP_CREATED_TIMESTAMP,CBP_UPDATED_TIMESTAMP,CBP_ADD_PARAM_ALLOWED,IS_DEPRECATED,DS_STAGE_TYPE,DS_ORCH_STAGE_IDENTIFIER,IS_DUMMY,IS_LEGACY,CBP_OBJECT_SUB_TYPE,EXCEPTION_COLUMN,ALLOW_EXCEPTIONS) values (11191145,'Use of Too Many Select Transformations in Dataflow','Use of Too Many Select Transformations in Dataflow','ADF - Dataflow',6100,13000,to_date('28-DEC-09','DD-MON-RR'),to_date('28-DEC-09','DD-MON-RR'),'N','N',null,null,'N','N',null,null,null);
Insert into CBP_RULE (CBP_RULE_ID,CBP_RULE_SHORT_DESC,CBP_RULE_NAME,CBP_OBJECT_TYPE,CBP_CODE_TYPE_ID,CBP_IMP_TYPE_ID,CBP_CREATED_TIMESTAMP,CBP_UPDATED_TIMESTAMP,CBP_ADD_PARAM_ALLOWED,IS_DEPRECATED,DS_STAGE_TYPE,DS_ORCH_STAGE_IDENTIFIER,IS_DUMMY,IS_LEGACY,CBP_OBJECT_SUB_TYPE,EXCEPTION_COLUMN,ALLOW_EXCEPTIONS) values (11191146,'Use of Too Many Aggregate Transformations in Dataflow','Use of Too Many Aggregate Transformations in Dataflow','ADF - Dataflow',6100,13000,to_date('28-DEC-09','DD-MON-RR'),to_date('28-DEC-09','DD-MON-RR'),'N','N',null,null,'N','N',null,null,null);
Insert into CBP_RULE (CBP_RULE_ID,CBP_RULE_SHORT_DESC,CBP_RULE_NAME,CBP_OBJECT_TYPE,CBP_CODE_TYPE_ID,CBP_IMP_TYPE_ID,CBP_CREATED_TIMESTAMP,CBP_UPDATED_TIMESTAMP,CBP_ADD_PARAM_ALLOWED,IS_DEPRECATED,DS_STAGE_TYPE,DS_ORCH_STAGE_IDENTIFIER,IS_DUMMY,IS_LEGACY,CBP_OBJECT_SUB_TYPE,EXCEPTION_COLUMN,ALLOW_EXCEPTIONS) values (11191147,'Use of Too Many Surrogate Key Transformations in Dataflow','Use of Too Many Surrogate Key Transformations in Dataflow','ADF - Dataflow',6100,13000,to_date('28-DEC-09','DD-MON-RR'),to_date('28-DEC-09','DD-MON-RR'),'N','N',null,null,'N','N',null,null,null);
Insert into CBP_RULE (CBP_RULE_ID,CBP_RULE_SHORT_DESC,CBP_RULE_NAME,CBP_OBJECT_TYPE,CBP_CODE_TYPE_ID,CBP_IMP_TYPE_ID,CBP_CREATED_TIMESTAMP,CBP_UPDATED_TIMESTAMP,CBP_ADD_PARAM_ALLOWED,IS_DEPRECATED,DS_STAGE_TYPE,DS_ORCH_STAGE_IDENTIFIER,IS_DUMMY,IS_LEGACY,CBP_OBJECT_SUB_TYPE,EXCEPTION_COLUMN,ALLOW_EXCEPTIONS) values (11191148,'Use of Too Many Pivot Transformations in Dataflow','Use of Too Many Pivot Transformations in Dataflow','ADF - Dataflow',6100,13000,to_date('28-DEC-09','DD-MON-RR'),to_date('28-DEC-09','DD-MON-RR'),'N','N',null,null,'N','N',null,null,null);
Insert into CBP_RULE (CBP_RULE_ID,CBP_RULE_SHORT_DESC,CBP_RULE_NAME,CBP_OBJECT_TYPE,CBP_CODE_TYPE_ID,CBP_IMP_TYPE_ID,CBP_CREATED_TIMESTAMP,CBP_UPDATED_TIMESTAMP,CBP_ADD_PARAM_ALLOWED,IS_DEPRECATED,DS_STAGE_TYPE,DS_ORCH_STAGE_IDENTIFIER,IS_DUMMY,IS_LEGACY,CBP_OBJECT_SUB_TYPE,EXCEPTION_COLUMN,ALLOW_EXCEPTIONS) values (11191149,'Use of Too Many Unpivot Transformations in Dataflow','Use of Too Many Unpivot Transformations in Dataflow','ADF - Dataflow',6100,13000,to_date('28-DEC-09','DD-MON-RR'),to_date('28-DEC-09','DD-MON-RR'),'N','N',null,null,'N','N',null,null,null);
Insert into CBP_RULE (CBP_RULE_ID,CBP_RULE_SHORT_DESC,CBP_RULE_NAME,CBP_OBJECT_TYPE,CBP_CODE_TYPE_ID,CBP_IMP_TYPE_ID,CBP_CREATED_TIMESTAMP,CBP_UPDATED_TIMESTAMP,CBP_ADD_PARAM_ALLOWED,IS_DEPRECATED,DS_STAGE_TYPE,DS_ORCH_STAGE_IDENTIFIER,IS_DUMMY,IS_LEGACY,CBP_OBJECT_SUB_TYPE,EXCEPTION_COLUMN,ALLOW_EXCEPTIONS) values (11191150,'Use of Too Many Window Transformations in Dataflow','Use of Too Many Window Transformations in Dataflow','ADF - Dataflow',6100,13000,to_date('28-DEC-09','DD-MON-RR'),to_date('28-DEC-09','DD-MON-RR'),'N','N',null,null,'N','N',null,null,null);
Insert into CBP_RULE (CBP_RULE_ID,CBP_RULE_SHORT_DESC,CBP_RULE_NAME,CBP_OBJECT_TYPE,CBP_CODE_TYPE_ID,CBP_IMP_TYPE_ID,CBP_CREATED_TIMESTAMP,CBP_UPDATED_TIMESTAMP,CBP_ADD_PARAM_ALLOWED,IS_DEPRECATED,DS_STAGE_TYPE,DS_ORCH_STAGE_IDENTIFIER,IS_DUMMY,IS_LEGACY,CBP_OBJECT_SUB_TYPE,EXCEPTION_COLUMN,ALLOW_EXCEPTIONS) values (11191151,'Use of Too Many Rank Transformations in Dataflow','Use of Too Many Rank Transformations in Dataflow','ADF - Dataflow',6100,13000,to_date('28-DEC-09','DD-MON-RR'),to_date('28-DEC-09','DD-MON-RR'),'N','N',null,null,'N','N',null,null,null);
Insert into CBP_RULE (CBP_RULE_ID,CBP_RULE_SHORT_DESC,CBP_RULE_NAME,CBP_OBJECT_TYPE,CBP_CODE_TYPE_ID,CBP_IMP_TYPE_ID,CBP_CREATED_TIMESTAMP,CBP_UPDATED_TIMESTAMP,CBP_ADD_PARAM_ALLOWED,IS_DEPRECATED,DS_STAGE_TYPE,DS_ORCH_STAGE_IDENTIFIER,IS_DUMMY,IS_LEGACY,CBP_OBJECT_SUB_TYPE,EXCEPTION_COLUMN,ALLOW_EXCEPTIONS) values (11191152,'Use of Too Many External Call Transformations in Dataflow','Use of Too Many External Call Transformations in Dataflow','ADF - Dataflow',6100,13000,to_date('28-DEC-09','DD-MON-RR'),to_date('28-DEC-09','DD-MON-RR'),'N','N',null,null,'N','N',null,null,null);
Insert into CBP_RULE (CBP_RULE_ID,CBP_RULE_SHORT_DESC,CBP_RULE_NAME,CBP_OBJECT_TYPE,CBP_CODE_TYPE_ID,CBP_IMP_TYPE_ID,CBP_CREATED_TIMESTAMP,CBP_UPDATED_TIMESTAMP,CBP_ADD_PARAM_ALLOWED,IS_DEPRECATED,DS_STAGE_TYPE,DS_ORCH_STAGE_IDENTIFIER,IS_DUMMY,IS_LEGACY,CBP_OBJECT_SUB_TYPE,EXCEPTION_COLUMN,ALLOW_EXCEPTIONS) values (11191153,'Use of Too Many Flatten Transformations in Dataflow','Use of Too Many Flatten Transformations in Dataflow','ADF - Dataflow',6100,13000,to_date('28-DEC-09','DD-MON-RR'),to_date('28-DEC-09','DD-MON-RR'),'N','N',null,null,'N','N',null,null,null);
Insert into CBP_RULE (CBP_RULE_ID,CBP_RULE_SHORT_DESC,CBP_RULE_NAME,CBP_OBJECT_TYPE,CBP_CODE_TYPE_ID,CBP_IMP_TYPE_ID,CBP_CREATED_TIMESTAMP,CBP_UPDATED_TIMESTAMP,CBP_ADD_PARAM_ALLOWED,IS_DEPRECATED,DS_STAGE_TYPE,DS_ORCH_STAGE_IDENTIFIER,IS_DUMMY,IS_LEGACY,CBP_OBJECT_SUB_TYPE,EXCEPTION_COLUMN,ALLOW_EXCEPTIONS) values (11191154,'Use of Too Many Parse Transformations in Dataflow','Use of Too Many Parse Transformations in Dataflow','ADF - Dataflow',6100,13000,to_date('28-DEC-09','DD-MON-RR'),to_date('28-DEC-09','DD-MON-RR'),'N','N',null,null,'N','N',null,null,null);
Insert into CBP_RULE (CBP_RULE_ID,CBP_RULE_SHORT_DESC,CBP_RULE_NAME,CBP_OBJECT_TYPE,CBP_CODE_TYPE_ID,CBP_IMP_TYPE_ID,CBP_CREATED_TIMESTAMP,CBP_UPDATED_TIMESTAMP,CBP_ADD_PARAM_ALLOWED,IS_DEPRECATED,DS_STAGE_TYPE,DS_ORCH_STAGE_IDENTIFIER,IS_DUMMY,IS_LEGACY,CBP_OBJECT_SUB_TYPE,EXCEPTION_COLUMN,ALLOW_EXCEPTIONS) values (11191193,'Missing Mandatory Documentation Tag in Select Transformation in Dataflow','Missing Mandatory Documentation Tag in Select Transformation in Dataflow','ADF - Dataflow',6100,13000,to_date('28-DEC-09','DD-MON-RR'),to_date('28-DEC-09','DD-MON-RR'),'N','N',null,null,'N','N',null,null,null);
Insert into CBP_RULE (CBP_RULE_ID,CBP_RULE_SHORT_DESC,CBP_RULE_NAME,CBP_OBJECT_TYPE,CBP_CODE_TYPE_ID,CBP_IMP_TYPE_ID,CBP_CREATED_TIMESTAMP,CBP_UPDATED_TIMESTAMP,CBP_ADD_PARAM_ALLOWED,IS_DEPRECATED,DS_STAGE_TYPE,DS_ORCH_STAGE_IDENTIFIER,IS_DUMMY,IS_LEGACY,CBP_OBJECT_SUB_TYPE,EXCEPTION_COLUMN,ALLOW_EXCEPTIONS) values (11191155,'Use of Too Many Stringify Transformations in Dataflow','Use of Too Many Stringify Transformations in Dataflow','ADF - Dataflow',6100,13000,to_date('28-DEC-09','DD-MON-RR'),to_date('28-DEC-09','DD-MON-RR'),'N','N',null,null,'N','N',null,null,null);
Insert into CBP_RULE (CBP_RULE_ID,CBP_RULE_SHORT_DESC,CBP_RULE_NAME,CBP_OBJECT_TYPE,CBP_CODE_TYPE_ID,CBP_IMP_TYPE_ID,CBP_CREATED_TIMESTAMP,CBP_UPDATED_TIMESTAMP,CBP_ADD_PARAM_ALLOWED,IS_DEPRECATED,DS_STAGE_TYPE,DS_ORCH_STAGE_IDENTIFIER,IS_DUMMY,IS_LEGACY,CBP_OBJECT_SUB_TYPE,EXCEPTION_COLUMN,ALLOW_EXCEPTIONS) values (11191156,'Use of Too Many Filter Transformations in Dataflow','Use of Too Many Filter Transformations in Dataflow','ADF - Dataflow',6100,13000,to_date('28-DEC-09','DD-MON-RR'),to_date('28-DEC-09','DD-MON-RR'),'N','N',null,null,'N','N',null,null,null);
Insert into CBP_RULE (CBP_RULE_ID,CBP_RULE_SHORT_DESC,CBP_RULE_NAME,CBP_OBJECT_TYPE,CBP_CODE_TYPE_ID,CBP_IMP_TYPE_ID,CBP_CREATED_TIMESTAMP,CBP_UPDATED_TIMESTAMP,CBP_ADD_PARAM_ALLOWED,IS_DEPRECATED,DS_STAGE_TYPE,DS_ORCH_STAGE_IDENTIFIER,IS_DUMMY,IS_LEGACY,CBP_OBJECT_SUB_TYPE,EXCEPTION_COLUMN,ALLOW_EXCEPTIONS) values (11191157,'Use of Too Many Sort Transformations in Dataflow','Use of Too Many Sort Transformations in Dataflow','ADF - Dataflow',6100,13000,to_date('28-DEC-09','DD-MON-RR'),to_date('28-DEC-09','DD-MON-RR'),'N','N',null,null,'N','N',null,null,null);
Insert into CBP_RULE (CBP_RULE_ID,CBP_RULE_SHORT_DESC,CBP_RULE_NAME,CBP_OBJECT_TYPE,CBP_CODE_TYPE_ID,CBP_IMP_TYPE_ID,CBP_CREATED_TIMESTAMP,CBP_UPDATED_TIMESTAMP,CBP_ADD_PARAM_ALLOWED,IS_DEPRECATED,DS_STAGE_TYPE,DS_ORCH_STAGE_IDENTIFIER,IS_DUMMY,IS_LEGACY,CBP_OBJECT_SUB_TYPE,EXCEPTION_COLUMN,ALLOW_EXCEPTIONS) values (11191158,'Use of Too Many Alter Row Transformations in Dataflow','Use of Too Many Alter Row Transformations in Dataflow','ADF - Dataflow',6100,13000,to_date('28-DEC-09','DD-MON-RR'),to_date('28-DEC-09','DD-MON-RR'),'N','N',null,null,'N','N',null,null,null);
Insert into CBP_RULE (CBP_RULE_ID,CBP_RULE_SHORT_DESC,CBP_RULE_NAME,CBP_OBJECT_TYPE,CBP_CODE_TYPE_ID,CBP_IMP_TYPE_ID,CBP_CREATED_TIMESTAMP,CBP_UPDATED_TIMESTAMP,CBP_ADD_PARAM_ALLOWED,IS_DEPRECATED,DS_STAGE_TYPE,DS_ORCH_STAGE_IDENTIFIER,IS_DUMMY,IS_LEGACY,CBP_OBJECT_SUB_TYPE,EXCEPTION_COLUMN,ALLOW_EXCEPTIONS) values (11191159,'Use of Too Many Assert Transformations in Dataflow','Use of Too Many Assert Transformations in Dataflow','ADF - Dataflow',6100,13000,to_date('28-DEC-09','DD-MON-RR'),to_date('28-DEC-09','DD-MON-RR'),'N','N',null,null,'N','N',null,null,null);
Insert into CBP_RULE (CBP_RULE_ID,CBP_RULE_SHORT_DESC,CBP_RULE_NAME,CBP_OBJECT_TYPE,CBP_CODE_TYPE_ID,CBP_IMP_TYPE_ID,CBP_CREATED_TIMESTAMP,CBP_UPDATED_TIMESTAMP,CBP_ADD_PARAM_ALLOWED,IS_DEPRECATED,DS_STAGE_TYPE,DS_ORCH_STAGE_IDENTIFIER,IS_DUMMY,IS_LEGACY,CBP_OBJECT_SUB_TYPE,EXCEPTION_COLUMN,ALLOW_EXCEPTIONS) values (11191160,'Use of Too Many Flowlet Transformations in Dataflow','Use of Too Many Flowlet Transformations in Dataflow','ADF - Dataflow',6100,13000,to_date('28-DEC-09','DD-MON-RR'),to_date('28-DEC-09','DD-MON-RR'),'N','N',null,null,'N','N',null,null,null);
Insert into CBP_RULE (CBP_RULE_ID,CBP_RULE_SHORT_DESC,CBP_RULE_NAME,CBP_OBJECT_TYPE,CBP_CODE_TYPE_ID,CBP_IMP_TYPE_ID,CBP_CREATED_TIMESTAMP,CBP_UPDATED_TIMESTAMP,CBP_ADD_PARAM_ALLOWED,IS_DEPRECATED,DS_STAGE_TYPE,DS_ORCH_STAGE_IDENTIFIER,IS_DUMMY,IS_LEGACY,CBP_OBJECT_SUB_TYPE,EXCEPTION_COLUMN,ALLOW_EXCEPTIONS) values (11191161,'Use of Too Many Sink Transformations in Dataflow','Use of Too Many Sink Transformations in Dataflow','ADF - Dataflow',6100,13000,to_date('28-DEC-09','DD-MON-RR'),to_date('28-DEC-09','DD-MON-RR'),'N','N',null,null,'N','N',null,null,null);
Insert into CBP_RULE (CBP_RULE_ID,CBP_RULE_SHORT_DESC,CBP_RULE_NAME,CBP_OBJECT_TYPE,CBP_CODE_TYPE_ID,CBP_IMP_TYPE_ID,CBP_CREATED_TIMESTAMP,CBP_UPDATED_TIMESTAMP,CBP_ADD_PARAM_ALLOWED,IS_DEPRECATED,DS_STAGE_TYPE,DS_ORCH_STAGE_IDENTIFIER,IS_DUMMY,IS_LEGACY,CBP_OBJECT_SUB_TYPE,EXCEPTION_COLUMN,ALLOW_EXCEPTIONS) values (11191162,'Missing Description in New Branch Transformation in Dataflow','Missing Description in New Branch Transformation in Dataflow','ADF - Dataflow',6100,13000,to_date('28-DEC-09','DD-MON-RR'),to_date('28-DEC-09','DD-MON-RR'),'N','N',null,null,'N','N',null,null,null);
Insert into CBP_RULE (CBP_RULE_ID,CBP_RULE_SHORT_DESC,CBP_RULE_NAME,CBP_OBJECT_TYPE,CBP_CODE_TYPE_ID,CBP_IMP_TYPE_ID,CBP_CREATED_TIMESTAMP,CBP_UPDATED_TIMESTAMP,CBP_ADD_PARAM_ALLOWED,IS_DEPRECATED,DS_STAGE_TYPE,DS_ORCH_STAGE_IDENTIFIER,IS_DUMMY,IS_LEGACY,CBP_OBJECT_SUB_TYPE,EXCEPTION_COLUMN,ALLOW_EXCEPTIONS) values (11191163,'Missing Description in Join Transformation in Dataflow','Missing Description in Join Transformation in Dataflow','ADF - Dataflow',6100,13000,to_date('28-DEC-09','DD-MON-RR'),to_date('28-DEC-09','DD-MON-RR'),'N','N',null,null,'N','N',null,null,null);
Insert into CBP_RULE (CBP_RULE_ID,CBP_RULE_SHORT_DESC,CBP_RULE_NAME,CBP_OBJECT_TYPE,CBP_CODE_TYPE_ID,CBP_IMP_TYPE_ID,CBP_CREATED_TIMESTAMP,CBP_UPDATED_TIMESTAMP,CBP_ADD_PARAM_ALLOWED,IS_DEPRECATED,DS_STAGE_TYPE,DS_ORCH_STAGE_IDENTIFIER,IS_DUMMY,IS_LEGACY,CBP_OBJECT_SUB_TYPE,EXCEPTION_COLUMN,ALLOW_EXCEPTIONS) values (11191164,'Missing Description in Conditional Split Transformation in Dataflow','Missing Description in Conditional Split Transformation in Dataflow','ADF - Dataflow',6100,13000,to_date('28-DEC-09','DD-MON-RR'),to_date('28-DEC-09','DD-MON-RR'),'N','N',null,null,'N','N',null,null,null);
Insert into CBP_RULE (CBP_RULE_ID,CBP_RULE_SHORT_DESC,CBP_RULE_NAME,CBP_OBJECT_TYPE,CBP_CODE_TYPE_ID,CBP_IMP_TYPE_ID,CBP_CREATED_TIMESTAMP,CBP_UPDATED_TIMESTAMP,CBP_ADD_PARAM_ALLOWED,IS_DEPRECATED,DS_STAGE_TYPE,DS_ORCH_STAGE_IDENTIFIER,IS_DUMMY,IS_LEGACY,CBP_OBJECT_SUB_TYPE,EXCEPTION_COLUMN,ALLOW_EXCEPTIONS) values (11191165,'Missing Description in Exists Transformation in Dataflow','Missing Description in Exists Transformation in Dataflow','ADF - Dataflow',6100,13000,to_date('28-DEC-09','DD-MON-RR'),to_date('28-DEC-09','DD-MON-RR'),'N','N',null,null,'N','N',null,null,null);
Insert into CBP_RULE (CBP_RULE_ID,CBP_RULE_SHORT_DESC,CBP_RULE_NAME,CBP_OBJECT_TYPE,CBP_CODE_TYPE_ID,CBP_IMP_TYPE_ID,CBP_CREATED_TIMESTAMP,CBP_UPDATED_TIMESTAMP,CBP_ADD_PARAM_ALLOWED,IS_DEPRECATED,DS_STAGE_TYPE,DS_ORCH_STAGE_IDENTIFIER,IS_DUMMY,IS_LEGACY,CBP_OBJECT_SUB_TYPE,EXCEPTION_COLUMN,ALLOW_EXCEPTIONS) values (11191166,'Missing Description in Union Transformation in Dataflow','Missing Description in Union Transformation in Dataflow','ADF - Dataflow',6100,13000,to_date('28-DEC-09','DD-MON-RR'),to_date('28-DEC-09','DD-MON-RR'),'N','N',null,null,'N','N',null,null,null);
Insert into CBP_RULE (CBP_RULE_ID,CBP_RULE_SHORT_DESC,CBP_RULE_NAME,CBP_OBJECT_TYPE,CBP_CODE_TYPE_ID,CBP_IMP_TYPE_ID,CBP_CREATED_TIMESTAMP,CBP_UPDATED_TIMESTAMP,CBP_ADD_PARAM_ALLOWED,IS_DEPRECATED,DS_STAGE_TYPE,DS_ORCH_STAGE_IDENTIFIER,IS_DUMMY,IS_LEGACY,CBP_OBJECT_SUB_TYPE,EXCEPTION_COLUMN,ALLOW_EXCEPTIONS) values (11191167,'Missing Description in Lookup Transformation in Dataflow','Missing Description in Lookup Transformation in Dataflow','ADF - Dataflow',6100,13000,to_date('28-DEC-09','DD-MON-RR'),to_date('28-DEC-09','DD-MON-RR'),'N','N',null,null,'N','N',null,null,null);
Insert into CBP_RULE (CBP_RULE_ID,CBP_RULE_SHORT_DESC,CBP_RULE_NAME,CBP_OBJECT_TYPE,CBP_CODE_TYPE_ID,CBP_IMP_TYPE_ID,CBP_CREATED_TIMESTAMP,CBP_UPDATED_TIMESTAMP,CBP_ADD_PARAM_ALLOWED,IS_DEPRECATED,DS_STAGE_TYPE,DS_ORCH_STAGE_IDENTIFIER,IS_DUMMY,IS_LEGACY,CBP_OBJECT_SUB_TYPE,EXCEPTION_COLUMN,ALLOW_EXCEPTIONS) values (11191168,'Missing Description in Derived Column Transformation in Dataflow','Missing Description in Derived Column Transformation in Dataflow','ADF - Dataflow',6100,13000,to_date('28-DEC-09','DD-MON-RR'),to_date('28-DEC-09','DD-MON-RR'),'N','N',null,null,'N','N',null,null,null);
Insert into CBP_RULE (CBP_RULE_ID,CBP_RULE_SHORT_DESC,CBP_RULE_NAME,CBP_OBJECT_TYPE,CBP_CODE_TYPE_ID,CBP_IMP_TYPE_ID,CBP_CREATED_TIMESTAMP,CBP_UPDATED_TIMESTAMP,CBP_ADD_PARAM_ALLOWED,IS_DEPRECATED,DS_STAGE_TYPE,DS_ORCH_STAGE_IDENTIFIER,IS_DUMMY,IS_LEGACY,CBP_OBJECT_SUB_TYPE,EXCEPTION_COLUMN,ALLOW_EXCEPTIONS) values (11191169,'Missing Description in Select Transformation in Dataflow','Missing Description in Select Transformation in Dataflow','ADF - Dataflow',6100,13000,to_date('28-DEC-09','DD-MON-RR'),to_date('28-DEC-09','DD-MON-RR'),'N','N',null,null,'N','N',null,null,null);
Insert into CBP_RULE (CBP_RULE_ID,CBP_RULE_SHORT_DESC,CBP_RULE_NAME,CBP_OBJECT_TYPE,CBP_CODE_TYPE_ID,CBP_IMP_TYPE_ID,CBP_CREATED_TIMESTAMP,CBP_UPDATED_TIMESTAMP,CBP_ADD_PARAM_ALLOWED,IS_DEPRECATED,DS_STAGE_TYPE,DS_ORCH_STAGE_IDENTIFIER,IS_DUMMY,IS_LEGACY,CBP_OBJECT_SUB_TYPE,EXCEPTION_COLUMN,ALLOW_EXCEPTIONS) values (11191170,'Missing Description in Aggregate Transformation in Dataflow','Missing Description in Aggregate Transformation in Dataflow','ADF - Dataflow',6100,13000,to_date('28-DEC-09','DD-MON-RR'),to_date('28-DEC-09','DD-MON-RR'),'N','N',null,null,'N','N',null,null,null);
Insert into CBP_RULE (CBP_RULE_ID,CBP_RULE_SHORT_DESC,CBP_RULE_NAME,CBP_OBJECT_TYPE,CBP_CODE_TYPE_ID,CBP_IMP_TYPE_ID,CBP_CREATED_TIMESTAMP,CBP_UPDATED_TIMESTAMP,CBP_ADD_PARAM_ALLOWED,IS_DEPRECATED,DS_STAGE_TYPE,DS_ORCH_STAGE_IDENTIFIER,IS_DUMMY,IS_LEGACY,CBP_OBJECT_SUB_TYPE,EXCEPTION_COLUMN,ALLOW_EXCEPTIONS) values (11191171,'Missing Description in Surrogate Key Transformation in Dataflow','Missing Description in Surrogate Key Transformation in Dataflow','ADF - Dataflow',6100,13000,to_date('28-DEC-09','DD-MON-RR'),to_date('28-DEC-09','DD-MON-RR'),'N','N',null,null,'N','N',null,null,null);
Insert into CBP_RULE (CBP_RULE_ID,CBP_RULE_SHORT_DESC,CBP_RULE_NAME,CBP_OBJECT_TYPE,CBP_CODE_TYPE_ID,CBP_IMP_TYPE_ID,CBP_CREATED_TIMESTAMP,CBP_UPDATED_TIMESTAMP,CBP_ADD_PARAM_ALLOWED,IS_DEPRECATED,DS_STAGE_TYPE,DS_ORCH_STAGE_IDENTIFIER,IS_DUMMY,IS_LEGACY,CBP_OBJECT_SUB_TYPE,EXCEPTION_COLUMN,ALLOW_EXCEPTIONS) values (11191172,'Missing Description in Pivot Transformation in Dataflow','Missing Description in Pivot Transformation in Dataflow','ADF - Dataflow',6100,13000,to_date('28-DEC-09','DD-MON-RR'),to_date('28-DEC-09','DD-MON-RR'),'N','N',null,null,'N','N',null,null,null);
Insert into CBP_RULE (CBP_RULE_ID,CBP_RULE_SHORT_DESC,CBP_RULE_NAME,CBP_OBJECT_TYPE,CBP_CODE_TYPE_ID,CBP_IMP_TYPE_ID,CBP_CREATED_TIMESTAMP,CBP_UPDATED_TIMESTAMP,CBP_ADD_PARAM_ALLOWED,IS_DEPRECATED,DS_STAGE_TYPE,DS_ORCH_STAGE_IDENTIFIER,IS_DUMMY,IS_LEGACY,CBP_OBJECT_SUB_TYPE,EXCEPTION_COLUMN,ALLOW_EXCEPTIONS) values (11191173,'Missing Description in Unpivot Transformation in Dataflow','Missing Description in Unpivot Transformation in Dataflow','ADF - Dataflow',6100,13000,to_date('28-DEC-09','DD-MON-RR'),to_date('28-DEC-09','DD-MON-RR'),'N','N',null,null,'N','N',null,null,null);
Insert into CBP_RULE (CBP_RULE_ID,CBP_RULE_SHORT_DESC,CBP_RULE_NAME,CBP_OBJECT_TYPE,CBP_CODE_TYPE_ID,CBP_IMP_TYPE_ID,CBP_CREATED_TIMESTAMP,CBP_UPDATED_TIMESTAMP,CBP_ADD_PARAM_ALLOWED,IS_DEPRECATED,DS_STAGE_TYPE,DS_ORCH_STAGE_IDENTIFIER,IS_DUMMY,IS_LEGACY,CBP_OBJECT_SUB_TYPE,EXCEPTION_COLUMN,ALLOW_EXCEPTIONS) values (11191174,'Missing Description in Window Transformation in Dataflow','Missing Description in Window Transformation in Dataflow','ADF - Dataflow',6100,13000,to_date('28-DEC-09','DD-MON-RR'),to_date('28-DEC-09','DD-MON-RR'),'N','N',null,null,'N','N',null,null,null);
Insert into CBP_RULE (CBP_RULE_ID,CBP_RULE_SHORT_DESC,CBP_RULE_NAME,CBP_OBJECT_TYPE,CBP_CODE_TYPE_ID,CBP_IMP_TYPE_ID,CBP_CREATED_TIMESTAMP,CBP_UPDATED_TIMESTAMP,CBP_ADD_PARAM_ALLOWED,IS_DEPRECATED,DS_STAGE_TYPE,DS_ORCH_STAGE_IDENTIFIER,IS_DUMMY,IS_LEGACY,CBP_OBJECT_SUB_TYPE,EXCEPTION_COLUMN,ALLOW_EXCEPTIONS) values (11191175,'Missing Description in Rank Transformation in Dataflow','Missing Description in Rank Transformation in Dataflow','ADF - Dataflow',6100,13000,to_date('28-DEC-09','DD-MON-RR'),to_date('28-DEC-09','DD-MON-RR'),'N','N',null,null,'N','N',null,null,null);
Insert into CBP_RULE (CBP_RULE_ID,CBP_RULE_SHORT_DESC,CBP_RULE_NAME,CBP_OBJECT_TYPE,CBP_CODE_TYPE_ID,CBP_IMP_TYPE_ID,CBP_CREATED_TIMESTAMP,CBP_UPDATED_TIMESTAMP,CBP_ADD_PARAM_ALLOWED,IS_DEPRECATED,DS_STAGE_TYPE,DS_ORCH_STAGE_IDENTIFIER,IS_DUMMY,IS_LEGACY,CBP_OBJECT_SUB_TYPE,EXCEPTION_COLUMN,ALLOW_EXCEPTIONS) values (11191176,'Missing Description in External Call Transformation in Dataflow','Missing Description in External Call Transformation in Dataflow','ADF - Dataflow',6100,13000,to_date('28-DEC-09','DD-MON-RR'),to_date('28-DEC-09','DD-MON-RR'),'N','N',null,null,'N','N',null,null,null);
Insert into CBP_RULE (CBP_RULE_ID,CBP_RULE_SHORT_DESC,CBP_RULE_NAME,CBP_OBJECT_TYPE,CBP_CODE_TYPE_ID,CBP_IMP_TYPE_ID,CBP_CREATED_TIMESTAMP,CBP_UPDATED_TIMESTAMP,CBP_ADD_PARAM_ALLOWED,IS_DEPRECATED,DS_STAGE_TYPE,DS_ORCH_STAGE_IDENTIFIER,IS_DUMMY,IS_LEGACY,CBP_OBJECT_SUB_TYPE,EXCEPTION_COLUMN,ALLOW_EXCEPTIONS) values (11191177,'Missing Description in Flatten Transformation in Dataflow','Missing Description in Flatten Transformation in Dataflow','ADF - Dataflow',6100,13000,to_date('28-DEC-09','DD-MON-RR'),to_date('28-DEC-09','DD-MON-RR'),'N','N',null,null,'N','N',null,null,null);
Insert into CBP_RULE (CBP_RULE_ID,CBP_RULE_SHORT_DESC,CBP_RULE_NAME,CBP_OBJECT_TYPE,CBP_CODE_TYPE_ID,CBP_IMP_TYPE_ID,CBP_CREATED_TIMESTAMP,CBP_UPDATED_TIMESTAMP,CBP_ADD_PARAM_ALLOWED,IS_DEPRECATED,DS_STAGE_TYPE,DS_ORCH_STAGE_IDENTIFIER,IS_DUMMY,IS_LEGACY,CBP_OBJECT_SUB_TYPE,EXCEPTION_COLUMN,ALLOW_EXCEPTIONS) values (11191178,'Missing Description in Parse Transformation in Dataflow','Missing Description in Parse Transformation in Dataflow','ADF - Dataflow',6100,13000,to_date('28-DEC-09','DD-MON-RR'),to_date('28-DEC-09','DD-MON-RR'),'N','N',null,null,'N','N',null,null,null);
Insert into CBP_RULE (CBP_RULE_ID,CBP_RULE_SHORT_DESC,CBP_RULE_NAME,CBP_OBJECT_TYPE,CBP_CODE_TYPE_ID,CBP_IMP_TYPE_ID,CBP_CREATED_TIMESTAMP,CBP_UPDATED_TIMESTAMP,CBP_ADD_PARAM_ALLOWED,IS_DEPRECATED,DS_STAGE_TYPE,DS_ORCH_STAGE_IDENTIFIER,IS_DUMMY,IS_LEGACY,CBP_OBJECT_SUB_TYPE,EXCEPTION_COLUMN,ALLOW_EXCEPTIONS) values (11191179,'Missing Description in Stringify Transformation in Dataflow','Missing Description in Stringify Transformation in Dataflow','ADF - Dataflow',6100,13000,to_date('28-DEC-09','DD-MON-RR'),to_date('28-DEC-09','DD-MON-RR'),'N','N',null,null,'N','N',null,null,null);
Insert into CBP_RULE (CBP_RULE_ID,CBP_RULE_SHORT_DESC,CBP_RULE_NAME,CBP_OBJECT_TYPE,CBP_CODE_TYPE_ID,CBP_IMP_TYPE_ID,CBP_CREATED_TIMESTAMP,CBP_UPDATED_TIMESTAMP,CBP_ADD_PARAM_ALLOWED,IS_DEPRECATED,DS_STAGE_TYPE,DS_ORCH_STAGE_IDENTIFIER,IS_DUMMY,IS_LEGACY,CBP_OBJECT_SUB_TYPE,EXCEPTION_COLUMN,ALLOW_EXCEPTIONS) values (11191180,'Missing Description in Filter Transformation in Dataflow','Missing Description in Filter Transformation in Dataflow','ADF - Dataflow',6100,13000,to_date('28-DEC-09','DD-MON-RR'),to_date('28-DEC-09','DD-MON-RR'),'N','N',null,null,'N','N',null,null,null);
Insert into CBP_RULE (CBP_RULE_ID,CBP_RULE_SHORT_DESC,CBP_RULE_NAME,CBP_OBJECT_TYPE,CBP_CODE_TYPE_ID,CBP_IMP_TYPE_ID,CBP_CREATED_TIMESTAMP,CBP_UPDATED_TIMESTAMP,CBP_ADD_PARAM_ALLOWED,IS_DEPRECATED,DS_STAGE_TYPE,DS_ORCH_STAGE_IDENTIFIER,IS_DUMMY,IS_LEGACY,CBP_OBJECT_SUB_TYPE,EXCEPTION_COLUMN,ALLOW_EXCEPTIONS) values (11191181,'Missing Description in Sort Transformation in Dataflow','Missing Description in Sort Transformation in Dataflow','ADF - Dataflow',6100,13000,to_date('28-DEC-09','DD-MON-RR'),to_date('28-DEC-09','DD-MON-RR'),'N','N',null,null,'N','N',null,null,null);
Insert into CBP_RULE (CBP_RULE_ID,CBP_RULE_SHORT_DESC,CBP_RULE_NAME,CBP_OBJECT_TYPE,CBP_CODE_TYPE_ID,CBP_IMP_TYPE_ID,CBP_CREATED_TIMESTAMP,CBP_UPDATED_TIMESTAMP,CBP_ADD_PARAM_ALLOWED,IS_DEPRECATED,DS_STAGE_TYPE,DS_ORCH_STAGE_IDENTIFIER,IS_DUMMY,IS_LEGACY,CBP_OBJECT_SUB_TYPE,EXCEPTION_COLUMN,ALLOW_EXCEPTIONS) values (11191182,'Missing Description in Alter Row Transformation in Dataflow','Missing Description in Alter Row Transformation in Dataflow','ADF - Dataflow',6100,13000,to_date('28-DEC-09','DD-MON-RR'),to_date('28-DEC-09','DD-MON-RR'),'N','N',null,null,'N','N',null,null,null);
Insert into CBP_RULE (CBP_RULE_ID,CBP_RULE_SHORT_DESC,CBP_RULE_NAME,CBP_OBJECT_TYPE,CBP_CODE_TYPE_ID,CBP_IMP_TYPE_ID,CBP_CREATED_TIMESTAMP,CBP_UPDATED_TIMESTAMP,CBP_ADD_PARAM_ALLOWED,IS_DEPRECATED,DS_STAGE_TYPE,DS_ORCH_STAGE_IDENTIFIER,IS_DUMMY,IS_LEGACY,CBP_OBJECT_SUB_TYPE,EXCEPTION_COLUMN,ALLOW_EXCEPTIONS) values (11191183,'Missing Description in Assert Transformation in Dataflow','Missing Description in Assert Transformation in Dataflow','ADF - Dataflow',6100,13000,to_date('28-DEC-09','DD-MON-RR'),to_date('28-DEC-09','DD-MON-RR'),'N','N',null,null,'N','N',null,null,null);
Insert into CBP_RULE (CBP_RULE_ID,CBP_RULE_SHORT_DESC,CBP_RULE_NAME,CBP_OBJECT_TYPE,CBP_CODE_TYPE_ID,CBP_IMP_TYPE_ID,CBP_CREATED_TIMESTAMP,CBP_UPDATED_TIMESTAMP,CBP_ADD_PARAM_ALLOWED,IS_DEPRECATED,DS_STAGE_TYPE,DS_ORCH_STAGE_IDENTIFIER,IS_DUMMY,IS_LEGACY,CBP_OBJECT_SUB_TYPE,EXCEPTION_COLUMN,ALLOW_EXCEPTIONS) values (11191184,'Missing Description in Flowlet Transformation in Dataflow','Missing Description in Flowlet Transformation in Dataflow','ADF - Dataflow',6100,13000,to_date('28-DEC-09','DD-MON-RR'),to_date('28-DEC-09','DD-MON-RR'),'N','N',null,null,'N','N',null,null,null);
Insert into CBP_RULE (CBP_RULE_ID,CBP_RULE_SHORT_DESC,CBP_RULE_NAME,CBP_OBJECT_TYPE,CBP_CODE_TYPE_ID,CBP_IMP_TYPE_ID,CBP_CREATED_TIMESTAMP,CBP_UPDATED_TIMESTAMP,CBP_ADD_PARAM_ALLOWED,IS_DEPRECATED,DS_STAGE_TYPE,DS_ORCH_STAGE_IDENTIFIER,IS_DUMMY,IS_LEGACY,CBP_OBJECT_SUB_TYPE,EXCEPTION_COLUMN,ALLOW_EXCEPTIONS) values (11191185,'Missing Description in Sink Transformation in Dataflow','Missing Description in Sink Transformation in Dataflow','ADF - Dataflow',6100,13000,to_date('28-DEC-09','DD-MON-RR'),to_date('28-DEC-09','DD-MON-RR'),'N','N',null,null,'N','N',null,null,null);
Insert into CBP_RULE (CBP_RULE_ID,CBP_RULE_SHORT_DESC,CBP_RULE_NAME,CBP_OBJECT_TYPE,CBP_CODE_TYPE_ID,CBP_IMP_TYPE_ID,CBP_CREATED_TIMESTAMP,CBP_UPDATED_TIMESTAMP,CBP_ADD_PARAM_ALLOWED,IS_DEPRECATED,DS_STAGE_TYPE,DS_ORCH_STAGE_IDENTIFIER,IS_DUMMY,IS_LEGACY,CBP_OBJECT_SUB_TYPE,EXCEPTION_COLUMN,ALLOW_EXCEPTIONS) values (11191186,'Missing Mandatory Documentation Tag in New Branch Transformation in Dataflow','Missing Mandatory Documentation Tag in New Branch Transformation in Dataflow','ADF - Dataflow',6100,13000,to_date('28-DEC-09','DD-MON-RR'),to_date('28-DEC-09','DD-MON-RR'),'N','N',null,null,'N','N',null,null,null);
Insert into CBP_RULE (CBP_RULE_ID,CBP_RULE_SHORT_DESC,CBP_RULE_NAME,CBP_OBJECT_TYPE,CBP_CODE_TYPE_ID,CBP_IMP_TYPE_ID,CBP_CREATED_TIMESTAMP,CBP_UPDATED_TIMESTAMP,CBP_ADD_PARAM_ALLOWED,IS_DEPRECATED,DS_STAGE_TYPE,DS_ORCH_STAGE_IDENTIFIER,IS_DUMMY,IS_LEGACY,CBP_OBJECT_SUB_TYPE,EXCEPTION_COLUMN,ALLOW_EXCEPTIONS) values (11191187,'Missing Mandatory Documentation Tag in Join Transformation in Dataflow','Missing Mandatory Documentation Tag in Join Transformation in Dataflow','ADF - Dataflow',6100,13000,to_date('28-DEC-09','DD-MON-RR'),to_date('28-DEC-09','DD-MON-RR'),'N','N',null,null,'N','N',null,null,null);
Insert into CBP_RULE (CBP_RULE_ID,CBP_RULE_SHORT_DESC,CBP_RULE_NAME,CBP_OBJECT_TYPE,CBP_CODE_TYPE_ID,CBP_IMP_TYPE_ID,CBP_CREATED_TIMESTAMP,CBP_UPDATED_TIMESTAMP,CBP_ADD_PARAM_ALLOWED,IS_DEPRECATED,DS_STAGE_TYPE,DS_ORCH_STAGE_IDENTIFIER,IS_DUMMY,IS_LEGACY,CBP_OBJECT_SUB_TYPE,EXCEPTION_COLUMN,ALLOW_EXCEPTIONS) values (11191188,'Missing Mandatory Documentation Tag in Conditional Split Transformation in Dataflow','Missing Mandatory Documentation Tag in Conditional Split Transformation in Dataflow','ADF - Dataflow',6100,13000,to_date('28-DEC-09','DD-MON-RR'),to_date('28-DEC-09','DD-MON-RR'),'N','N',null,null,'N','N',null,null,null);
Insert into CBP_RULE (CBP_RULE_ID,CBP_RULE_SHORT_DESC,CBP_RULE_NAME,CBP_OBJECT_TYPE,CBP_CODE_TYPE_ID,CBP_IMP_TYPE_ID,CBP_CREATED_TIMESTAMP,CBP_UPDATED_TIMESTAMP,CBP_ADD_PARAM_ALLOWED,IS_DEPRECATED,DS_STAGE_TYPE,DS_ORCH_STAGE_IDENTIFIER,IS_DUMMY,IS_LEGACY,CBP_OBJECT_SUB_TYPE,EXCEPTION_COLUMN,ALLOW_EXCEPTIONS) values (11191189,'Missing Mandatory Documentation Tag in Exists Transformation in Dataflow','Missing Mandatory Documentation Tag in Exists Transformation in Dataflow','ADF - Dataflow',6100,13000,to_date('28-DEC-09','DD-MON-RR'),to_date('28-DEC-09','DD-MON-RR'),'N','N',null,null,'N','N',null,null,null);
Insert into CBP_RULE (CBP_RULE_ID,CBP_RULE_SHORT_DESC,CBP_RULE_NAME,CBP_OBJECT_TYPE,CBP_CODE_TYPE_ID,CBP_IMP_TYPE_ID,CBP_CREATED_TIMESTAMP,CBP_UPDATED_TIMESTAMP,CBP_ADD_PARAM_ALLOWED,IS_DEPRECATED,DS_STAGE_TYPE,DS_ORCH_STAGE_IDENTIFIER,IS_DUMMY,IS_LEGACY,CBP_OBJECT_SUB_TYPE,EXCEPTION_COLUMN,ALLOW_EXCEPTIONS) values (11191190,'Missing Mandatory Documentation Tag in Union Transformation in Dataflow','Missing Mandatory Documentation Tag in Union Transformation in Dataflow','ADF - Dataflow',6100,13000,to_date('28-DEC-09','DD-MON-RR'),to_date('28-DEC-09','DD-MON-RR'),'N','N',null,null,'N','N',null,null,null);
Insert into CBP_RULE (CBP_RULE_ID,CBP_RULE_SHORT_DESC,CBP_RULE_NAME,CBP_OBJECT_TYPE,CBP_CODE_TYPE_ID,CBP_IMP_TYPE_ID,CBP_CREATED_TIMESTAMP,CBP_UPDATED_TIMESTAMP,CBP_ADD_PARAM_ALLOWED,IS_DEPRECATED,DS_STAGE_TYPE,DS_ORCH_STAGE_IDENTIFIER,IS_DUMMY,IS_LEGACY,CBP_OBJECT_SUB_TYPE,EXCEPTION_COLUMN,ALLOW_EXCEPTIONS) values (11191191,'Missing Mandatory Documentation Tag in Lookup Transformation in Dataflow','Missing Mandatory Documentation Tag in Lookup Transformation in Dataflow','ADF - Dataflow',6100,13000,to_date('28-DEC-09','DD-MON-RR'),to_date('28-DEC-09','DD-MON-RR'),'N','N',null,null,'N','N',null,null,null);
Insert into CBP_RULE (CBP_RULE_ID,CBP_RULE_SHORT_DESC,CBP_RULE_NAME,CBP_OBJECT_TYPE,CBP_CODE_TYPE_ID,CBP_IMP_TYPE_ID,CBP_CREATED_TIMESTAMP,CBP_UPDATED_TIMESTAMP,CBP_ADD_PARAM_ALLOWED,IS_DEPRECATED,DS_STAGE_TYPE,DS_ORCH_STAGE_IDENTIFIER,IS_DUMMY,IS_LEGACY,CBP_OBJECT_SUB_TYPE,EXCEPTION_COLUMN,ALLOW_EXCEPTIONS) values (11191192,'Missing Mandatory Documentation Tag in Derived Column Transformation in Dataflow','Missing Mandatory Documentation Tag in Derived Column Transformation in Dataflow','ADF - Dataflow',6100,13000,to_date('28-DEC-09','DD-MON-RR'),to_date('28-DEC-09','DD-MON-RR'),'N','N',null,null,'N','N',null,null,null);
Insert into CBP_RULE (CBP_RULE_ID,CBP_RULE_SHORT_DESC,CBP_RULE_NAME,CBP_OBJECT_TYPE,CBP_CODE_TYPE_ID,CBP_IMP_TYPE_ID,CBP_CREATED_TIMESTAMP,CBP_UPDATED_TIMESTAMP,CBP_ADD_PARAM_ALLOWED,IS_DEPRECATED,DS_STAGE_TYPE,DS_ORCH_STAGE_IDENTIFIER,IS_DUMMY,IS_LEGACY,CBP_OBJECT_SUB_TYPE,EXCEPTION_COLUMN,ALLOW_EXCEPTIONS) values (11191194,'Missing Mandatory Documentation Tag in Aggregate Transformation in Dataflow','Missing Mandatory Documentation Tag in Aggregate Transformation in Dataflow','ADF - Dataflow',6100,13000,to_date('28-DEC-09','DD-MON-RR'),to_date('28-DEC-09','DD-MON-RR'),'N','N',null,null,'N','N',null,null,null);
Insert into CBP_RULE (CBP_RULE_ID,CBP_RULE_SHORT_DESC,CBP_RULE_NAME,CBP_OBJECT_TYPE,CBP_CODE_TYPE_ID,CBP_IMP_TYPE_ID,CBP_CREATED_TIMESTAMP,CBP_UPDATED_TIMESTAMP,CBP_ADD_PARAM_ALLOWED,IS_DEPRECATED,DS_STAGE_TYPE,DS_ORCH_STAGE_IDENTIFIER,IS_DUMMY,IS_LEGACY,CBP_OBJECT_SUB_TYPE,EXCEPTION_COLUMN,ALLOW_EXCEPTIONS) values (11191195,'Missing Mandatory Documentation Tag in Surrogate Key Transformation in Dataflow','Missing Mandatory Documentation Tag in Surrogate Key Transformation in Dataflow','ADF - Dataflow',6100,13000,to_date('28-DEC-09','DD-MON-RR'),to_date('28-DEC-09','DD-MON-RR'),'N','N',null,null,'N','N',null,null,null);
Insert into CBP_RULE (CBP_RULE_ID,CBP_RULE_SHORT_DESC,CBP_RULE_NAME,CBP_OBJECT_TYPE,CBP_CODE_TYPE_ID,CBP_IMP_TYPE_ID,CBP_CREATED_TIMESTAMP,CBP_UPDATED_TIMESTAMP,CBP_ADD_PARAM_ALLOWED,IS_DEPRECATED,DS_STAGE_TYPE,DS_ORCH_STAGE_IDENTIFIER,IS_DUMMY,IS_LEGACY,CBP_OBJECT_SUB_TYPE,EXCEPTION_COLUMN,ALLOW_EXCEPTIONS) values (11191196,'Missing Mandatory Documentation Tag in Pivot Transformation in Dataflow','Missing Mandatory Documentation Tag in Pivot Transformation in Dataflow','ADF - Dataflow',6100,13000,to_date('28-DEC-09','DD-MON-RR'),to_date('28-DEC-09','DD-MON-RR'),'N','N',null,null,'N','N',null,null,null);
Insert into CBP_RULE (CBP_RULE_ID,CBP_RULE_SHORT_DESC,CBP_RULE_NAME,CBP_OBJECT_TYPE,CBP_CODE_TYPE_ID,CBP_IMP_TYPE_ID,CBP_CREATED_TIMESTAMP,CBP_UPDATED_TIMESTAMP,CBP_ADD_PARAM_ALLOWED,IS_DEPRECATED,DS_STAGE_TYPE,DS_ORCH_STAGE_IDENTIFIER,IS_DUMMY,IS_LEGACY,CBP_OBJECT_SUB_TYPE,EXCEPTION_COLUMN,ALLOW_EXCEPTIONS) values (11191197,'Missing Mandatory Documentation Tag in Unpivot Transformation in Dataflow','Missing Mandatory Documentation Tag in Unpivot Transformation in Dataflow','ADF - Dataflow',6100,13000,to_date('28-DEC-09','DD-MON-RR'),to_date('28-DEC-09','DD-MON-RR'),'N','N',null,null,'N','N',null,null,null);
Insert into CBP_RULE (CBP_RULE_ID,CBP_RULE_SHORT_DESC,CBP_RULE_NAME,CBP_OBJECT_TYPE,CBP_CODE_TYPE_ID,CBP_IMP_TYPE_ID,CBP_CREATED_TIMESTAMP,CBP_UPDATED_TIMESTAMP,CBP_ADD_PARAM_ALLOWED,IS_DEPRECATED,DS_STAGE_TYPE,DS_ORCH_STAGE_IDENTIFIER,IS_DUMMY,IS_LEGACY,CBP_OBJECT_SUB_TYPE,EXCEPTION_COLUMN,ALLOW_EXCEPTIONS) values (11191198,'Missing Mandatory Documentation Tag in Window Transformation in Dataflow','Missing Mandatory Documentation Tag in Window Transformation in Dataflow','ADF - Dataflow',6100,13000,to_date('28-DEC-09','DD-MON-RR'),to_date('28-DEC-09','DD-MON-RR'),'N','N',null,null,'N','N',null,null,null);
Insert into CBP_RULE (CBP_RULE_ID,CBP_RULE_SHORT_DESC,CBP_RULE_NAME,CBP_OBJECT_TYPE,CBP_CODE_TYPE_ID,CBP_IMP_TYPE_ID,CBP_CREATED_TIMESTAMP,CBP_UPDATED_TIMESTAMP,CBP_ADD_PARAM_ALLOWED,IS_DEPRECATED,DS_STAGE_TYPE,DS_ORCH_STAGE_IDENTIFIER,IS_DUMMY,IS_LEGACY,CBP_OBJECT_SUB_TYPE,EXCEPTION_COLUMN,ALLOW_EXCEPTIONS) values (11191199,'Missing Mandatory Documentation Tag in Rank Transformation in Dataflow','Missing Mandatory Documentation Tag in Rank Transformation in Dataflow','ADF - Dataflow',6100,13000,to_date('28-DEC-09','DD-MON-RR'),to_date('28-DEC-09','DD-MON-RR'),'N','N',null,null,'N','N',null,null,null);
Insert into CBP_RULE (CBP_RULE_ID,CBP_RULE_SHORT_DESC,CBP_RULE_NAME,CBP_OBJECT_TYPE,CBP_CODE_TYPE_ID,CBP_IMP_TYPE_ID,CBP_CREATED_TIMESTAMP,CBP_UPDATED_TIMESTAMP,CBP_ADD_PARAM_ALLOWED,IS_DEPRECATED,DS_STAGE_TYPE,DS_ORCH_STAGE_IDENTIFIER,IS_DUMMY,IS_LEGACY,CBP_OBJECT_SUB_TYPE,EXCEPTION_COLUMN,ALLOW_EXCEPTIONS) values (11191200,'Missing Mandatory Documentation Tag in External Call Transformation in Dataflow','Missing Mandatory Documentation Tag in External Call Transformation in Dataflow','ADF - Dataflow',6100,13000,to_date('28-DEC-09','DD-MON-RR'),to_date('28-DEC-09','DD-MON-RR'),'N','N',null,null,'N','N',null,null,null);
Insert into CBP_RULE (CBP_RULE_ID,CBP_RULE_SHORT_DESC,CBP_RULE_NAME,CBP_OBJECT_TYPE,CBP_CODE_TYPE_ID,CBP_IMP_TYPE_ID,CBP_CREATED_TIMESTAMP,CBP_UPDATED_TIMESTAMP,CBP_ADD_PARAM_ALLOWED,IS_DEPRECATED,DS_STAGE_TYPE,DS_ORCH_STAGE_IDENTIFIER,IS_DUMMY,IS_LEGACY,CBP_OBJECT_SUB_TYPE,EXCEPTION_COLUMN,ALLOW_EXCEPTIONS) values (11191201,'Missing Mandatory Documentation Tag in Flatten Transformation in Dataflow','Missing Mandatory Documentation Tag in Flatten Transformation in Dataflow','ADF - Dataflow',6100,13000,to_date('28-DEC-09','DD-MON-RR'),to_date('28-DEC-09','DD-MON-RR'),'N','N',null,null,'N','N',null,null,null);
Insert into CBP_RULE (CBP_RULE_ID,CBP_RULE_SHORT_DESC,CBP_RULE_NAME,CBP_OBJECT_TYPE,CBP_CODE_TYPE_ID,CBP_IMP_TYPE_ID,CBP_CREATED_TIMESTAMP,CBP_UPDATED_TIMESTAMP,CBP_ADD_PARAM_ALLOWED,IS_DEPRECATED,DS_STAGE_TYPE,DS_ORCH_STAGE_IDENTIFIER,IS_DUMMY,IS_LEGACY,CBP_OBJECT_SUB_TYPE,EXCEPTION_COLUMN,ALLOW_EXCEPTIONS) values (11191202,'Missing Mandatory Documentation Tag in Parse Transformation in Dataflow','Missing Mandatory Documentation Tag in Parse Transformation in Dataflow','ADF - Dataflow',6100,13000,to_date('28-DEC-09','DD-MON-RR'),to_date('28-DEC-09','DD-MON-RR'),'N','N',null,null,'N','N',null,null,null);
Insert into CBP_RULE (CBP_RULE_ID,CBP_RULE_SHORT_DESC,CBP_RULE_NAME,CBP_OBJECT_TYPE,CBP_CODE_TYPE_ID,CBP_IMP_TYPE_ID,CBP_CREATED_TIMESTAMP,CBP_UPDATED_TIMESTAMP,CBP_ADD_PARAM_ALLOWED,IS_DEPRECATED,DS_STAGE_TYPE,DS_ORCH_STAGE_IDENTIFIER,IS_DUMMY,IS_LEGACY,CBP_OBJECT_SUB_TYPE,EXCEPTION_COLUMN,ALLOW_EXCEPTIONS) values (11191203,'Missing Mandatory Documentation Tag in Stringify Transformation in Dataflow','Missing Mandatory Documentation Tag in Stringify Transformation in Dataflow','ADF - Dataflow',6100,13000,to_date('28-DEC-09','DD-MON-RR'),to_date('28-DEC-09','DD-MON-RR'),'N','N',null,null,'N','N',null,null,null);
Insert into CBP_RULE (CBP_RULE_ID,CBP_RULE_SHORT_DESC,CBP_RULE_NAME,CBP_OBJECT_TYPE,CBP_CODE_TYPE_ID,CBP_IMP_TYPE_ID,CBP_CREATED_TIMESTAMP,CBP_UPDATED_TIMESTAMP,CBP_ADD_PARAM_ALLOWED,IS_DEPRECATED,DS_STAGE_TYPE,DS_ORCH_STAGE_IDENTIFIER,IS_DUMMY,IS_LEGACY,CBP_OBJECT_SUB_TYPE,EXCEPTION_COLUMN,ALLOW_EXCEPTIONS) values (11191204,'Missing Mandatory Documentation Tag in Filter Transformation in Dataflow','Missing Mandatory Documentation Tag in Filter Transformation in Dataflow','ADF - Dataflow',6100,13000,to_date('28-DEC-09','DD-MON-RR'),to_date('28-DEC-09','DD-MON-RR'),'N','N',null,null,'N','N',null,null,null);
Insert into CBP_RULE (CBP_RULE_ID,CBP_RULE_SHORT_DESC,CBP_RULE_NAME,CBP_OBJECT_TYPE,CBP_CODE_TYPE_ID,CBP_IMP_TYPE_ID,CBP_CREATED_TIMESTAMP,CBP_UPDATED_TIMESTAMP,CBP_ADD_PARAM_ALLOWED,IS_DEPRECATED,DS_STAGE_TYPE,DS_ORCH_STAGE_IDENTIFIER,IS_DUMMY,IS_LEGACY,CBP_OBJECT_SUB_TYPE,EXCEPTION_COLUMN,ALLOW_EXCEPTIONS) values (11191205,'Missing Mandatory Documentation Tag in Sort Transformation in Dataflow','Missing Mandatory Documentation Tag in Sort Transformation in Dataflow','ADF - Dataflow',6100,13000,to_date('28-DEC-09','DD-MON-RR'),to_date('28-DEC-09','DD-MON-RR'),'N','N',null,null,'N','N',null,null,null);
Insert into CBP_RULE (CBP_RULE_ID,CBP_RULE_SHORT_DESC,CBP_RULE_NAME,CBP_OBJECT_TYPE,CBP_CODE_TYPE_ID,CBP_IMP_TYPE_ID,CBP_CREATED_TIMESTAMP,CBP_UPDATED_TIMESTAMP,CBP_ADD_PARAM_ALLOWED,IS_DEPRECATED,DS_STAGE_TYPE,DS_ORCH_STAGE_IDENTIFIER,IS_DUMMY,IS_LEGACY,CBP_OBJECT_SUB_TYPE,EXCEPTION_COLUMN,ALLOW_EXCEPTIONS) values (11191206,'Missing Mandatory Documentation Tag in Alter Row Transformation in Dataflow','Missing Mandatory Documentation Tag in Alter Row Transformation in Dataflow','ADF - Dataflow',6100,13000,to_date('28-DEC-09','DD-MON-RR'),to_date('28-DEC-09','DD-MON-RR'),'N','N',null,null,'N','N',null,null,null);
Insert into CBP_RULE (CBP_RULE_ID,CBP_RULE_SHORT_DESC,CBP_RULE_NAME,CBP_OBJECT_TYPE,CBP_CODE_TYPE_ID,CBP_IMP_TYPE_ID,CBP_CREATED_TIMESTAMP,CBP_UPDATED_TIMESTAMP,CBP_ADD_PARAM_ALLOWED,IS_DEPRECATED,DS_STAGE_TYPE,DS_ORCH_STAGE_IDENTIFIER,IS_DUMMY,IS_LEGACY,CBP_OBJECT_SUB_TYPE,EXCEPTION_COLUMN,ALLOW_EXCEPTIONS) values (11191207,'Missing Mandatory Documentation Tag in Assert Transformation in Dataflow','Missing Mandatory Documentation Tag in Assert Transformation in Dataflow','ADF - Dataflow',6100,13000,to_date('28-DEC-09','DD-MON-RR'),to_date('28-DEC-09','DD-MON-RR'),'N','N',null,null,'N','N',null,null,null);
Insert into CBP_RULE (CBP_RULE_ID,CBP_RULE_SHORT_DESC,CBP_RULE_NAME,CBP_OBJECT_TYPE,CBP_CODE_TYPE_ID,CBP_IMP_TYPE_ID,CBP_CREATED_TIMESTAMP,CBP_UPDATED_TIMESTAMP,CBP_ADD_PARAM_ALLOWED,IS_DEPRECATED,DS_STAGE_TYPE,DS_ORCH_STAGE_IDENTIFIER,IS_DUMMY,IS_LEGACY,CBP_OBJECT_SUB_TYPE,EXCEPTION_COLUMN,ALLOW_EXCEPTIONS) values (11191208,'Missing Mandatory Documentation Tag in Flowlet Transformation in Dataflow','Missing Mandatory Documentation Tag in Flowlet Transformation in Dataflow','ADF - Dataflow',6100,13000,to_date('28-DEC-09','DD-MON-RR'),to_date('28-DEC-09','DD-MON-RR'),'N','N',null,null,'N','N',null,null,null);
Insert into CBP_RULE (CBP_RULE_ID,CBP_RULE_SHORT_DESC,CBP_RULE_NAME,CBP_OBJECT_TYPE,CBP_CODE_TYPE_ID,CBP_IMP_TYPE_ID,CBP_CREATED_TIMESTAMP,CBP_UPDATED_TIMESTAMP,CBP_ADD_PARAM_ALLOWED,IS_DEPRECATED,DS_STAGE_TYPE,DS_ORCH_STAGE_IDENTIFIER,IS_DUMMY,IS_LEGACY,CBP_OBJECT_SUB_TYPE,EXCEPTION_COLUMN,ALLOW_EXCEPTIONS) values (11191209,'Missing Mandatory Documentation Tag in Sink Transformation in Dataflow','Missing Mandatory Documentation Tag in Sink Transformation in Dataflow','ADF - Dataflow',6100,13000,to_date('28-DEC-09','DD-MON-RR'),to_date('28-DEC-09','DD-MON-RR'),'N','N',null,null,'N','N',null,null,null);
Insert into CBP_RULE (CBP_RULE_ID,CBP_RULE_SHORT_DESC,CBP_RULE_NAME,CBP_OBJECT_TYPE,CBP_CODE_TYPE_ID,CBP_IMP_TYPE_ID,CBP_CREATED_TIMESTAMP,CBP_UPDATED_TIMESTAMP,CBP_ADD_PARAM_ALLOWED,IS_DEPRECATED,DS_STAGE_TYPE,DS_ORCH_STAGE_IDENTIFIER,IS_DUMMY,IS_LEGACY,CBP_OBJECT_SUB_TYPE,EXCEPTION_COLUMN,ALLOW_EXCEPTIONS) values (11191210,'Linked Service not using Azure Key Vault for Password - Potential Security Risk','Linked Service not using Azure Key Vault for Password - Potential Security Risk','ADF - Linked Service',6100,13000,to_date('28-DEC-09','DD-MON-RR'),to_date('28-DEC-09','DD-MON-RR'),'N','N',null,null,'N','N',null,null,null);
Insert into CBP_RULE (CBP_RULE_ID,CBP_RULE_SHORT_DESC,CBP_RULE_NAME,CBP_OBJECT_TYPE,CBP_CODE_TYPE_ID,CBP_IMP_TYPE_ID,CBP_CREATED_TIMESTAMP,CBP_UPDATED_TIMESTAMP,CBP_ADD_PARAM_ALLOWED,IS_DEPRECATED,DS_STAGE_TYPE,DS_ORCH_STAGE_IDENTIFIER,IS_DUMMY,IS_LEGACY,CBP_OBJECT_SUB_TYPE,EXCEPTION_COLUMN,ALLOW_EXCEPTIONS) values (11191211,'Dataflow has a Source with Sampling Option enabled','Dataflow has a Source with Sampling Option enabled','ADF - Dataflow',6100,13000,to_date('28-DEC-09','DD-MON-RR'),to_date('28-DEC-09','DD-MON-RR'),'N','N',null,null,'N','N',null,null,null);
Insert into CBP_RULE (CBP_RULE_ID,CBP_RULE_SHORT_DESC,CBP_RULE_NAME,CBP_OBJECT_TYPE,CBP_CODE_TYPE_ID,CBP_IMP_TYPE_ID,CBP_CREATED_TIMESTAMP,CBP_UPDATED_TIMESTAMP,CBP_ADD_PARAM_ALLOWED,IS_DEPRECATED,DS_STAGE_TYPE,DS_ORCH_STAGE_IDENTIFIER,IS_DUMMY,IS_LEGACY,CBP_OBJECT_SUB_TYPE,EXCEPTION_COLUMN,ALLOW_EXCEPTIONS) values (11191212,'Dataflow has its After Completion Source Option not set to Delete Source Files or Move','Dataflow has its After Completion Source Option not set to Delete Source Files or Move','ADF - Dataflow',6100,13000,to_date('28-DEC-09','DD-MON-RR'),to_date('28-DEC-09','DD-MON-RR'),'N','N',null,null,'N','N',null,null,null);
Insert into CBP_RULE (CBP_RULE_ID,CBP_RULE_SHORT_DESC,CBP_RULE_NAME,CBP_OBJECT_TYPE,CBP_CODE_TYPE_ID,CBP_IMP_TYPE_ID,CBP_CREATED_TIMESTAMP,CBP_UPDATED_TIMESTAMP,CBP_ADD_PARAM_ALLOWED,IS_DEPRECATED,DS_STAGE_TYPE,DS_ORCH_STAGE_IDENTIFIER,IS_DUMMY,IS_LEGACY,CBP_OBJECT_SUB_TYPE,EXCEPTION_COLUMN,ALLOW_EXCEPTIONS) values (11191213,'Dataflow has its Allow no files found Source Option not enabled - Supportability','Dataflow has its Allow no files found Source Option not enabled - Supportability','ADF - Dataflow',6100,13000,to_date('28-DEC-09','DD-MON-RR'),to_date('28-DEC-09','DD-MON-RR'),'N','N',null,null,'N','N',null,null,null);
Insert into CBP_RULE (CBP_RULE_ID,CBP_RULE_SHORT_DESC,CBP_RULE_NAME,CBP_OBJECT_TYPE,CBP_CODE_TYPE_ID,CBP_IMP_TYPE_ID,CBP_CREATED_TIMESTAMP,CBP_UPDATED_TIMESTAMP,CBP_ADD_PARAM_ALLOWED,IS_DEPRECATED,DS_STAGE_TYPE,DS_ORCH_STAGE_IDENTIFIER,IS_DUMMY,IS_LEGACY,CBP_OBJECT_SUB_TYPE,EXCEPTION_COLUMN,ALLOW_EXCEPTIONS) values (11191214,'Dataflow has its Column to store file name Source Option empty - Maintanability/Supportability','Dataflow has its Column to store file name Source Option empty - Maintanability/Supportability','ADF - Dataflow',6100,13000,to_date('28-DEC-09','DD-MON-RR'),to_date('28-DEC-09','DD-MON-RR'),'N','N',null,null,'N','N',null,null,null);
Insert into CBP_RULE (CBP_RULE_ID,CBP_RULE_SHORT_DESC,CBP_RULE_NAME,CBP_OBJECT_TYPE,CBP_CODE_TYPE_ID,CBP_IMP_TYPE_ID,CBP_CREATED_TIMESTAMP,CBP_UPDATED_TIMESTAMP,CBP_ADD_PARAM_ALLOWED,IS_DEPRECATED,DS_STAGE_TYPE,DS_ORCH_STAGE_IDENTIFIER,IS_DUMMY,IS_LEGACY,CBP_OBJECT_SUB_TYPE,EXCEPTION_COLUMN,ALLOW_EXCEPTIONS) values (11191215,'Dataflow has a Source with Single Partitioning enabled','Dataflow has a Source with Single Partitioning enabled','ADF - Dataflow',6100,13000,to_date('28-DEC-09','DD-MON-RR'),to_date('28-DEC-09','DD-MON-RR'),'N','N',null,null,'N','N',null,null,null);
Insert into CBP_RULE (CBP_RULE_ID,CBP_RULE_SHORT_DESC,CBP_RULE_NAME,CBP_OBJECT_TYPE,CBP_CODE_TYPE_ID,CBP_IMP_TYPE_ID,CBP_CREATED_TIMESTAMP,CBP_UPDATED_TIMESTAMP,CBP_ADD_PARAM_ALLOWED,IS_DEPRECATED,DS_STAGE_TYPE,DS_ORCH_STAGE_IDENTIFIER,IS_DUMMY,IS_LEGACY,CBP_OBJECT_SUB_TYPE,EXCEPTION_COLUMN,ALLOW_EXCEPTIONS) values (11191216,'Dataflow has a Source with Validate Schema Option enabled - Supportability','Dataflow has a Source with Validate Schema Option enabled - Supportability','ADF - Dataflow',6100,13000,to_date('28-DEC-09','DD-MON-RR'),to_date('28-DEC-09','DD-MON-RR'),'N','N',null,null,'N','N',null,null,null);
Insert into CBP_RULE (CBP_RULE_ID,CBP_RULE_SHORT_DESC,CBP_RULE_NAME,CBP_OBJECT_TYPE,CBP_CODE_TYPE_ID,CBP_IMP_TYPE_ID,CBP_CREATED_TIMESTAMP,CBP_UPDATED_TIMESTAMP,CBP_ADD_PARAM_ALLOWED,IS_DEPRECATED,DS_STAGE_TYPE,DS_ORCH_STAGE_IDENTIFIER,IS_DUMMY,IS_LEGACY,CBP_OBJECT_SUB_TYPE,EXCEPTION_COLUMN,ALLOW_EXCEPTIONS) values (11191217,'Pipeline has its Logging Level set to Verbose','Pipeline has its Logging Level set to Verbose','ADF - Pipeline',6100,13000,to_date('28-DEC-09','DD-MON-RR'),to_date('28-DEC-09','DD-MON-RR'),'N','N',null,null,'N','N',null,null,null);
Insert into CBP_RULE (CBP_RULE_ID,CBP_RULE_SHORT_DESC,CBP_RULE_NAME,CBP_OBJECT_TYPE,CBP_CODE_TYPE_ID,CBP_IMP_TYPE_ID,CBP_CREATED_TIMESTAMP,CBP_UPDATED_TIMESTAMP,CBP_ADD_PARAM_ALLOWED,IS_DEPRECATED,DS_STAGE_TYPE,DS_ORCH_STAGE_IDENTIFIER,IS_DUMMY,IS_LEGACY,CBP_OBJECT_SUB_TYPE,EXCEPTION_COLUMN,ALLOW_EXCEPTIONS) values (11191218,'Pipeline with multiple Sinks has Run in Parallel Option is not enabled','Pipeline with multiple Sinks has Run in Parallel Option is not enabled','ADF - Pipeline',6100,13000,to_date('28-DEC-09','DD-MON-RR'),to_date('28-DEC-09','DD-MON-RR'),'N','N',null,null,'N','N',null,null,null);
Insert into CBP_RULE (CBP_RULE_ID,CBP_RULE_SHORT_DESC,CBP_RULE_NAME,CBP_OBJECT_TYPE,CBP_CODE_TYPE_ID,CBP_IMP_TYPE_ID,CBP_CREATED_TIMESTAMP,CBP_UPDATED_TIMESTAMP,CBP_ADD_PARAM_ALLOWED,IS_DEPRECATED,DS_STAGE_TYPE,DS_ORCH_STAGE_IDENTIFIER,IS_DUMMY,IS_LEGACY,CBP_OBJECT_SUB_TYPE,EXCEPTION_COLUMN,ALLOW_EXCEPTIONS) values (11191219,'Pipeline with multiple Sinks has Continue after sink error Option enabled','Pipeline with multiple Sinks has Continue after sink error Option enabled','ADF - Pipeline',6100,13000,to_date('28-DEC-09','DD-MON-RR'),to_date('28-DEC-09','DD-MON-RR'),'N','N',null,null,'N','N',null,null,null);
Insert into CBP_RULE (CBP_RULE_ID,CBP_RULE_SHORT_DESC,CBP_RULE_NAME,CBP_OBJECT_TYPE,CBP_CODE_TYPE_ID,CBP_IMP_TYPE_ID,CBP_CREATED_TIMESTAMP,CBP_UPDATED_TIMESTAMP,CBP_ADD_PARAM_ALLOWED,IS_DEPRECATED,DS_STAGE_TYPE,DS_ORCH_STAGE_IDENTIFIER,IS_DUMMY,IS_LEGACY,CBP_OBJECT_SUB_TYPE,EXCEPTION_COLUMN,ALLOW_EXCEPTIONS) values (11191220,'Pipeline has an activity with Secure Input Option disabled','Pipeline has an activity with Secure Input Option disabled','ADF - Pipeline',6100,13000,to_date('28-DEC-09','DD-MON-RR'),to_date('28-DEC-09','DD-MON-RR'),'N','N',null,null,'N','N',null,null,null);
Insert into CBP_RULE (CBP_RULE_ID,CBP_RULE_SHORT_DESC,CBP_RULE_NAME,CBP_OBJECT_TYPE,CBP_CODE_TYPE_ID,CBP_IMP_TYPE_ID,CBP_CREATED_TIMESTAMP,CBP_UPDATED_TIMESTAMP,CBP_ADD_PARAM_ALLOWED,IS_DEPRECATED,DS_STAGE_TYPE,DS_ORCH_STAGE_IDENTIFIER,IS_DUMMY,IS_LEGACY,CBP_OBJECT_SUB_TYPE,EXCEPTION_COLUMN,ALLOW_EXCEPTIONS) values (11191221,'Pipeline has an activity with Secure Output Option disabled','Pipeline has an activity with Secure Output Option disabled','ADF - Pipeline',6100,13000,to_date('28-DEC-09','DD-MON-RR'),to_date('28-DEC-09','DD-MON-RR'),'N','N',null,null,'N','N',null,null,null);
Insert into CBP_RULE (CBP_RULE_ID,CBP_RULE_SHORT_DESC,CBP_RULE_NAME,CBP_OBJECT_TYPE,CBP_CODE_TYPE_ID,CBP_IMP_TYPE_ID,CBP_CREATED_TIMESTAMP,CBP_UPDATED_TIMESTAMP,CBP_ADD_PARAM_ALLOWED,IS_DEPRECATED,DS_STAGE_TYPE,DS_ORCH_STAGE_IDENTIFIER,IS_DUMMY,IS_LEGACY,CBP_OBJECT_SUB_TYPE,EXCEPTION_COLUMN,ALLOW_EXCEPTIONS) values (11191222,'Pipeline has its Maximum Number of Retry attempts out of the Standard Range','Pipeline has its Maximum Number of Retry attempts out of the Standard Range','ADF - Pipeline',6100,13000,to_date('28-DEC-09','DD-MON-RR'),to_date('28-DEC-09','DD-MON-RR'),'N','N',null,null,'N','N',null,null,null);
Insert into CBP_RULE (CBP_RULE_ID,CBP_RULE_SHORT_DESC,CBP_RULE_NAME,CBP_OBJECT_TYPE,CBP_CODE_TYPE_ID,CBP_IMP_TYPE_ID,CBP_CREATED_TIMESTAMP,CBP_UPDATED_TIMESTAMP,CBP_ADD_PARAM_ALLOWED,IS_DEPRECATED,DS_STAGE_TYPE,DS_ORCH_STAGE_IDENTIFIER,IS_DUMMY,IS_LEGACY,CBP_OBJECT_SUB_TYPE,EXCEPTION_COLUMN,ALLOW_EXCEPTIONS) values (11191224,'Pipeline has its Retry interval out of the Standard Range','Pipeline has its Retry interval out of the Standard Range','ADF - Pipeline',6100,13000,to_date('28-DEC-09','DD-MON-RR'),to_date('28-DEC-09','DD-MON-RR'),'N','N',null,null,'N','N',null,null,null);

Insert into CBP_PARAMETER (CBP_PARAMETER_ID,CBP_PARAMETER_NAME,CBP_PARAMETER_DEFAULT_VALUE,CBP_PARAMETER_SITE_VALUE,CBP_PARAMETER_DESCRIPTION,CBP_PARAMETER_KEYWORD,CBP_PARAMETER_PLACE_HOLDER,CBP_PARAMETER_DATA_TYPE,CBP_PATTERN_ID,CBP_CREATED_TIMESTAMP,CBP_UPDATED_TIMESTAMP,CBP_CONFIGURABLE,CBP_IS_PROJECT_SPECIFIC,IS_EXCEPTION,IS_LIST,IS_REGEX) values (11191111,'Naming Convention for ADF - Dataflow','^(dfl_)',null,'Naming Convention for ADF - Dataflow',null,null,'STRING',2000,to_date('27-JAN-22','DD-MON-RR'),to_date('27-JAN-22','DD-MON-RR'),'Y','N',null,null,null);
Insert into CBP_PARAMETER (CBP_PARAMETER_ID,CBP_PARAMETER_NAME,CBP_PARAMETER_DEFAULT_VALUE,CBP_PARAMETER_SITE_VALUE,CBP_PARAMETER_DESCRIPTION,CBP_PARAMETER_KEYWORD,CBP_PARAMETER_PLACE_HOLDER,CBP_PARAMETER_DATA_TYPE,CBP_PATTERN_ID,CBP_CREATED_TIMESTAMP,CBP_UPDATED_TIMESTAMP,CBP_CONFIGURABLE,CBP_IS_PROJECT_SPECIFIC,IS_EXCEPTION,IS_LIST,IS_REGEX) values (11191112,'Naming Convention for ADF - Pipeline','^(ppl)',null,'Naming Convention for ADF - Pipeline',null,null,'STRING',2000,to_date('27-JAN-22','DD-MON-RR'),to_date('27-JAN-22','DD-MON-RR'),'Y','N',null,null,null);
Insert into CBP_PARAMETER (CBP_PARAMETER_ID,CBP_PARAMETER_NAME,CBP_PARAMETER_DEFAULT_VALUE,CBP_PARAMETER_SITE_VALUE,CBP_PARAMETER_DESCRIPTION,CBP_PARAMETER_KEYWORD,CBP_PARAMETER_PLACE_HOLDER,CBP_PARAMETER_DATA_TYPE,CBP_PATTERN_ID,CBP_CREATED_TIMESTAMP,CBP_UPDATED_TIMESTAMP,CBP_CONFIGURABLE,CBP_IS_PROJECT_SPECIFIC,IS_EXCEPTION,IS_LIST,IS_REGEX) values (11191113,'Naming Convention for Flowlet','^(flwt_)',null,'Naming Convention for Flowlet',null,null,'STRING',2000,to_date('27-JAN-22','DD-MON-RR'),to_date('27-JAN-22','DD-MON-RR'),'Y','N',null,null,null);
Insert into CBP_PARAMETER (CBP_PARAMETER_ID,CBP_PARAMETER_NAME,CBP_PARAMETER_DEFAULT_VALUE,CBP_PARAMETER_SITE_VALUE,CBP_PARAMETER_DESCRIPTION,CBP_PARAMETER_KEYWORD,CBP_PARAMETER_PLACE_HOLDER,CBP_PARAMETER_DATA_TYPE,CBP_PATTERN_ID,CBP_CREATED_TIMESTAMP,CBP_UPDATED_TIMESTAMP,CBP_CONFIGURABLE,CBP_IS_PROJECT_SPECIFIC,IS_EXCEPTION,IS_LIST,IS_REGEX) values (11191114,'Naming Convention for New Branch Transformations in Dataflow','^(nbr_)',null,'Naming Convention for New Branch Transformations in Dataflow',null,null,'STRING',2000,to_date('27-JAN-22','DD-MON-RR'),to_date('27-JAN-22','DD-MON-RR'),'Y','N',null,null,null);
Insert into CBP_PARAMETER (CBP_PARAMETER_ID,CBP_PARAMETER_NAME,CBP_PARAMETER_DEFAULT_VALUE,CBP_PARAMETER_SITE_VALUE,CBP_PARAMETER_DESCRIPTION,CBP_PARAMETER_KEYWORD,CBP_PARAMETER_PLACE_HOLDER,CBP_PARAMETER_DATA_TYPE,CBP_PATTERN_ID,CBP_CREATED_TIMESTAMP,CBP_UPDATED_TIMESTAMP,CBP_CONFIGURABLE,CBP_IS_PROJECT_SPECIFIC,IS_EXCEPTION,IS_LIST,IS_REGEX) values (11191115,'Naming Convention for Join Transformations in Dataflow','^(jn_)',null,'Naming Convention for Join Transformations in Dataflow',null,null,'STRING',2000,to_date('27-JAN-22','DD-MON-RR'),to_date('27-JAN-22','DD-MON-RR'),'Y','N',null,null,null);
Insert into CBP_PARAMETER (CBP_PARAMETER_ID,CBP_PARAMETER_NAME,CBP_PARAMETER_DEFAULT_VALUE,CBP_PARAMETER_SITE_VALUE,CBP_PARAMETER_DESCRIPTION,CBP_PARAMETER_KEYWORD,CBP_PARAMETER_PLACE_HOLDER,CBP_PARAMETER_DATA_TYPE,CBP_PATTERN_ID,CBP_CREATED_TIMESTAMP,CBP_UPDATED_TIMESTAMP,CBP_CONFIGURABLE,CBP_IS_PROJECT_SPECIFIC,IS_EXCEPTION,IS_LIST,IS_REGEX) values (11191116,'Naming Convention for Conditional Split Transformations in Dataflow','^(cspl_)',null,'Naming Convention for Conditional Split Transformations in Dataflow',null,null,'STRING',2000,to_date('27-JAN-22','DD-MON-RR'),to_date('27-JAN-22','DD-MON-RR'),'Y','N',null,null,null);
Insert into CBP_PARAMETER (CBP_PARAMETER_ID,CBP_PARAMETER_NAME,CBP_PARAMETER_DEFAULT_VALUE,CBP_PARAMETER_SITE_VALUE,CBP_PARAMETER_DESCRIPTION,CBP_PARAMETER_KEYWORD,CBP_PARAMETER_PLACE_HOLDER,CBP_PARAMETER_DATA_TYPE,CBP_PATTERN_ID,CBP_CREATED_TIMESTAMP,CBP_UPDATED_TIMESTAMP,CBP_CONFIGURABLE,CBP_IS_PROJECT_SPECIFIC,IS_EXCEPTION,IS_LIST,IS_REGEX) values (11191117,'Naming Convention for Exists Transformations in Dataflow','^(exst_)',null,'Naming Convention for Exists Transformations in Dataflow',null,null,'STRING',2000,to_date('27-JAN-22','DD-MON-RR'),to_date('27-JAN-22','DD-MON-RR'),'Y','N',null,null,null);
Insert into CBP_PARAMETER (CBP_PARAMETER_ID,CBP_PARAMETER_NAME,CBP_PARAMETER_DEFAULT_VALUE,CBP_PARAMETER_SITE_VALUE,CBP_PARAMETER_DESCRIPTION,CBP_PARAMETER_KEYWORD,CBP_PARAMETER_PLACE_HOLDER,CBP_PARAMETER_DATA_TYPE,CBP_PATTERN_ID,CBP_CREATED_TIMESTAMP,CBP_UPDATED_TIMESTAMP,CBP_CONFIGURABLE,CBP_IS_PROJECT_SPECIFIC,IS_EXCEPTION,IS_LIST,IS_REGEX) values (11191118,'Naming Convention for Union Transformations in Dataflow','^(un_)',null,'Naming Convention for Union Transformations in Dataflow',null,null,'STRING',2000,to_date('27-JAN-22','DD-MON-RR'),to_date('27-JAN-22','DD-MON-RR'),'Y','N',null,null,null);
Insert into CBP_PARAMETER (CBP_PARAMETER_ID,CBP_PARAMETER_NAME,CBP_PARAMETER_DEFAULT_VALUE,CBP_PARAMETER_SITE_VALUE,CBP_PARAMETER_DESCRIPTION,CBP_PARAMETER_KEYWORD,CBP_PARAMETER_PLACE_HOLDER,CBP_PARAMETER_DATA_TYPE,CBP_PATTERN_ID,CBP_CREATED_TIMESTAMP,CBP_UPDATED_TIMESTAMP,CBP_CONFIGURABLE,CBP_IS_PROJECT_SPECIFIC,IS_EXCEPTION,IS_LIST,IS_REGEX) values (11191119,'Naming Convention for Lookup Transformations in Dataflow','^(lkp)',null,'Naming Convention for Lookup Transformations in Dataflow',null,null,'STRING',2000,to_date('27-JAN-22','DD-MON-RR'),to_date('27-JAN-22','DD-MON-RR'),'Y','N',null,null,null);
Insert into CBP_PARAMETER (CBP_PARAMETER_ID,CBP_PARAMETER_NAME,CBP_PARAMETER_DEFAULT_VALUE,CBP_PARAMETER_SITE_VALUE,CBP_PARAMETER_DESCRIPTION,CBP_PARAMETER_KEYWORD,CBP_PARAMETER_PLACE_HOLDER,CBP_PARAMETER_DATA_TYPE,CBP_PATTERN_ID,CBP_CREATED_TIMESTAMP,CBP_UPDATED_TIMESTAMP,CBP_CONFIGURABLE,CBP_IS_PROJECT_SPECIFIC,IS_EXCEPTION,IS_LIST,IS_REGEX) values (11191120,'Naming Convention for Derived Column Transformations in Dataflow','^(drvcol_)',null,'Naming Convention for Derived Column Transformations in Dataflow',null,null,'STRING',2000,to_date('27-JAN-22','DD-MON-RR'),to_date('27-JAN-22','DD-MON-RR'),'Y','N',null,null,null);
Insert into CBP_PARAMETER (CBP_PARAMETER_ID,CBP_PARAMETER_NAME,CBP_PARAMETER_DEFAULT_VALUE,CBP_PARAMETER_SITE_VALUE,CBP_PARAMETER_DESCRIPTION,CBP_PARAMETER_KEYWORD,CBP_PARAMETER_PLACE_HOLDER,CBP_PARAMETER_DATA_TYPE,CBP_PATTERN_ID,CBP_CREATED_TIMESTAMP,CBP_UPDATED_TIMESTAMP,CBP_CONFIGURABLE,CBP_IS_PROJECT_SPECIFIC,IS_EXCEPTION,IS_LIST,IS_REGEX) values (11191121,'Naming Convention for Select Transformations in Dataflow','^(sel_)',null,'Naming Convention for Select Transformations in Dataflow',null,null,'STRING',2000,to_date('27-JAN-22','DD-MON-RR'),to_date('27-JAN-22','DD-MON-RR'),'Y','N',null,null,null);
Insert into CBP_PARAMETER (CBP_PARAMETER_ID,CBP_PARAMETER_NAME,CBP_PARAMETER_DEFAULT_VALUE,CBP_PARAMETER_SITE_VALUE,CBP_PARAMETER_DESCRIPTION,CBP_PARAMETER_KEYWORD,CBP_PARAMETER_PLACE_HOLDER,CBP_PARAMETER_DATA_TYPE,CBP_PATTERN_ID,CBP_CREATED_TIMESTAMP,CBP_UPDATED_TIMESTAMP,CBP_CONFIGURABLE,CBP_IS_PROJECT_SPECIFIC,IS_EXCEPTION,IS_LIST,IS_REGEX) values (11191122,'Naming Convention for Aggregate Transformations in Dataflow','^(agg_)',null,'Naming Convention for Aggregate Transformations in Dataflow',null,null,'STRING',2000,to_date('27-JAN-22','DD-MON-RR'),to_date('27-JAN-22','DD-MON-RR'),'Y','N',null,null,null);
Insert into CBP_PARAMETER (CBP_PARAMETER_ID,CBP_PARAMETER_NAME,CBP_PARAMETER_DEFAULT_VALUE,CBP_PARAMETER_SITE_VALUE,CBP_PARAMETER_DESCRIPTION,CBP_PARAMETER_KEYWORD,CBP_PARAMETER_PLACE_HOLDER,CBP_PARAMETER_DATA_TYPE,CBP_PATTERN_ID,CBP_CREATED_TIMESTAMP,CBP_UPDATED_TIMESTAMP,CBP_CONFIGURABLE,CBP_IS_PROJECT_SPECIFIC,IS_EXCEPTION,IS_LIST,IS_REGEX) values (11191123,'Naming Convention for Surrogate Key Transformations in Dataflow','^(skey_)',null,'Naming Convention for Surrogate Key Transformations in Dataflow',null,null,'STRING',2000,to_date('27-JAN-22','DD-MON-RR'),to_date('27-JAN-22','DD-MON-RR'),'Y','N',null,null,null);
Insert into CBP_PARAMETER (CBP_PARAMETER_ID,CBP_PARAMETER_NAME,CBP_PARAMETER_DEFAULT_VALUE,CBP_PARAMETER_SITE_VALUE,CBP_PARAMETER_DESCRIPTION,CBP_PARAMETER_KEYWORD,CBP_PARAMETER_PLACE_HOLDER,CBP_PARAMETER_DATA_TYPE,CBP_PATTERN_ID,CBP_CREATED_TIMESTAMP,CBP_UPDATED_TIMESTAMP,CBP_CONFIGURABLE,CBP_IS_PROJECT_SPECIFIC,IS_EXCEPTION,IS_LIST,IS_REGEX) values (11191124,'Naming Convention for Pivot Transformations in Dataflow','^(pvt_)',null,'Naming Convention for Pivot Transformations in Dataflow',null,null,'STRING',2000,to_date('27-JAN-22','DD-MON-RR'),to_date('27-JAN-22','DD-MON-RR'),'Y','N',null,null,null);
Insert into CBP_PARAMETER (CBP_PARAMETER_ID,CBP_PARAMETER_NAME,CBP_PARAMETER_DEFAULT_VALUE,CBP_PARAMETER_SITE_VALUE,CBP_PARAMETER_DESCRIPTION,CBP_PARAMETER_KEYWORD,CBP_PARAMETER_PLACE_HOLDER,CBP_PARAMETER_DATA_TYPE,CBP_PATTERN_ID,CBP_CREATED_TIMESTAMP,CBP_UPDATED_TIMESTAMP,CBP_CONFIGURABLE,CBP_IS_PROJECT_SPECIFIC,IS_EXCEPTION,IS_LIST,IS_REGEX) values (11191125,'Naming Convention for Unpivot Transformations in Dataflow','^(unpvt_)',null,'Naming Convention for Unpivot Transformations in Dataflow',null,null,'STRING',2000,to_date('27-JAN-22','DD-MON-RR'),to_date('27-JAN-22','DD-MON-RR'),'Y','N',null,null,null);
Insert into CBP_PARAMETER (CBP_PARAMETER_ID,CBP_PARAMETER_NAME,CBP_PARAMETER_DEFAULT_VALUE,CBP_PARAMETER_SITE_VALUE,CBP_PARAMETER_DESCRIPTION,CBP_PARAMETER_KEYWORD,CBP_PARAMETER_PLACE_HOLDER,CBP_PARAMETER_DATA_TYPE,CBP_PATTERN_ID,CBP_CREATED_TIMESTAMP,CBP_UPDATED_TIMESTAMP,CBP_CONFIGURABLE,CBP_IS_PROJECT_SPECIFIC,IS_EXCEPTION,IS_LIST,IS_REGEX) values (11191126,'Naming Convention for Window Transformations in Dataflow','^(wind_)',null,'Naming Convention for Window Transformations in Dataflow',null,null,'STRING',2000,to_date('27-JAN-22','DD-MON-RR'),to_date('27-JAN-22','DD-MON-RR'),'Y','N',null,null,null);
Insert into CBP_PARAMETER (CBP_PARAMETER_ID,CBP_PARAMETER_NAME,CBP_PARAMETER_DEFAULT_VALUE,CBP_PARAMETER_SITE_VALUE,CBP_PARAMETER_DESCRIPTION,CBP_PARAMETER_KEYWORD,CBP_PARAMETER_PLACE_HOLDER,CBP_PARAMETER_DATA_TYPE,CBP_PATTERN_ID,CBP_CREATED_TIMESTAMP,CBP_UPDATED_TIMESTAMP,CBP_CONFIGURABLE,CBP_IS_PROJECT_SPECIFIC,IS_EXCEPTION,IS_LIST,IS_REGEX) values (11191127,'Naming Convention for Rank Transformations in Dataflow','^(rnk_)',null,'Naming Convention for Rank Transformations in Dataflow',null,null,'STRING',2000,to_date('27-JAN-22','DD-MON-RR'),to_date('27-JAN-22','DD-MON-RR'),'Y','N',null,null,null);
Insert into CBP_PARAMETER (CBP_PARAMETER_ID,CBP_PARAMETER_NAME,CBP_PARAMETER_DEFAULT_VALUE,CBP_PARAMETER_SITE_VALUE,CBP_PARAMETER_DESCRIPTION,CBP_PARAMETER_KEYWORD,CBP_PARAMETER_PLACE_HOLDER,CBP_PARAMETER_DATA_TYPE,CBP_PATTERN_ID,CBP_CREATED_TIMESTAMP,CBP_UPDATED_TIMESTAMP,CBP_CONFIGURABLE,CBP_IS_PROJECT_SPECIFIC,IS_EXCEPTION,IS_LIST,IS_REGEX) values (11191128,'Naming Convention for External Call Transformations in Dataflow','^(ext_)',null,'Naming Convention for External Call Transformations in Dataflow',null,null,'STRING',2000,to_date('27-JAN-22','DD-MON-RR'),to_date('27-JAN-22','DD-MON-RR'),'Y','N',null,null,null);
Insert into CBP_PARAMETER (CBP_PARAMETER_ID,CBP_PARAMETER_NAME,CBP_PARAMETER_DEFAULT_VALUE,CBP_PARAMETER_SITE_VALUE,CBP_PARAMETER_DESCRIPTION,CBP_PARAMETER_KEYWORD,CBP_PARAMETER_PLACE_HOLDER,CBP_PARAMETER_DATA_TYPE,CBP_PATTERN_ID,CBP_CREATED_TIMESTAMP,CBP_UPDATED_TIMESTAMP,CBP_CONFIGURABLE,CBP_IS_PROJECT_SPECIFIC,IS_EXCEPTION,IS_LIST,IS_REGEX) values (11191129,'Naming Convention for Flatten Transformations in Dataflow','^(flatn_)',null,'Naming Convention for Flatten Transformations in Dataflow',null,null,'STRING',2000,to_date('27-JAN-22','DD-MON-RR'),to_date('27-JAN-22','DD-MON-RR'),'Y','N',null,null,null);
Insert into CBP_PARAMETER (CBP_PARAMETER_ID,CBP_PARAMETER_NAME,CBP_PARAMETER_DEFAULT_VALUE,CBP_PARAMETER_SITE_VALUE,CBP_PARAMETER_DESCRIPTION,CBP_PARAMETER_KEYWORD,CBP_PARAMETER_PLACE_HOLDER,CBP_PARAMETER_DATA_TYPE,CBP_PATTERN_ID,CBP_CREATED_TIMESTAMP,CBP_UPDATED_TIMESTAMP,CBP_CONFIGURABLE,CBP_IS_PROJECT_SPECIFIC,IS_EXCEPTION,IS_LIST,IS_REGEX) values (11191130,'Naming Convention for Parse Transformations in Dataflow','^(pars_)',null,'Naming Convention for Parse Transformations in Dataflow',null,null,'STRING',2000,to_date('27-JAN-22','DD-MON-RR'),to_date('27-JAN-22','DD-MON-RR'),'Y','N',null,null,null);
Insert into CBP_PARAMETER (CBP_PARAMETER_ID,CBP_PARAMETER_NAME,CBP_PARAMETER_DEFAULT_VALUE,CBP_PARAMETER_SITE_VALUE,CBP_PARAMETER_DESCRIPTION,CBP_PARAMETER_KEYWORD,CBP_PARAMETER_PLACE_HOLDER,CBP_PARAMETER_DATA_TYPE,CBP_PATTERN_ID,CBP_CREATED_TIMESTAMP,CBP_UPDATED_TIMESTAMP,CBP_CONFIGURABLE,CBP_IS_PROJECT_SPECIFIC,IS_EXCEPTION,IS_LIST,IS_REGEX) values (11191131,'Naming Convention for Stringify Transformations in Dataflow','^(strfy_)',null,'Naming Convention for Stringify Transformations in Dataflow',null,null,'STRING',2000,to_date('27-JAN-22','DD-MON-RR'),to_date('27-JAN-22','DD-MON-RR'),'Y','N',null,null,null);
Insert into CBP_PARAMETER (CBP_PARAMETER_ID,CBP_PARAMETER_NAME,CBP_PARAMETER_DEFAULT_VALUE,CBP_PARAMETER_SITE_VALUE,CBP_PARAMETER_DESCRIPTION,CBP_PARAMETER_KEYWORD,CBP_PARAMETER_PLACE_HOLDER,CBP_PARAMETER_DATA_TYPE,CBP_PATTERN_ID,CBP_CREATED_TIMESTAMP,CBP_UPDATED_TIMESTAMP,CBP_CONFIGURABLE,CBP_IS_PROJECT_SPECIFIC,IS_EXCEPTION,IS_LIST,IS_REGEX) values (11191132,'Naming Convention for Filter Transformations in Dataflow','^(fltr_)',null,'Naming Convention for Filter Transformations in Dataflow',null,null,'STRING',2000,to_date('27-JAN-22','DD-MON-RR'),to_date('27-JAN-22','DD-MON-RR'),'Y','N',null,null,null);
Insert into CBP_PARAMETER (CBP_PARAMETER_ID,CBP_PARAMETER_NAME,CBP_PARAMETER_DEFAULT_VALUE,CBP_PARAMETER_SITE_VALUE,CBP_PARAMETER_DESCRIPTION,CBP_PARAMETER_KEYWORD,CBP_PARAMETER_PLACE_HOLDER,CBP_PARAMETER_DATA_TYPE,CBP_PATTERN_ID,CBP_CREATED_TIMESTAMP,CBP_UPDATED_TIMESTAMP,CBP_CONFIGURABLE,CBP_IS_PROJECT_SPECIFIC,IS_EXCEPTION,IS_LIST,IS_REGEX) values (11191133,'Naming Convention for Sort Transformations in Dataflow','^(srt_)',null,'Naming Convention for Sort Transformations in Dataflow',null,null,'STRING',2000,to_date('27-JAN-22','DD-MON-RR'),to_date('27-JAN-22','DD-MON-RR'),'Y','N',null,null,null);
Insert into CBP_PARAMETER (CBP_PARAMETER_ID,CBP_PARAMETER_NAME,CBP_PARAMETER_DEFAULT_VALUE,CBP_PARAMETER_SITE_VALUE,CBP_PARAMETER_DESCRIPTION,CBP_PARAMETER_KEYWORD,CBP_PARAMETER_PLACE_HOLDER,CBP_PARAMETER_DATA_TYPE,CBP_PATTERN_ID,CBP_CREATED_TIMESTAMP,CBP_UPDATED_TIMESTAMP,CBP_CONFIGURABLE,CBP_IS_PROJECT_SPECIFIC,IS_EXCEPTION,IS_LIST,IS_REGEX) values (11191134,'Naming Convention for Alter Row Transformations in Dataflow','^(altrow_)',null,'Naming Convention for Alter Row Transformations in Dataflow',null,null,'STRING',2000,to_date('27-JAN-22','DD-MON-RR'),to_date('27-JAN-22','DD-MON-RR'),'Y','N',null,null,null);
Insert into CBP_PARAMETER (CBP_PARAMETER_ID,CBP_PARAMETER_NAME,CBP_PARAMETER_DEFAULT_VALUE,CBP_PARAMETER_SITE_VALUE,CBP_PARAMETER_DESCRIPTION,CBP_PARAMETER_KEYWORD,CBP_PARAMETER_PLACE_HOLDER,CBP_PARAMETER_DATA_TYPE,CBP_PATTERN_ID,CBP_CREATED_TIMESTAMP,CBP_UPDATED_TIMESTAMP,CBP_CONFIGURABLE,CBP_IS_PROJECT_SPECIFIC,IS_EXCEPTION,IS_LIST,IS_REGEX) values (11191135,'Naming Convention for Assert Transformations in Dataflow','^(assrt_)',null,'Naming Convention for Assert Transformations in Dataflow',null,null,'STRING',2000,to_date('27-JAN-22','DD-MON-RR'),to_date('27-JAN-22','DD-MON-RR'),'Y','N',null,null,null);
Insert into CBP_PARAMETER (CBP_PARAMETER_ID,CBP_PARAMETER_NAME,CBP_PARAMETER_DEFAULT_VALUE,CBP_PARAMETER_SITE_VALUE,CBP_PARAMETER_DESCRIPTION,CBP_PARAMETER_KEYWORD,CBP_PARAMETER_PLACE_HOLDER,CBP_PARAMETER_DATA_TYPE,CBP_PATTERN_ID,CBP_CREATED_TIMESTAMP,CBP_UPDATED_TIMESTAMP,CBP_CONFIGURABLE,CBP_IS_PROJECT_SPECIFIC,IS_EXCEPTION,IS_LIST,IS_REGEX) values (11191136,'Naming Convention for Flowlet Transformations in Dataflow','^(flwt_)',null,'Naming Convention for Flowlet Transformations in Dataflow',null,null,'STRING',2000,to_date('27-JAN-22','DD-MON-RR'),to_date('27-JAN-22','DD-MON-RR'),'Y','N',null,null,null);
Insert into CBP_PARAMETER (CBP_PARAMETER_ID,CBP_PARAMETER_NAME,CBP_PARAMETER_DEFAULT_VALUE,CBP_PARAMETER_SITE_VALUE,CBP_PARAMETER_DESCRIPTION,CBP_PARAMETER_KEYWORD,CBP_PARAMETER_PLACE_HOLDER,CBP_PARAMETER_DATA_TYPE,CBP_PATTERN_ID,CBP_CREATED_TIMESTAMP,CBP_UPDATED_TIMESTAMP,CBP_CONFIGURABLE,CBP_IS_PROJECT_SPECIFIC,IS_EXCEPTION,IS_LIST,IS_REGEX) values (11191137,'Naming Convention for Sink Transformations in Dataflow','^(snk_)',null,'Naming Convention for Sink Transformations in Dataflow',null,null,'STRING',2000,to_date('27-JAN-22','DD-MON-RR'),to_date('27-JAN-22','DD-MON-RR'),'Y','N',null,null,null);
Insert into CBP_PARAMETER (CBP_PARAMETER_ID,CBP_PARAMETER_NAME,CBP_PARAMETER_DEFAULT_VALUE,CBP_PARAMETER_SITE_VALUE,CBP_PARAMETER_DESCRIPTION,CBP_PARAMETER_KEYWORD,CBP_PARAMETER_PLACE_HOLDER,CBP_PARAMETER_DATA_TYPE,CBP_PATTERN_ID,CBP_CREATED_TIMESTAMP,CBP_UPDATED_TIMESTAMP,CBP_CONFIGURABLE,CBP_IS_PROJECT_SPECIFIC,IS_EXCEPTION,IS_LIST,IS_REGEX) values (11191138,'Maximum Number of New Branch Transformations in Dataflow','1',null,'Maximum Number of New Branch Transformations in Dataflow',null,'COEURDATA_MAX_NEW BRANCH TRANSFORMATIONS IN DATAFLOW','NUMBER',null,to_date('28-DEC-09','DD-MON-RR'),to_date('28-DEC-09','DD-MON-RR'),'Y','N',null,null,null);
Insert into CBP_PARAMETER (CBP_PARAMETER_ID,CBP_PARAMETER_NAME,CBP_PARAMETER_DEFAULT_VALUE,CBP_PARAMETER_SITE_VALUE,CBP_PARAMETER_DESCRIPTION,CBP_PARAMETER_KEYWORD,CBP_PARAMETER_PLACE_HOLDER,CBP_PARAMETER_DATA_TYPE,CBP_PATTERN_ID,CBP_CREATED_TIMESTAMP,CBP_UPDATED_TIMESTAMP,CBP_CONFIGURABLE,CBP_IS_PROJECT_SPECIFIC,IS_EXCEPTION,IS_LIST,IS_REGEX) values (11191139,'Maximum Number of Join Transformations in Dataflow','1',null,'Maximum Number of Join Transformations in Dataflow',null,'COEURDATA_MAX_JOIN TRANSFORMATIONS IN DATAFLOW','NUMBER',null,to_date('28-DEC-09','DD-MON-RR'),to_date('28-DEC-09','DD-MON-RR'),'Y','N',null,null,null);
Insert into CBP_PARAMETER (CBP_PARAMETER_ID,CBP_PARAMETER_NAME,CBP_PARAMETER_DEFAULT_VALUE,CBP_PARAMETER_SITE_VALUE,CBP_PARAMETER_DESCRIPTION,CBP_PARAMETER_KEYWORD,CBP_PARAMETER_PLACE_HOLDER,CBP_PARAMETER_DATA_TYPE,CBP_PATTERN_ID,CBP_CREATED_TIMESTAMP,CBP_UPDATED_TIMESTAMP,CBP_CONFIGURABLE,CBP_IS_PROJECT_SPECIFIC,IS_EXCEPTION,IS_LIST,IS_REGEX) values (11191140,'Maximum Number of Conditional Split Transformations in Dataflow','1',null,'Maximum Number of Conditional Split Transformations in Dataflow',null,'COEURDATA_MAX_CONDITIONAL SPLIT TRANSFORMATIONS IN DATAFLOW','NUMBER',null,to_date('28-DEC-09','DD-MON-RR'),to_date('28-DEC-09','DD-MON-RR'),'Y','N',null,null,null);
Insert into CBP_PARAMETER (CBP_PARAMETER_ID,CBP_PARAMETER_NAME,CBP_PARAMETER_DEFAULT_VALUE,CBP_PARAMETER_SITE_VALUE,CBP_PARAMETER_DESCRIPTION,CBP_PARAMETER_KEYWORD,CBP_PARAMETER_PLACE_HOLDER,CBP_PARAMETER_DATA_TYPE,CBP_PATTERN_ID,CBP_CREATED_TIMESTAMP,CBP_UPDATED_TIMESTAMP,CBP_CONFIGURABLE,CBP_IS_PROJECT_SPECIFIC,IS_EXCEPTION,IS_LIST,IS_REGEX) values (11191141,'Maximum Number of Exists Transformations in Dataflow','1',null,'Maximum Number of Exists Transformations in Dataflow',null,'COEURDATA_MAX_EXISTS TRANSFORMATIONS IN DATAFLOW','NUMBER',null,to_date('28-DEC-09','DD-MON-RR'),to_date('28-DEC-09','DD-MON-RR'),'Y','N',null,null,null);
Insert into CBP_PARAMETER (CBP_PARAMETER_ID,CBP_PARAMETER_NAME,CBP_PARAMETER_DEFAULT_VALUE,CBP_PARAMETER_SITE_VALUE,CBP_PARAMETER_DESCRIPTION,CBP_PARAMETER_KEYWORD,CBP_PARAMETER_PLACE_HOLDER,CBP_PARAMETER_DATA_TYPE,CBP_PATTERN_ID,CBP_CREATED_TIMESTAMP,CBP_UPDATED_TIMESTAMP,CBP_CONFIGURABLE,CBP_IS_PROJECT_SPECIFIC,IS_EXCEPTION,IS_LIST,IS_REGEX) values (11191142,'Maximum Number of Union Transformations in Dataflow','1',null,'Maximum Number of Union Transformations in Dataflow',null,'COEURDATA_MAX_UNION TRANSFORMATIONS IN DATAFLOW','NUMBER',null,to_date('28-DEC-09','DD-MON-RR'),to_date('28-DEC-09','DD-MON-RR'),'Y','N',null,null,null);
Insert into CBP_PARAMETER (CBP_PARAMETER_ID,CBP_PARAMETER_NAME,CBP_PARAMETER_DEFAULT_VALUE,CBP_PARAMETER_SITE_VALUE,CBP_PARAMETER_DESCRIPTION,CBP_PARAMETER_KEYWORD,CBP_PARAMETER_PLACE_HOLDER,CBP_PARAMETER_DATA_TYPE,CBP_PATTERN_ID,CBP_CREATED_TIMESTAMP,CBP_UPDATED_TIMESTAMP,CBP_CONFIGURABLE,CBP_IS_PROJECT_SPECIFIC,IS_EXCEPTION,IS_LIST,IS_REGEX) values (11191143,'Maximum Number of Lookup Transformations in Dataflow','1',null,'Maximum Number of Lookup Transformations in Dataflow',null,'COEURDATA_MAX_LOOKUP TRANSFORMATIONS IN DATAFLOW','NUMBER',null,to_date('28-DEC-09','DD-MON-RR'),to_date('28-DEC-09','DD-MON-RR'),'Y','N',null,null,null);
Insert into CBP_PARAMETER (CBP_PARAMETER_ID,CBP_PARAMETER_NAME,CBP_PARAMETER_DEFAULT_VALUE,CBP_PARAMETER_SITE_VALUE,CBP_PARAMETER_DESCRIPTION,CBP_PARAMETER_KEYWORD,CBP_PARAMETER_PLACE_HOLDER,CBP_PARAMETER_DATA_TYPE,CBP_PATTERN_ID,CBP_CREATED_TIMESTAMP,CBP_UPDATED_TIMESTAMP,CBP_CONFIGURABLE,CBP_IS_PROJECT_SPECIFIC,IS_EXCEPTION,IS_LIST,IS_REGEX) values (11191144,'Maximum Number of Derived Column Transformations in Dataflow','1',null,'Maximum Number of Derived Column Transformations in Dataflow',null,'COEURDATA_MAX_DERIVED COLUMN TRANSFORMATIONS IN DATAFLOW','NUMBER',null,to_date('28-DEC-09','DD-MON-RR'),to_date('28-DEC-09','DD-MON-RR'),'Y','N',null,null,null);
Insert into CBP_PARAMETER (CBP_PARAMETER_ID,CBP_PARAMETER_NAME,CBP_PARAMETER_DEFAULT_VALUE,CBP_PARAMETER_SITE_VALUE,CBP_PARAMETER_DESCRIPTION,CBP_PARAMETER_KEYWORD,CBP_PARAMETER_PLACE_HOLDER,CBP_PARAMETER_DATA_TYPE,CBP_PATTERN_ID,CBP_CREATED_TIMESTAMP,CBP_UPDATED_TIMESTAMP,CBP_CONFIGURABLE,CBP_IS_PROJECT_SPECIFIC,IS_EXCEPTION,IS_LIST,IS_REGEX) values (11191145,'Maximum Number of Select Transformations in Dataflow','1',null,'Maximum Number of Select Transformations in Dataflow',null,'COEURDATA_MAX_SELECT TRANSFORMATIONS IN DATAFLOW','NUMBER',null,to_date('28-DEC-09','DD-MON-RR'),to_date('28-DEC-09','DD-MON-RR'),'Y','N',null,null,null);
Insert into CBP_PARAMETER (CBP_PARAMETER_ID,CBP_PARAMETER_NAME,CBP_PARAMETER_DEFAULT_VALUE,CBP_PARAMETER_SITE_VALUE,CBP_PARAMETER_DESCRIPTION,CBP_PARAMETER_KEYWORD,CBP_PARAMETER_PLACE_HOLDER,CBP_PARAMETER_DATA_TYPE,CBP_PATTERN_ID,CBP_CREATED_TIMESTAMP,CBP_UPDATED_TIMESTAMP,CBP_CONFIGURABLE,CBP_IS_PROJECT_SPECIFIC,IS_EXCEPTION,IS_LIST,IS_REGEX) values (11191146,'Maximum Number of Aggregate Transformations in Dataflow','1',null,'Maximum Number of Aggregate Transformations in Dataflow',null,'COEURDATA_MAX_AGGREGATE TRANSFORMATIONS IN DATAFLOW','NUMBER',null,to_date('28-DEC-09','DD-MON-RR'),to_date('28-DEC-09','DD-MON-RR'),'Y','N',null,null,null);
Insert into CBP_PARAMETER (CBP_PARAMETER_ID,CBP_PARAMETER_NAME,CBP_PARAMETER_DEFAULT_VALUE,CBP_PARAMETER_SITE_VALUE,CBP_PARAMETER_DESCRIPTION,CBP_PARAMETER_KEYWORD,CBP_PARAMETER_PLACE_HOLDER,CBP_PARAMETER_DATA_TYPE,CBP_PATTERN_ID,CBP_CREATED_TIMESTAMP,CBP_UPDATED_TIMESTAMP,CBP_CONFIGURABLE,CBP_IS_PROJECT_SPECIFIC,IS_EXCEPTION,IS_LIST,IS_REGEX) values (11191147,'Maximum Number of Surrogate Key Transformations in Dataflow','1',null,'Maximum Number of Surrogate Key Transformations in Dataflow',null,'COEURDATA_MAX_SURROGATE KEY TRANSFORMATIONS IN DATAFLOW','NUMBER',null,to_date('28-DEC-09','DD-MON-RR'),to_date('28-DEC-09','DD-MON-RR'),'Y','N',null,null,null);
Insert into CBP_PARAMETER (CBP_PARAMETER_ID,CBP_PARAMETER_NAME,CBP_PARAMETER_DEFAULT_VALUE,CBP_PARAMETER_SITE_VALUE,CBP_PARAMETER_DESCRIPTION,CBP_PARAMETER_KEYWORD,CBP_PARAMETER_PLACE_HOLDER,CBP_PARAMETER_DATA_TYPE,CBP_PATTERN_ID,CBP_CREATED_TIMESTAMP,CBP_UPDATED_TIMESTAMP,CBP_CONFIGURABLE,CBP_IS_PROJECT_SPECIFIC,IS_EXCEPTION,IS_LIST,IS_REGEX) values (11191148,'Maximum Number of Pivot Transformations in Dataflow','1',null,'Maximum Number of Pivot Transformations in Dataflow',null,'COEURDATA_MAX_PIVOT TRANSFORMATIONS IN DATAFLOW','NUMBER',null,to_date('28-DEC-09','DD-MON-RR'),to_date('28-DEC-09','DD-MON-RR'),'Y','N',null,null,null);
Insert into CBP_PARAMETER (CBP_PARAMETER_ID,CBP_PARAMETER_NAME,CBP_PARAMETER_DEFAULT_VALUE,CBP_PARAMETER_SITE_VALUE,CBP_PARAMETER_DESCRIPTION,CBP_PARAMETER_KEYWORD,CBP_PARAMETER_PLACE_HOLDER,CBP_PARAMETER_DATA_TYPE,CBP_PATTERN_ID,CBP_CREATED_TIMESTAMP,CBP_UPDATED_TIMESTAMP,CBP_CONFIGURABLE,CBP_IS_PROJECT_SPECIFIC,IS_EXCEPTION,IS_LIST,IS_REGEX) values (11191149,'Maximum Number of Unpivot Transformations in Dataflow','1',null,'Maximum Number of Unpivot Transformations in Dataflow',null,'COEURDATA_MAX_UNPIVOT TRANSFORMATIONS IN DATAFLOW','NUMBER',null,to_date('28-DEC-09','DD-MON-RR'),to_date('28-DEC-09','DD-MON-RR'),'Y','N',null,null,null);
Insert into CBP_PARAMETER (CBP_PARAMETER_ID,CBP_PARAMETER_NAME,CBP_PARAMETER_DEFAULT_VALUE,CBP_PARAMETER_SITE_VALUE,CBP_PARAMETER_DESCRIPTION,CBP_PARAMETER_KEYWORD,CBP_PARAMETER_PLACE_HOLDER,CBP_PARAMETER_DATA_TYPE,CBP_PATTERN_ID,CBP_CREATED_TIMESTAMP,CBP_UPDATED_TIMESTAMP,CBP_CONFIGURABLE,CBP_IS_PROJECT_SPECIFIC,IS_EXCEPTION,IS_LIST,IS_REGEX) values (11191150,'Maximum Number of Window Transformations in Dataflow','1',null,'Maximum Number of Window Transformations in Dataflow',null,'COEURDATA_MAX_WINDOW TRANSFORMATIONS IN DATAFLOW','NUMBER',null,to_date('28-DEC-09','DD-MON-RR'),to_date('28-DEC-09','DD-MON-RR'),'Y','N',null,null,null);
Insert into CBP_PARAMETER (CBP_PARAMETER_ID,CBP_PARAMETER_NAME,CBP_PARAMETER_DEFAULT_VALUE,CBP_PARAMETER_SITE_VALUE,CBP_PARAMETER_DESCRIPTION,CBP_PARAMETER_KEYWORD,CBP_PARAMETER_PLACE_HOLDER,CBP_PARAMETER_DATA_TYPE,CBP_PATTERN_ID,CBP_CREATED_TIMESTAMP,CBP_UPDATED_TIMESTAMP,CBP_CONFIGURABLE,CBP_IS_PROJECT_SPECIFIC,IS_EXCEPTION,IS_LIST,IS_REGEX) values (11191151,'Maximum Number of Rank Transformations in Dataflow','1',null,'Maximum Number of Rank Transformations in Dataflow',null,'COEURDATA_MAX_RANK TRANSFORMATIONS IN DATAFLOW','NUMBER',null,to_date('28-DEC-09','DD-MON-RR'),to_date('28-DEC-09','DD-MON-RR'),'Y','N',null,null,null);
Insert into CBP_PARAMETER (CBP_PARAMETER_ID,CBP_PARAMETER_NAME,CBP_PARAMETER_DEFAULT_VALUE,CBP_PARAMETER_SITE_VALUE,CBP_PARAMETER_DESCRIPTION,CBP_PARAMETER_KEYWORD,CBP_PARAMETER_PLACE_HOLDER,CBP_PARAMETER_DATA_TYPE,CBP_PATTERN_ID,CBP_CREATED_TIMESTAMP,CBP_UPDATED_TIMESTAMP,CBP_CONFIGURABLE,CBP_IS_PROJECT_SPECIFIC,IS_EXCEPTION,IS_LIST,IS_REGEX) values (11191152,'Maximum Number of External Call Transformations in Dataflow','1',null,'Maximum Number of External Call Transformations in Dataflow',null,'COEURDATA_MAX_EXTERNAL CALL TRANSFORMATIONS IN DATAFLOW','NUMBER',null,to_date('28-DEC-09','DD-MON-RR'),to_date('28-DEC-09','DD-MON-RR'),'Y','N',null,null,null);
Insert into CBP_PARAMETER (CBP_PARAMETER_ID,CBP_PARAMETER_NAME,CBP_PARAMETER_DEFAULT_VALUE,CBP_PARAMETER_SITE_VALUE,CBP_PARAMETER_DESCRIPTION,CBP_PARAMETER_KEYWORD,CBP_PARAMETER_PLACE_HOLDER,CBP_PARAMETER_DATA_TYPE,CBP_PATTERN_ID,CBP_CREATED_TIMESTAMP,CBP_UPDATED_TIMESTAMP,CBP_CONFIGURABLE,CBP_IS_PROJECT_SPECIFIC,IS_EXCEPTION,IS_LIST,IS_REGEX) values (11191153,'Maximum Number of Flatten Transformations in Dataflow','1',null,'Maximum Number of Flatten Transformations in Dataflow',null,'COEURDATA_MAX_FLATTEN TRANSFORMATIONS IN DATAFLOW','NUMBER',null,to_date('28-DEC-09','DD-MON-RR'),to_date('28-DEC-09','DD-MON-RR'),'Y','N',null,null,null);
Insert into CBP_PARAMETER (CBP_PARAMETER_ID,CBP_PARAMETER_NAME,CBP_PARAMETER_DEFAULT_VALUE,CBP_PARAMETER_SITE_VALUE,CBP_PARAMETER_DESCRIPTION,CBP_PARAMETER_KEYWORD,CBP_PARAMETER_PLACE_HOLDER,CBP_PARAMETER_DATA_TYPE,CBP_PATTERN_ID,CBP_CREATED_TIMESTAMP,CBP_UPDATED_TIMESTAMP,CBP_CONFIGURABLE,CBP_IS_PROJECT_SPECIFIC,IS_EXCEPTION,IS_LIST,IS_REGEX) values (11191154,'Maximum Number of Parse Transformations in Dataflow','1',null,'Maximum Number of Parse Transformations in Dataflow',null,'COEURDATA_MAX_PARSE TRANSFORMATIONS IN DATAFLOW','NUMBER',null,to_date('28-DEC-09','DD-MON-RR'),to_date('28-DEC-09','DD-MON-RR'),'Y','N',null,null,null);
Insert into CBP_PARAMETER (CBP_PARAMETER_ID,CBP_PARAMETER_NAME,CBP_PARAMETER_DEFAULT_VALUE,CBP_PARAMETER_SITE_VALUE,CBP_PARAMETER_DESCRIPTION,CBP_PARAMETER_KEYWORD,CBP_PARAMETER_PLACE_HOLDER,CBP_PARAMETER_DATA_TYPE,CBP_PATTERN_ID,CBP_CREATED_TIMESTAMP,CBP_UPDATED_TIMESTAMP,CBP_CONFIGURABLE,CBP_IS_PROJECT_SPECIFIC,IS_EXCEPTION,IS_LIST,IS_REGEX) values (11191155,'Maximum Number of Stringify Transformations in Dataflow','1',null,'Maximum Number of Stringify Transformations in Dataflow',null,'COEURDATA_MAX_STRINGIFY TRANSFORMATIONS IN DATAFLOW','NUMBER',null,to_date('28-DEC-09','DD-MON-RR'),to_date('28-DEC-09','DD-MON-RR'),'Y','N',null,null,null);
Insert into CBP_PARAMETER (CBP_PARAMETER_ID,CBP_PARAMETER_NAME,CBP_PARAMETER_DEFAULT_VALUE,CBP_PARAMETER_SITE_VALUE,CBP_PARAMETER_DESCRIPTION,CBP_PARAMETER_KEYWORD,CBP_PARAMETER_PLACE_HOLDER,CBP_PARAMETER_DATA_TYPE,CBP_PATTERN_ID,CBP_CREATED_TIMESTAMP,CBP_UPDATED_TIMESTAMP,CBP_CONFIGURABLE,CBP_IS_PROJECT_SPECIFIC,IS_EXCEPTION,IS_LIST,IS_REGEX) values (11191156,'Maximum Number of Filter Transformations in Dataflow','1',null,'Maximum Number of Filter Transformations in Dataflow',null,'COEURDATA_MAX_FILTER TRANSFORMATIONS IN DATAFLOW','NUMBER',null,to_date('28-DEC-09','DD-MON-RR'),to_date('28-DEC-09','DD-MON-RR'),'Y','N',null,null,null);
Insert into CBP_PARAMETER (CBP_PARAMETER_ID,CBP_PARAMETER_NAME,CBP_PARAMETER_DEFAULT_VALUE,CBP_PARAMETER_SITE_VALUE,CBP_PARAMETER_DESCRIPTION,CBP_PARAMETER_KEYWORD,CBP_PARAMETER_PLACE_HOLDER,CBP_PARAMETER_DATA_TYPE,CBP_PATTERN_ID,CBP_CREATED_TIMESTAMP,CBP_UPDATED_TIMESTAMP,CBP_CONFIGURABLE,CBP_IS_PROJECT_SPECIFIC,IS_EXCEPTION,IS_LIST,IS_REGEX) values (11191157,'Maximum Number of Sort Transformations in Dataflow','1',null,'Maximum Number of Sort Transformations in Dataflow',null,'COEURDATA_MAX_SORT TRANSFORMATIONS IN DATAFLOW','NUMBER',null,to_date('28-DEC-09','DD-MON-RR'),to_date('28-DEC-09','DD-MON-RR'),'Y','N',null,null,null);
Insert into CBP_PARAMETER (CBP_PARAMETER_ID,CBP_PARAMETER_NAME,CBP_PARAMETER_DEFAULT_VALUE,CBP_PARAMETER_SITE_VALUE,CBP_PARAMETER_DESCRIPTION,CBP_PARAMETER_KEYWORD,CBP_PARAMETER_PLACE_HOLDER,CBP_PARAMETER_DATA_TYPE,CBP_PATTERN_ID,CBP_CREATED_TIMESTAMP,CBP_UPDATED_TIMESTAMP,CBP_CONFIGURABLE,CBP_IS_PROJECT_SPECIFIC,IS_EXCEPTION,IS_LIST,IS_REGEX) values (11191158,'Maximum Number of Alter Row Transformations in Dataflow','1',null,'Maximum Number of Alter Row Transformations in Dataflow',null,'COEURDATA_MAX_ALTER ROW TRANSFORMATIONS IN DATAFLOW','NUMBER',null,to_date('28-DEC-09','DD-MON-RR'),to_date('28-DEC-09','DD-MON-RR'),'Y','N',null,null,null);
Insert into CBP_PARAMETER (CBP_PARAMETER_ID,CBP_PARAMETER_NAME,CBP_PARAMETER_DEFAULT_VALUE,CBP_PARAMETER_SITE_VALUE,CBP_PARAMETER_DESCRIPTION,CBP_PARAMETER_KEYWORD,CBP_PARAMETER_PLACE_HOLDER,CBP_PARAMETER_DATA_TYPE,CBP_PATTERN_ID,CBP_CREATED_TIMESTAMP,CBP_UPDATED_TIMESTAMP,CBP_CONFIGURABLE,CBP_IS_PROJECT_SPECIFIC,IS_EXCEPTION,IS_LIST,IS_REGEX) values (11191159,'Maximum Number of Assert Transformations in Dataflow','1',null,'Maximum Number of Assert Transformations in Dataflow',null,'COEURDATA_MAX_ASSERT TRANSFORMATIONS IN DATAFLOW','NUMBER',null,to_date('28-DEC-09','DD-MON-RR'),to_date('28-DEC-09','DD-MON-RR'),'Y','N',null,null,null);
Insert into CBP_PARAMETER (CBP_PARAMETER_ID,CBP_PARAMETER_NAME,CBP_PARAMETER_DEFAULT_VALUE,CBP_PARAMETER_SITE_VALUE,CBP_PARAMETER_DESCRIPTION,CBP_PARAMETER_KEYWORD,CBP_PARAMETER_PLACE_HOLDER,CBP_PARAMETER_DATA_TYPE,CBP_PATTERN_ID,CBP_CREATED_TIMESTAMP,CBP_UPDATED_TIMESTAMP,CBP_CONFIGURABLE,CBP_IS_PROJECT_SPECIFIC,IS_EXCEPTION,IS_LIST,IS_REGEX) values (11191160,'Maximum Number of Flowlet Transformations in Dataflow','1',null,'Maximum Number of Flowlet Transformations in Dataflow',null,'COEURDATA_MAX_FLOWLET TRANSFORMATIONS IN DATAFLOW','NUMBER',null,to_date('28-DEC-09','DD-MON-RR'),to_date('28-DEC-09','DD-MON-RR'),'Y','N',null,null,null);
Insert into CBP_PARAMETER (CBP_PARAMETER_ID,CBP_PARAMETER_NAME,CBP_PARAMETER_DEFAULT_VALUE,CBP_PARAMETER_SITE_VALUE,CBP_PARAMETER_DESCRIPTION,CBP_PARAMETER_KEYWORD,CBP_PARAMETER_PLACE_HOLDER,CBP_PARAMETER_DATA_TYPE,CBP_PATTERN_ID,CBP_CREATED_TIMESTAMP,CBP_UPDATED_TIMESTAMP,CBP_CONFIGURABLE,CBP_IS_PROJECT_SPECIFIC,IS_EXCEPTION,IS_LIST,IS_REGEX) values (11191161,'Maximum Number of Sink Transformations in Dataflow','1',null,'Maximum Number of Sink Transformations in Dataflow',null,'COEURDATA_MAX_SINK TRANSFORMATIONS IN DATAFLOW','NUMBER',null,to_date('28-DEC-09','DD-MON-RR'),to_date('28-DEC-09','DD-MON-RR'),'Y','N',null,null,null);
Insert into CBP_PARAMETER (CBP_PARAMETER_ID,CBP_PARAMETER_NAME,CBP_PARAMETER_DEFAULT_VALUE,CBP_PARAMETER_SITE_VALUE,CBP_PARAMETER_DESCRIPTION,CBP_PARAMETER_KEYWORD,CBP_PARAMETER_PLACE_HOLDER,CBP_PARAMETER_DATA_TYPE,CBP_PATTERN_ID,CBP_CREATED_TIMESTAMP,CBP_UPDATED_TIMESTAMP,CBP_CONFIGURABLE,CBP_IS_PROJECT_SPECIFIC,IS_EXCEPTION,IS_LIST,IS_REGEX) values (11191186,'Mandatory Documentation Tag in New Branch Transformation in Dataflow','VALUE_NOT_SET',null,'Mandatory Documentation Tag in New Branch Transformation in Dataflow',null,null,'STRING',2000,to_date('27-JAN-22','DD-MON-RR'),to_date('27-JAN-22','DD-MON-RR'),'Y','N',null,null,null);
Insert into CBP_PARAMETER (CBP_PARAMETER_ID,CBP_PARAMETER_NAME,CBP_PARAMETER_DEFAULT_VALUE,CBP_PARAMETER_SITE_VALUE,CBP_PARAMETER_DESCRIPTION,CBP_PARAMETER_KEYWORD,CBP_PARAMETER_PLACE_HOLDER,CBP_PARAMETER_DATA_TYPE,CBP_PATTERN_ID,CBP_CREATED_TIMESTAMP,CBP_UPDATED_TIMESTAMP,CBP_CONFIGURABLE,CBP_IS_PROJECT_SPECIFIC,IS_EXCEPTION,IS_LIST,IS_REGEX) values (11191187,'Mandatory Documentation Tag in Join Transformation in Dataflow','VALUE_NOT_SET',null,'Mandatory Documentation Tag in Join Transformation in Dataflow',null,null,'STRING',2000,to_date('27-JAN-22','DD-MON-RR'),to_date('27-JAN-22','DD-MON-RR'),'Y','N',null,null,null);
Insert into CBP_PARAMETER (CBP_PARAMETER_ID,CBP_PARAMETER_NAME,CBP_PARAMETER_DEFAULT_VALUE,CBP_PARAMETER_SITE_VALUE,CBP_PARAMETER_DESCRIPTION,CBP_PARAMETER_KEYWORD,CBP_PARAMETER_PLACE_HOLDER,CBP_PARAMETER_DATA_TYPE,CBP_PATTERN_ID,CBP_CREATED_TIMESTAMP,CBP_UPDATED_TIMESTAMP,CBP_CONFIGURABLE,CBP_IS_PROJECT_SPECIFIC,IS_EXCEPTION,IS_LIST,IS_REGEX) values (11191188,'Mandatory Documentation Tag in Conditional Split Transformation in Dataflow','VALUE_NOT_SET',null,'Mandatory Documentation Tag in Conditional Split Transformation in Dataflow',null,null,'STRING',2000,to_date('27-JAN-22','DD-MON-RR'),to_date('27-JAN-22','DD-MON-RR'),'Y','N',null,null,null);
Insert into CBP_PARAMETER (CBP_PARAMETER_ID,CBP_PARAMETER_NAME,CBP_PARAMETER_DEFAULT_VALUE,CBP_PARAMETER_SITE_VALUE,CBP_PARAMETER_DESCRIPTION,CBP_PARAMETER_KEYWORD,CBP_PARAMETER_PLACE_HOLDER,CBP_PARAMETER_DATA_TYPE,CBP_PATTERN_ID,CBP_CREATED_TIMESTAMP,CBP_UPDATED_TIMESTAMP,CBP_CONFIGURABLE,CBP_IS_PROJECT_SPECIFIC,IS_EXCEPTION,IS_LIST,IS_REGEX) values (11191189,'Mandatory Documentation Tag in Exists Transformation in Dataflow','VALUE_NOT_SET',null,'Mandatory Documentation Tag in Exists Transformation in Dataflow',null,null,'STRING',2000,to_date('27-JAN-22','DD-MON-RR'),to_date('27-JAN-22','DD-MON-RR'),'Y','N',null,null,null);
Insert into CBP_PARAMETER (CBP_PARAMETER_ID,CBP_PARAMETER_NAME,CBP_PARAMETER_DEFAULT_VALUE,CBP_PARAMETER_SITE_VALUE,CBP_PARAMETER_DESCRIPTION,CBP_PARAMETER_KEYWORD,CBP_PARAMETER_PLACE_HOLDER,CBP_PARAMETER_DATA_TYPE,CBP_PATTERN_ID,CBP_CREATED_TIMESTAMP,CBP_UPDATED_TIMESTAMP,CBP_CONFIGURABLE,CBP_IS_PROJECT_SPECIFIC,IS_EXCEPTION,IS_LIST,IS_REGEX) values (11191190,'Mandatory Documentation Tag in Union Transformation in Dataflow','VALUE_NOT_SET',null,'Mandatory Documentation Tag in Union Transformation in Dataflow',null,null,'STRING',2000,to_date('27-JAN-22','DD-MON-RR'),to_date('27-JAN-22','DD-MON-RR'),'Y','N',null,null,null);
Insert into CBP_PARAMETER (CBP_PARAMETER_ID,CBP_PARAMETER_NAME,CBP_PARAMETER_DEFAULT_VALUE,CBP_PARAMETER_SITE_VALUE,CBP_PARAMETER_DESCRIPTION,CBP_PARAMETER_KEYWORD,CBP_PARAMETER_PLACE_HOLDER,CBP_PARAMETER_DATA_TYPE,CBP_PATTERN_ID,CBP_CREATED_TIMESTAMP,CBP_UPDATED_TIMESTAMP,CBP_CONFIGURABLE,CBP_IS_PROJECT_SPECIFIC,IS_EXCEPTION,IS_LIST,IS_REGEX) values (11191191,'Mandatory Documentation Tag in Lookup Transformation in Dataflow','VALUE_NOT_SET',null,'Mandatory Documentation Tag in Lookup Transformation in Dataflow',null,null,'STRING',2000,to_date('27-JAN-22','DD-MON-RR'),to_date('27-JAN-22','DD-MON-RR'),'Y','N',null,null,null);
Insert into CBP_PARAMETER (CBP_PARAMETER_ID,CBP_PARAMETER_NAME,CBP_PARAMETER_DEFAULT_VALUE,CBP_PARAMETER_SITE_VALUE,CBP_PARAMETER_DESCRIPTION,CBP_PARAMETER_KEYWORD,CBP_PARAMETER_PLACE_HOLDER,CBP_PARAMETER_DATA_TYPE,CBP_PATTERN_ID,CBP_CREATED_TIMESTAMP,CBP_UPDATED_TIMESTAMP,CBP_CONFIGURABLE,CBP_IS_PROJECT_SPECIFIC,IS_EXCEPTION,IS_LIST,IS_REGEX) values (11191192,'Mandatory Documentation Tag in Derived Column Transformation in Dataflow','VALUE_NOT_SET',null,'Mandatory Documentation Tag in Derived Column Transformation in Dataflow',null,null,'STRING',2000,to_date('27-JAN-22','DD-MON-RR'),to_date('27-JAN-22','DD-MON-RR'),'Y','N',null,null,null);
Insert into CBP_PARAMETER (CBP_PARAMETER_ID,CBP_PARAMETER_NAME,CBP_PARAMETER_DEFAULT_VALUE,CBP_PARAMETER_SITE_VALUE,CBP_PARAMETER_DESCRIPTION,CBP_PARAMETER_KEYWORD,CBP_PARAMETER_PLACE_HOLDER,CBP_PARAMETER_DATA_TYPE,CBP_PATTERN_ID,CBP_CREATED_TIMESTAMP,CBP_UPDATED_TIMESTAMP,CBP_CONFIGURABLE,CBP_IS_PROJECT_SPECIFIC,IS_EXCEPTION,IS_LIST,IS_REGEX) values (11191193,'Mandatory Documentation Tag in Select Transformation in Dataflow','VALUE_NOT_SET',null,'Mandatory Documentation Tag in Select Transformation in Dataflow',null,null,'STRING',2000,to_date('27-JAN-22','DD-MON-RR'),to_date('27-JAN-22','DD-MON-RR'),'Y','N',null,null,null);
Insert into CBP_PARAMETER (CBP_PARAMETER_ID,CBP_PARAMETER_NAME,CBP_PARAMETER_DEFAULT_VALUE,CBP_PARAMETER_SITE_VALUE,CBP_PARAMETER_DESCRIPTION,CBP_PARAMETER_KEYWORD,CBP_PARAMETER_PLACE_HOLDER,CBP_PARAMETER_DATA_TYPE,CBP_PATTERN_ID,CBP_CREATED_TIMESTAMP,CBP_UPDATED_TIMESTAMP,CBP_CONFIGURABLE,CBP_IS_PROJECT_SPECIFIC,IS_EXCEPTION,IS_LIST,IS_REGEX) values (11191194,'Mandatory Documentation Tag in Aggregate Transformation in Dataflow','VALUE_NOT_SET',null,'Mandatory Documentation Tag in Aggregate Transformation in Dataflow',null,null,'STRING',2000,to_date('27-JAN-22','DD-MON-RR'),to_date('27-JAN-22','DD-MON-RR'),'Y','N',null,null,null);
Insert into CBP_PARAMETER (CBP_PARAMETER_ID,CBP_PARAMETER_NAME,CBP_PARAMETER_DEFAULT_VALUE,CBP_PARAMETER_SITE_VALUE,CBP_PARAMETER_DESCRIPTION,CBP_PARAMETER_KEYWORD,CBP_PARAMETER_PLACE_HOLDER,CBP_PARAMETER_DATA_TYPE,CBP_PATTERN_ID,CBP_CREATED_TIMESTAMP,CBP_UPDATED_TIMESTAMP,CBP_CONFIGURABLE,CBP_IS_PROJECT_SPECIFIC,IS_EXCEPTION,IS_LIST,IS_REGEX) values (11191195,'Mandatory Documentation Tag in Surrogate Key Transformation in Dataflow','VALUE_NOT_SET',null,'Mandatory Documentation Tag in Surrogate Key Transformation in Dataflow',null,null,'STRING',2000,to_date('27-JAN-22','DD-MON-RR'),to_date('27-JAN-22','DD-MON-RR'),'Y','N',null,null,null);
Insert into CBP_PARAMETER (CBP_PARAMETER_ID,CBP_PARAMETER_NAME,CBP_PARAMETER_DEFAULT_VALUE,CBP_PARAMETER_SITE_VALUE,CBP_PARAMETER_DESCRIPTION,CBP_PARAMETER_KEYWORD,CBP_PARAMETER_PLACE_HOLDER,CBP_PARAMETER_DATA_TYPE,CBP_PATTERN_ID,CBP_CREATED_TIMESTAMP,CBP_UPDATED_TIMESTAMP,CBP_CONFIGURABLE,CBP_IS_PROJECT_SPECIFIC,IS_EXCEPTION,IS_LIST,IS_REGEX) values (11191196,'Mandatory Documentation Tag in Pivot Transformation in Dataflow','VALUE_NOT_SET',null,'Mandatory Documentation Tag in Pivot Transformation in Dataflow',null,null,'STRING',2000,to_date('27-JAN-22','DD-MON-RR'),to_date('27-JAN-22','DD-MON-RR'),'Y','N',null,null,null);
Insert into CBP_PARAMETER (CBP_PARAMETER_ID,CBP_PARAMETER_NAME,CBP_PARAMETER_DEFAULT_VALUE,CBP_PARAMETER_SITE_VALUE,CBP_PARAMETER_DESCRIPTION,CBP_PARAMETER_KEYWORD,CBP_PARAMETER_PLACE_HOLDER,CBP_PARAMETER_DATA_TYPE,CBP_PATTERN_ID,CBP_CREATED_TIMESTAMP,CBP_UPDATED_TIMESTAMP,CBP_CONFIGURABLE,CBP_IS_PROJECT_SPECIFIC,IS_EXCEPTION,IS_LIST,IS_REGEX) values (11191197,'Mandatory Documentation Tag in Unpivot Transformation in Dataflow','VALUE_NOT_SET',null,'Mandatory Documentation Tag in Unpivot Transformation in Dataflow',null,null,'STRING',2000,to_date('27-JAN-22','DD-MON-RR'),to_date('27-JAN-22','DD-MON-RR'),'Y','N',null,null,null);
Insert into CBP_PARAMETER (CBP_PARAMETER_ID,CBP_PARAMETER_NAME,CBP_PARAMETER_DEFAULT_VALUE,CBP_PARAMETER_SITE_VALUE,CBP_PARAMETER_DESCRIPTION,CBP_PARAMETER_KEYWORD,CBP_PARAMETER_PLACE_HOLDER,CBP_PARAMETER_DATA_TYPE,CBP_PATTERN_ID,CBP_CREATED_TIMESTAMP,CBP_UPDATED_TIMESTAMP,CBP_CONFIGURABLE,CBP_IS_PROJECT_SPECIFIC,IS_EXCEPTION,IS_LIST,IS_REGEX) values (11191198,'Mandatory Documentation Tag in Window Transformation in Dataflow','VALUE_NOT_SET',null,'Mandatory Documentation Tag in Window Transformation in Dataflow',null,null,'STRING',2000,to_date('27-JAN-22','DD-MON-RR'),to_date('27-JAN-22','DD-MON-RR'),'Y','N',null,null,null);
Insert into CBP_PARAMETER (CBP_PARAMETER_ID,CBP_PARAMETER_NAME,CBP_PARAMETER_DEFAULT_VALUE,CBP_PARAMETER_SITE_VALUE,CBP_PARAMETER_DESCRIPTION,CBP_PARAMETER_KEYWORD,CBP_PARAMETER_PLACE_HOLDER,CBP_PARAMETER_DATA_TYPE,CBP_PATTERN_ID,CBP_CREATED_TIMESTAMP,CBP_UPDATED_TIMESTAMP,CBP_CONFIGURABLE,CBP_IS_PROJECT_SPECIFIC,IS_EXCEPTION,IS_LIST,IS_REGEX) values (11191199,'Mandatory Documentation Tag in Rank Transformation in Dataflow','VALUE_NOT_SET',null,'Mandatory Documentation Tag in Rank Transformation in Dataflow',null,null,'STRING',2000,to_date('27-JAN-22','DD-MON-RR'),to_date('27-JAN-22','DD-MON-RR'),'Y','N',null,null,null);
Insert into CBP_PARAMETER (CBP_PARAMETER_ID,CBP_PARAMETER_NAME,CBP_PARAMETER_DEFAULT_VALUE,CBP_PARAMETER_SITE_VALUE,CBP_PARAMETER_DESCRIPTION,CBP_PARAMETER_KEYWORD,CBP_PARAMETER_PLACE_HOLDER,CBP_PARAMETER_DATA_TYPE,CBP_PATTERN_ID,CBP_CREATED_TIMESTAMP,CBP_UPDATED_TIMESTAMP,CBP_CONFIGURABLE,CBP_IS_PROJECT_SPECIFIC,IS_EXCEPTION,IS_LIST,IS_REGEX) values (11191200,'Mandatory Documentation Tag in External Call Transformation in Dataflow','VALUE_NOT_SET',null,'Mandatory Documentation Tag in External Call Transformation in Dataflow',null,null,'STRING',2000,to_date('27-JAN-22','DD-MON-RR'),to_date('27-JAN-22','DD-MON-RR'),'Y','N',null,null,null);
Insert into CBP_PARAMETER (CBP_PARAMETER_ID,CBP_PARAMETER_NAME,CBP_PARAMETER_DEFAULT_VALUE,CBP_PARAMETER_SITE_VALUE,CBP_PARAMETER_DESCRIPTION,CBP_PARAMETER_KEYWORD,CBP_PARAMETER_PLACE_HOLDER,CBP_PARAMETER_DATA_TYPE,CBP_PATTERN_ID,CBP_CREATED_TIMESTAMP,CBP_UPDATED_TIMESTAMP,CBP_CONFIGURABLE,CBP_IS_PROJECT_SPECIFIC,IS_EXCEPTION,IS_LIST,IS_REGEX) values (11191201,'Mandatory Documentation Tag in Flatten Transformation in Dataflow','VALUE_NOT_SET',null,'Mandatory Documentation Tag in Flatten Transformation in Dataflow',null,null,'STRING',2000,to_date('27-JAN-22','DD-MON-RR'),to_date('27-JAN-22','DD-MON-RR'),'Y','N',null,null,null);
Insert into CBP_PARAMETER (CBP_PARAMETER_ID,CBP_PARAMETER_NAME,CBP_PARAMETER_DEFAULT_VALUE,CBP_PARAMETER_SITE_VALUE,CBP_PARAMETER_DESCRIPTION,CBP_PARAMETER_KEYWORD,CBP_PARAMETER_PLACE_HOLDER,CBP_PARAMETER_DATA_TYPE,CBP_PATTERN_ID,CBP_CREATED_TIMESTAMP,CBP_UPDATED_TIMESTAMP,CBP_CONFIGURABLE,CBP_IS_PROJECT_SPECIFIC,IS_EXCEPTION,IS_LIST,IS_REGEX) values (11191202,'Mandatory Documentation Tag in Parse Transformation in Dataflow','VALUE_NOT_SET',null,'Mandatory Documentation Tag in Parse Transformation in Dataflow',null,null,'STRING',2000,to_date('27-JAN-22','DD-MON-RR'),to_date('27-JAN-22','DD-MON-RR'),'Y','N',null,null,null);
Insert into CBP_PARAMETER (CBP_PARAMETER_ID,CBP_PARAMETER_NAME,CBP_PARAMETER_DEFAULT_VALUE,CBP_PARAMETER_SITE_VALUE,CBP_PARAMETER_DESCRIPTION,CBP_PARAMETER_KEYWORD,CBP_PARAMETER_PLACE_HOLDER,CBP_PARAMETER_DATA_TYPE,CBP_PATTERN_ID,CBP_CREATED_TIMESTAMP,CBP_UPDATED_TIMESTAMP,CBP_CONFIGURABLE,CBP_IS_PROJECT_SPECIFIC,IS_EXCEPTION,IS_LIST,IS_REGEX) values (11191203,'Mandatory Documentation Tag in Stringify Transformation in Dataflow','VALUE_NOT_SET',null,'Mandatory Documentation Tag in Stringify Transformation in Dataflow',null,null,'STRING',2000,to_date('27-JAN-22','DD-MON-RR'),to_date('27-JAN-22','DD-MON-RR'),'Y','N',null,null,null);
Insert into CBP_PARAMETER (CBP_PARAMETER_ID,CBP_PARAMETER_NAME,CBP_PARAMETER_DEFAULT_VALUE,CBP_PARAMETER_SITE_VALUE,CBP_PARAMETER_DESCRIPTION,CBP_PARAMETER_KEYWORD,CBP_PARAMETER_PLACE_HOLDER,CBP_PARAMETER_DATA_TYPE,CBP_PATTERN_ID,CBP_CREATED_TIMESTAMP,CBP_UPDATED_TIMESTAMP,CBP_CONFIGURABLE,CBP_IS_PROJECT_SPECIFIC,IS_EXCEPTION,IS_LIST,IS_REGEX) values (11191204,'Mandatory Documentation Tag in Filter Transformation in Dataflow','VALUE_NOT_SET',null,'Mandatory Documentation Tag in Filter Transformation in Dataflow',null,null,'STRING',2000,to_date('27-JAN-22','DD-MON-RR'),to_date('27-JAN-22','DD-MON-RR'),'Y','N',null,null,null);
Insert into CBP_PARAMETER (CBP_PARAMETER_ID,CBP_PARAMETER_NAME,CBP_PARAMETER_DEFAULT_VALUE,CBP_PARAMETER_SITE_VALUE,CBP_PARAMETER_DESCRIPTION,CBP_PARAMETER_KEYWORD,CBP_PARAMETER_PLACE_HOLDER,CBP_PARAMETER_DATA_TYPE,CBP_PATTERN_ID,CBP_CREATED_TIMESTAMP,CBP_UPDATED_TIMESTAMP,CBP_CONFIGURABLE,CBP_IS_PROJECT_SPECIFIC,IS_EXCEPTION,IS_LIST,IS_REGEX) values (11191205,'Mandatory Documentation Tag in Sort Transformation in Dataflow','VALUE_NOT_SET',null,'Mandatory Documentation Tag in Sort Transformation in Dataflow',null,null,'STRING',2000,to_date('27-JAN-22','DD-MON-RR'),to_date('27-JAN-22','DD-MON-RR'),'Y','N',null,null,null);
Insert into CBP_PARAMETER (CBP_PARAMETER_ID,CBP_PARAMETER_NAME,CBP_PARAMETER_DEFAULT_VALUE,CBP_PARAMETER_SITE_VALUE,CBP_PARAMETER_DESCRIPTION,CBP_PARAMETER_KEYWORD,CBP_PARAMETER_PLACE_HOLDER,CBP_PARAMETER_DATA_TYPE,CBP_PATTERN_ID,CBP_CREATED_TIMESTAMP,CBP_UPDATED_TIMESTAMP,CBP_CONFIGURABLE,CBP_IS_PROJECT_SPECIFIC,IS_EXCEPTION,IS_LIST,IS_REGEX) values (11191206,'Mandatory Documentation Tag in Alter Row Transformation in Dataflow','VALUE_NOT_SET',null,'Mandatory Documentation Tag in Alter Row Transformation in Dataflow',null,null,'STRING',2000,to_date('27-JAN-22','DD-MON-RR'),to_date('27-JAN-22','DD-MON-RR'),'Y','N',null,null,null);
Insert into CBP_PARAMETER (CBP_PARAMETER_ID,CBP_PARAMETER_NAME,CBP_PARAMETER_DEFAULT_VALUE,CBP_PARAMETER_SITE_VALUE,CBP_PARAMETER_DESCRIPTION,CBP_PARAMETER_KEYWORD,CBP_PARAMETER_PLACE_HOLDER,CBP_PARAMETER_DATA_TYPE,CBP_PATTERN_ID,CBP_CREATED_TIMESTAMP,CBP_UPDATED_TIMESTAMP,CBP_CONFIGURABLE,CBP_IS_PROJECT_SPECIFIC,IS_EXCEPTION,IS_LIST,IS_REGEX) values (11191207,'Mandatory Documentation Tag in Assert Transformation in Dataflow','VALUE_NOT_SET',null,'Mandatory Documentation Tag in Assert Transformation in Dataflow',null,null,'STRING',2000,to_date('27-JAN-22','DD-MON-RR'),to_date('27-JAN-22','DD-MON-RR'),'Y','N',null,null,null);
Insert into CBP_PARAMETER (CBP_PARAMETER_ID,CBP_PARAMETER_NAME,CBP_PARAMETER_DEFAULT_VALUE,CBP_PARAMETER_SITE_VALUE,CBP_PARAMETER_DESCRIPTION,CBP_PARAMETER_KEYWORD,CBP_PARAMETER_PLACE_HOLDER,CBP_PARAMETER_DATA_TYPE,CBP_PATTERN_ID,CBP_CREATED_TIMESTAMP,CBP_UPDATED_TIMESTAMP,CBP_CONFIGURABLE,CBP_IS_PROJECT_SPECIFIC,IS_EXCEPTION,IS_LIST,IS_REGEX) values (11191208,'Mandatory Documentation Tag in Flowlet Transformation in Dataflow','VALUE_NOT_SET',null,'Mandatory Documentation Tag in Flowlet Transformation in Dataflow',null,null,'STRING',2000,to_date('27-JAN-22','DD-MON-RR'),to_date('27-JAN-22','DD-MON-RR'),'Y','N',null,null,null);
Insert into CBP_PARAMETER (CBP_PARAMETER_ID,CBP_PARAMETER_NAME,CBP_PARAMETER_DEFAULT_VALUE,CBP_PARAMETER_SITE_VALUE,CBP_PARAMETER_DESCRIPTION,CBP_PARAMETER_KEYWORD,CBP_PARAMETER_PLACE_HOLDER,CBP_PARAMETER_DATA_TYPE,CBP_PATTERN_ID,CBP_CREATED_TIMESTAMP,CBP_UPDATED_TIMESTAMP,CBP_CONFIGURABLE,CBP_IS_PROJECT_SPECIFIC,IS_EXCEPTION,IS_LIST,IS_REGEX) values (11191209,'Mandatory Documentation Tag in Sink Transformation in Dataflow','VALUE_NOT_SET',null,'Mandatory Documentation Tag in Sink Transformation in Dataflow',null,null,'STRING',2000,to_date('27-JAN-22','DD-MON-RR'),to_date('27-JAN-22','DD-MON-RR'),'Y','N',null,null,null);
Insert into CBP_PARAMETER (CBP_PARAMETER_ID,CBP_PARAMETER_NAME,CBP_PARAMETER_DEFAULT_VALUE,CBP_PARAMETER_SITE_VALUE,CBP_PARAMETER_DESCRIPTION,CBP_PARAMETER_KEYWORD,CBP_PARAMETER_PLACE_HOLDER,CBP_PARAMETER_DATA_TYPE,CBP_PATTERN_ID,CBP_CREATED_TIMESTAMP,CBP_UPDATED_TIMESTAMP,CBP_CONFIGURABLE,CBP_IS_PROJECT_SPECIFIC,IS_EXCEPTION,IS_LIST,IS_REGEX) values (11191222,'Pipeline Maximum Number of Retry attempts - Low Threshold','-1',null,'Pipeline Maximum Number of Retry attempts - Low Threshold',null,null,'NUMBER',null,to_date('27-JAN-22','DD-MON-RR'),to_date('27-JAN-22','DD-MON-RR'),'Y','N',null,null,null);
Insert into CBP_PARAMETER (CBP_PARAMETER_ID,CBP_PARAMETER_NAME,CBP_PARAMETER_DEFAULT_VALUE,CBP_PARAMETER_SITE_VALUE,CBP_PARAMETER_DESCRIPTION,CBP_PARAMETER_KEYWORD,CBP_PARAMETER_PLACE_HOLDER,CBP_PARAMETER_DATA_TYPE,CBP_PATTERN_ID,CBP_CREATED_TIMESTAMP,CBP_UPDATED_TIMESTAMP,CBP_CONFIGURABLE,CBP_IS_PROJECT_SPECIFIC,IS_EXCEPTION,IS_LIST,IS_REGEX) values (11191223,'Pipeline Maximum Number of Retry attempts - High Threshold','9999999',null,'Pipeline Maximum Number of Retry attempts - High Threshold',null,null,'NUMBER',null,to_date('27-JAN-22','DD-MON-RR'),to_date('27-JAN-22','DD-MON-RR'),'Y','N',null,null,null);
Insert into CBP_PARAMETER (CBP_PARAMETER_ID,CBP_PARAMETER_NAME,CBP_PARAMETER_DEFAULT_VALUE,CBP_PARAMETER_SITE_VALUE,CBP_PARAMETER_DESCRIPTION,CBP_PARAMETER_KEYWORD,CBP_PARAMETER_PLACE_HOLDER,CBP_PARAMETER_DATA_TYPE,CBP_PATTERN_ID,CBP_CREATED_TIMESTAMP,CBP_UPDATED_TIMESTAMP,CBP_CONFIGURABLE,CBP_IS_PROJECT_SPECIFIC,IS_EXCEPTION,IS_LIST,IS_REGEX) values (11191224,'Pipeline Retry interval - Low Threshold','-1',null,'Pipeline Retry interval - Low Threshold',null,null,'NUMBER',null,to_date('27-JAN-22','DD-MON-RR'),to_date('27-JAN-22','DD-MON-RR'),'Y','N',null,null,null);
Insert into CBP_PARAMETER (CBP_PARAMETER_ID,CBP_PARAMETER_NAME,CBP_PARAMETER_DEFAULT_VALUE,CBP_PARAMETER_SITE_VALUE,CBP_PARAMETER_DESCRIPTION,CBP_PARAMETER_KEYWORD,CBP_PARAMETER_PLACE_HOLDER,CBP_PARAMETER_DATA_TYPE,CBP_PATTERN_ID,CBP_CREATED_TIMESTAMP,CBP_UPDATED_TIMESTAMP,CBP_CONFIGURABLE,CBP_IS_PROJECT_SPECIFIC,IS_EXCEPTION,IS_LIST,IS_REGEX) values (11191225,'Pipeline Retry interval - High Threshold','9999999',null,'Pipeline Retry interval - High Threshold',null,null,'NUMBER',null,to_date('27-JAN-22','DD-MON-RR'),to_date('27-JAN-22','DD-MON-RR'),'Y','N',null,null,null);

Insert into CBP_RULE_PARAMETER (CBP_RULE_ID,CBP_PARAMETER_ID,CBP_CREATED_TIMESTAMP,CBP_UPDATED_TIMESTAMP) values (11191111,11191111,to_date('28-DEC-09','DD-MON-RR'),to_date('28-DEC-09','DD-MON-RR'));
Insert into CBP_RULE_PARAMETER (CBP_RULE_ID,CBP_PARAMETER_ID,CBP_CREATED_TIMESTAMP,CBP_UPDATED_TIMESTAMP) values (11191112,11191112,to_date('28-DEC-09','DD-MON-RR'),to_date('28-DEC-09','DD-MON-RR'));
Insert into CBP_RULE_PARAMETER (CBP_RULE_ID,CBP_PARAMETER_ID,CBP_CREATED_TIMESTAMP,CBP_UPDATED_TIMESTAMP) values (11191113,11191113,to_date('28-DEC-09','DD-MON-RR'),to_date('28-DEC-09','DD-MON-RR'));
Insert into CBP_RULE_PARAMETER (CBP_RULE_ID,CBP_PARAMETER_ID,CBP_CREATED_TIMESTAMP,CBP_UPDATED_TIMESTAMP) values (11191114,11191114,to_date('28-DEC-09','DD-MON-RR'),to_date('28-DEC-09','DD-MON-RR'));
Insert into CBP_RULE_PARAMETER (CBP_RULE_ID,CBP_PARAMETER_ID,CBP_CREATED_TIMESTAMP,CBP_UPDATED_TIMESTAMP) values (11191115,11191115,to_date('28-DEC-09','DD-MON-RR'),to_date('28-DEC-09','DD-MON-RR'));
Insert into CBP_RULE_PARAMETER (CBP_RULE_ID,CBP_PARAMETER_ID,CBP_CREATED_TIMESTAMP,CBP_UPDATED_TIMESTAMP) values (11191116,11191116,to_date('28-DEC-09','DD-MON-RR'),to_date('28-DEC-09','DD-MON-RR'));
Insert into CBP_RULE_PARAMETER (CBP_RULE_ID,CBP_PARAMETER_ID,CBP_CREATED_TIMESTAMP,CBP_UPDATED_TIMESTAMP) values (11191117,11191117,to_date('28-DEC-09','DD-MON-RR'),to_date('28-DEC-09','DD-MON-RR'));
Insert into CBP_RULE_PARAMETER (CBP_RULE_ID,CBP_PARAMETER_ID,CBP_CREATED_TIMESTAMP,CBP_UPDATED_TIMESTAMP) values (11191118,11191118,to_date('28-DEC-09','DD-MON-RR'),to_date('28-DEC-09','DD-MON-RR'));
Insert into CBP_RULE_PARAMETER (CBP_RULE_ID,CBP_PARAMETER_ID,CBP_CREATED_TIMESTAMP,CBP_UPDATED_TIMESTAMP) values (11191119,11191119,to_date('28-DEC-09','DD-MON-RR'),to_date('28-DEC-09','DD-MON-RR'));
Insert into CBP_RULE_PARAMETER (CBP_RULE_ID,CBP_PARAMETER_ID,CBP_CREATED_TIMESTAMP,CBP_UPDATED_TIMESTAMP) values (11191120,11191120,to_date('28-DEC-09','DD-MON-RR'),to_date('28-DEC-09','DD-MON-RR'));
Insert into CBP_RULE_PARAMETER (CBP_RULE_ID,CBP_PARAMETER_ID,CBP_CREATED_TIMESTAMP,CBP_UPDATED_TIMESTAMP) values (11191121,11191121,to_date('28-DEC-09','DD-MON-RR'),to_date('28-DEC-09','DD-MON-RR'));
Insert into CBP_RULE_PARAMETER (CBP_RULE_ID,CBP_PARAMETER_ID,CBP_CREATED_TIMESTAMP,CBP_UPDATED_TIMESTAMP) values (11191122,11191122,to_date('28-DEC-09','DD-MON-RR'),to_date('28-DEC-09','DD-MON-RR'));
Insert into CBP_RULE_PARAMETER (CBP_RULE_ID,CBP_PARAMETER_ID,CBP_CREATED_TIMESTAMP,CBP_UPDATED_TIMESTAMP) values (11191123,11191123,to_date('28-DEC-09','DD-MON-RR'),to_date('28-DEC-09','DD-MON-RR'));
Insert into CBP_RULE_PARAMETER (CBP_RULE_ID,CBP_PARAMETER_ID,CBP_CREATED_TIMESTAMP,CBP_UPDATED_TIMESTAMP) values (11191124,11191124,to_date('28-DEC-09','DD-MON-RR'),to_date('28-DEC-09','DD-MON-RR'));
Insert into CBP_RULE_PARAMETER (CBP_RULE_ID,CBP_PARAMETER_ID,CBP_CREATED_TIMESTAMP,CBP_UPDATED_TIMESTAMP) values (11191125,11191125,to_date('28-DEC-09','DD-MON-RR'),to_date('28-DEC-09','DD-MON-RR'));
Insert into CBP_RULE_PARAMETER (CBP_RULE_ID,CBP_PARAMETER_ID,CBP_CREATED_TIMESTAMP,CBP_UPDATED_TIMESTAMP) values (11191126,11191126,to_date('28-DEC-09','DD-MON-RR'),to_date('28-DEC-09','DD-MON-RR'));
Insert into CBP_RULE_PARAMETER (CBP_RULE_ID,CBP_PARAMETER_ID,CBP_CREATED_TIMESTAMP,CBP_UPDATED_TIMESTAMP) values (11191127,11191127,to_date('28-DEC-09','DD-MON-RR'),to_date('28-DEC-09','DD-MON-RR'));
Insert into CBP_RULE_PARAMETER (CBP_RULE_ID,CBP_PARAMETER_ID,CBP_CREATED_TIMESTAMP,CBP_UPDATED_TIMESTAMP) values (11191128,11191128,to_date('28-DEC-09','DD-MON-RR'),to_date('28-DEC-09','DD-MON-RR'));
Insert into CBP_RULE_PARAMETER (CBP_RULE_ID,CBP_PARAMETER_ID,CBP_CREATED_TIMESTAMP,CBP_UPDATED_TIMESTAMP) values (11191129,11191129,to_date('28-DEC-09','DD-MON-RR'),to_date('28-DEC-09','DD-MON-RR'));
Insert into CBP_RULE_PARAMETER (CBP_RULE_ID,CBP_PARAMETER_ID,CBP_CREATED_TIMESTAMP,CBP_UPDATED_TIMESTAMP) values (11191130,11191130,to_date('28-DEC-09','DD-MON-RR'),to_date('28-DEC-09','DD-MON-RR'));
Insert into CBP_RULE_PARAMETER (CBP_RULE_ID,CBP_PARAMETER_ID,CBP_CREATED_TIMESTAMP,CBP_UPDATED_TIMESTAMP) values (11191131,11191131,to_date('28-DEC-09','DD-MON-RR'),to_date('28-DEC-09','DD-MON-RR'));
Insert into CBP_RULE_PARAMETER (CBP_RULE_ID,CBP_PARAMETER_ID,CBP_CREATED_TIMESTAMP,CBP_UPDATED_TIMESTAMP) values (11191132,11191132,to_date('28-DEC-09','DD-MON-RR'),to_date('28-DEC-09','DD-MON-RR'));
Insert into CBP_RULE_PARAMETER (CBP_RULE_ID,CBP_PARAMETER_ID,CBP_CREATED_TIMESTAMP,CBP_UPDATED_TIMESTAMP) values (11191133,11191133,to_date('28-DEC-09','DD-MON-RR'),to_date('28-DEC-09','DD-MON-RR'));
Insert into CBP_RULE_PARAMETER (CBP_RULE_ID,CBP_PARAMETER_ID,CBP_CREATED_TIMESTAMP,CBP_UPDATED_TIMESTAMP) values (11191134,11191134,to_date('28-DEC-09','DD-MON-RR'),to_date('28-DEC-09','DD-MON-RR'));
Insert into CBP_RULE_PARAMETER (CBP_RULE_ID,CBP_PARAMETER_ID,CBP_CREATED_TIMESTAMP,CBP_UPDATED_TIMESTAMP) values (11191135,11191135,to_date('28-DEC-09','DD-MON-RR'),to_date('28-DEC-09','DD-MON-RR'));
Insert into CBP_RULE_PARAMETER (CBP_RULE_ID,CBP_PARAMETER_ID,CBP_CREATED_TIMESTAMP,CBP_UPDATED_TIMESTAMP) values (11191136,11191136,to_date('28-DEC-09','DD-MON-RR'),to_date('28-DEC-09','DD-MON-RR'));
Insert into CBP_RULE_PARAMETER (CBP_RULE_ID,CBP_PARAMETER_ID,CBP_CREATED_TIMESTAMP,CBP_UPDATED_TIMESTAMP) values (11191137,11191137,to_date('28-DEC-09','DD-MON-RR'),to_date('28-DEC-09','DD-MON-RR'));
Insert into CBP_RULE_PARAMETER (CBP_RULE_ID,CBP_PARAMETER_ID,CBP_CREATED_TIMESTAMP,CBP_UPDATED_TIMESTAMP) values (11191138,11191138,to_date('28-DEC-09','DD-MON-RR'),to_date('28-DEC-09','DD-MON-RR'));
Insert into CBP_RULE_PARAMETER (CBP_RULE_ID,CBP_PARAMETER_ID,CBP_CREATED_TIMESTAMP,CBP_UPDATED_TIMESTAMP) values (11191139,11191139,to_date('28-DEC-09','DD-MON-RR'),to_date('28-DEC-09','DD-MON-RR'));
Insert into CBP_RULE_PARAMETER (CBP_RULE_ID,CBP_PARAMETER_ID,CBP_CREATED_TIMESTAMP,CBP_UPDATED_TIMESTAMP) values (11191140,11191140,to_date('28-DEC-09','DD-MON-RR'),to_date('28-DEC-09','DD-MON-RR'));
Insert into CBP_RULE_PARAMETER (CBP_RULE_ID,CBP_PARAMETER_ID,CBP_CREATED_TIMESTAMP,CBP_UPDATED_TIMESTAMP) values (11191141,11191141,to_date('28-DEC-09','DD-MON-RR'),to_date('28-DEC-09','DD-MON-RR'));
Insert into CBP_RULE_PARAMETER (CBP_RULE_ID,CBP_PARAMETER_ID,CBP_CREATED_TIMESTAMP,CBP_UPDATED_TIMESTAMP) values (11191142,11191142,to_date('28-DEC-09','DD-MON-RR'),to_date('28-DEC-09','DD-MON-RR'));
Insert into CBP_RULE_PARAMETER (CBP_RULE_ID,CBP_PARAMETER_ID,CBP_CREATED_TIMESTAMP,CBP_UPDATED_TIMESTAMP) values (11191143,11191143,to_date('28-DEC-09','DD-MON-RR'),to_date('28-DEC-09','DD-MON-RR'));
Insert into CBP_RULE_PARAMETER (CBP_RULE_ID,CBP_PARAMETER_ID,CBP_CREATED_TIMESTAMP,CBP_UPDATED_TIMESTAMP) values (11191144,11191144,to_date('28-DEC-09','DD-MON-RR'),to_date('28-DEC-09','DD-MON-RR'));
Insert into CBP_RULE_PARAMETER (CBP_RULE_ID,CBP_PARAMETER_ID,CBP_CREATED_TIMESTAMP,CBP_UPDATED_TIMESTAMP) values (11191145,11191145,to_date('28-DEC-09','DD-MON-RR'),to_date('28-DEC-09','DD-MON-RR'));
Insert into CBP_RULE_PARAMETER (CBP_RULE_ID,CBP_PARAMETER_ID,CBP_CREATED_TIMESTAMP,CBP_UPDATED_TIMESTAMP) values (11191146,11191146,to_date('28-DEC-09','DD-MON-RR'),to_date('28-DEC-09','DD-MON-RR'));
Insert into CBP_RULE_PARAMETER (CBP_RULE_ID,CBP_PARAMETER_ID,CBP_CREATED_TIMESTAMP,CBP_UPDATED_TIMESTAMP) values (11191147,11191147,to_date('28-DEC-09','DD-MON-RR'),to_date('28-DEC-09','DD-MON-RR'));
Insert into CBP_RULE_PARAMETER (CBP_RULE_ID,CBP_PARAMETER_ID,CBP_CREATED_TIMESTAMP,CBP_UPDATED_TIMESTAMP) values (11191148,11191148,to_date('28-DEC-09','DD-MON-RR'),to_date('28-DEC-09','DD-MON-RR'));
Insert into CBP_RULE_PARAMETER (CBP_RULE_ID,CBP_PARAMETER_ID,CBP_CREATED_TIMESTAMP,CBP_UPDATED_TIMESTAMP) values (11191149,11191149,to_date('28-DEC-09','DD-MON-RR'),to_date('28-DEC-09','DD-MON-RR'));
Insert into CBP_RULE_PARAMETER (CBP_RULE_ID,CBP_PARAMETER_ID,CBP_CREATED_TIMESTAMP,CBP_UPDATED_TIMESTAMP) values (11191150,11191150,to_date('28-DEC-09','DD-MON-RR'),to_date('28-DEC-09','DD-MON-RR'));
Insert into CBP_RULE_PARAMETER (CBP_RULE_ID,CBP_PARAMETER_ID,CBP_CREATED_TIMESTAMP,CBP_UPDATED_TIMESTAMP) values (11191151,11191151,to_date('28-DEC-09','DD-MON-RR'),to_date('28-DEC-09','DD-MON-RR'));
Insert into CBP_RULE_PARAMETER (CBP_RULE_ID,CBP_PARAMETER_ID,CBP_CREATED_TIMESTAMP,CBP_UPDATED_TIMESTAMP) values (11191152,11191152,to_date('28-DEC-09','DD-MON-RR'),to_date('28-DEC-09','DD-MON-RR'));
Insert into CBP_RULE_PARAMETER (CBP_RULE_ID,CBP_PARAMETER_ID,CBP_CREATED_TIMESTAMP,CBP_UPDATED_TIMESTAMP) values (11191153,11191153,to_date('28-DEC-09','DD-MON-RR'),to_date('28-DEC-09','DD-MON-RR'));
Insert into CBP_RULE_PARAMETER (CBP_RULE_ID,CBP_PARAMETER_ID,CBP_CREATED_TIMESTAMP,CBP_UPDATED_TIMESTAMP) values (11191154,11191154,to_date('28-DEC-09','DD-MON-RR'),to_date('28-DEC-09','DD-MON-RR'));
Insert into CBP_RULE_PARAMETER (CBP_RULE_ID,CBP_PARAMETER_ID,CBP_CREATED_TIMESTAMP,CBP_UPDATED_TIMESTAMP) values (11191155,11191155,to_date('28-DEC-09','DD-MON-RR'),to_date('28-DEC-09','DD-MON-RR'));
Insert into CBP_RULE_PARAMETER (CBP_RULE_ID,CBP_PARAMETER_ID,CBP_CREATED_TIMESTAMP,CBP_UPDATED_TIMESTAMP) values (11191156,11191156,to_date('28-DEC-09','DD-MON-RR'),to_date('28-DEC-09','DD-MON-RR'));
Insert into CBP_RULE_PARAMETER (CBP_RULE_ID,CBP_PARAMETER_ID,CBP_CREATED_TIMESTAMP,CBP_UPDATED_TIMESTAMP) values (11191157,11191157,to_date('28-DEC-09','DD-MON-RR'),to_date('28-DEC-09','DD-MON-RR'));
Insert into CBP_RULE_PARAMETER (CBP_RULE_ID,CBP_PARAMETER_ID,CBP_CREATED_TIMESTAMP,CBP_UPDATED_TIMESTAMP) values (11191158,11191158,to_date('28-DEC-09','DD-MON-RR'),to_date('28-DEC-09','DD-MON-RR'));
Insert into CBP_RULE_PARAMETER (CBP_RULE_ID,CBP_PARAMETER_ID,CBP_CREATED_TIMESTAMP,CBP_UPDATED_TIMESTAMP) values (11191159,11191159,to_date('28-DEC-09','DD-MON-RR'),to_date('28-DEC-09','DD-MON-RR'));
Insert into CBP_RULE_PARAMETER (CBP_RULE_ID,CBP_PARAMETER_ID,CBP_CREATED_TIMESTAMP,CBP_UPDATED_TIMESTAMP) values (11191160,11191160,to_date('28-DEC-09','DD-MON-RR'),to_date('28-DEC-09','DD-MON-RR'));
Insert into CBP_RULE_PARAMETER (CBP_RULE_ID,CBP_PARAMETER_ID,CBP_CREATED_TIMESTAMP,CBP_UPDATED_TIMESTAMP) values (11191161,11191161,to_date('28-DEC-09','DD-MON-RR'),to_date('28-DEC-09','DD-MON-RR'));
Insert into CBP_RULE_PARAMETER (CBP_RULE_ID,CBP_PARAMETER_ID,CBP_CREATED_TIMESTAMP,CBP_UPDATED_TIMESTAMP) values (11191186,11191186,to_date('28-DEC-09','DD-MON-RR'),to_date('28-DEC-09','DD-MON-RR'));
Insert into CBP_RULE_PARAMETER (CBP_RULE_ID,CBP_PARAMETER_ID,CBP_CREATED_TIMESTAMP,CBP_UPDATED_TIMESTAMP) values (11191187,11191187,to_date('28-DEC-09','DD-MON-RR'),to_date('28-DEC-09','DD-MON-RR'));
Insert into CBP_RULE_PARAMETER (CBP_RULE_ID,CBP_PARAMETER_ID,CBP_CREATED_TIMESTAMP,CBP_UPDATED_TIMESTAMP) values (11191188,11191188,to_date('28-DEC-09','DD-MON-RR'),to_date('28-DEC-09','DD-MON-RR'));
Insert into CBP_RULE_PARAMETER (CBP_RULE_ID,CBP_PARAMETER_ID,CBP_CREATED_TIMESTAMP,CBP_UPDATED_TIMESTAMP) values (11191189,11191189,to_date('28-DEC-09','DD-MON-RR'),to_date('28-DEC-09','DD-MON-RR'));
Insert into CBP_RULE_PARAMETER (CBP_RULE_ID,CBP_PARAMETER_ID,CBP_CREATED_TIMESTAMP,CBP_UPDATED_TIMESTAMP) values (11191190,11191190,to_date('28-DEC-09','DD-MON-RR'),to_date('28-DEC-09','DD-MON-RR'));
Insert into CBP_RULE_PARAMETER (CBP_RULE_ID,CBP_PARAMETER_ID,CBP_CREATED_TIMESTAMP,CBP_UPDATED_TIMESTAMP) values (11191191,11191191,to_date('28-DEC-09','DD-MON-RR'),to_date('28-DEC-09','DD-MON-RR'));
Insert into CBP_RULE_PARAMETER (CBP_RULE_ID,CBP_PARAMETER_ID,CBP_CREATED_TIMESTAMP,CBP_UPDATED_TIMESTAMP) values (11191192,11191192,to_date('28-DEC-09','DD-MON-RR'),to_date('28-DEC-09','DD-MON-RR'));
Insert into CBP_RULE_PARAMETER (CBP_RULE_ID,CBP_PARAMETER_ID,CBP_CREATED_TIMESTAMP,CBP_UPDATED_TIMESTAMP) values (11191193,11191193,to_date('28-DEC-09','DD-MON-RR'),to_date('28-DEC-09','DD-MON-RR'));
Insert into CBP_RULE_PARAMETER (CBP_RULE_ID,CBP_PARAMETER_ID,CBP_CREATED_TIMESTAMP,CBP_UPDATED_TIMESTAMP) values (11191194,11191194,to_date('28-DEC-09','DD-MON-RR'),to_date('28-DEC-09','DD-MON-RR'));
Insert into CBP_RULE_PARAMETER (CBP_RULE_ID,CBP_PARAMETER_ID,CBP_CREATED_TIMESTAMP,CBP_UPDATED_TIMESTAMP) values (11191195,11191195,to_date('28-DEC-09','DD-MON-RR'),to_date('28-DEC-09','DD-MON-RR'));
Insert into CBP_RULE_PARAMETER (CBP_RULE_ID,CBP_PARAMETER_ID,CBP_CREATED_TIMESTAMP,CBP_UPDATED_TIMESTAMP) values (11191196,11191196,to_date('28-DEC-09','DD-MON-RR'),to_date('28-DEC-09','DD-MON-RR'));
Insert into CBP_RULE_PARAMETER (CBP_RULE_ID,CBP_PARAMETER_ID,CBP_CREATED_TIMESTAMP,CBP_UPDATED_TIMESTAMP) values (11191197,11191197,to_date('28-DEC-09','DD-MON-RR'),to_date('28-DEC-09','DD-MON-RR'));
Insert into CBP_RULE_PARAMETER (CBP_RULE_ID,CBP_PARAMETER_ID,CBP_CREATED_TIMESTAMP,CBP_UPDATED_TIMESTAMP) values (11191198,11191198,to_date('28-DEC-09','DD-MON-RR'),to_date('28-DEC-09','DD-MON-RR'));
Insert into CBP_RULE_PARAMETER (CBP_RULE_ID,CBP_PARAMETER_ID,CBP_CREATED_TIMESTAMP,CBP_UPDATED_TIMESTAMP) values (11191199,11191199,to_date('28-DEC-09','DD-MON-RR'),to_date('28-DEC-09','DD-MON-RR'));
Insert into CBP_RULE_PARAMETER (CBP_RULE_ID,CBP_PARAMETER_ID,CBP_CREATED_TIMESTAMP,CBP_UPDATED_TIMESTAMP) values (11191200,11191200,to_date('28-DEC-09','DD-MON-RR'),to_date('28-DEC-09','DD-MON-RR'));
Insert into CBP_RULE_PARAMETER (CBP_RULE_ID,CBP_PARAMETER_ID,CBP_CREATED_TIMESTAMP,CBP_UPDATED_TIMESTAMP) values (11191201,11191201,to_date('28-DEC-09','DD-MON-RR'),to_date('28-DEC-09','DD-MON-RR'));
Insert into CBP_RULE_PARAMETER (CBP_RULE_ID,CBP_PARAMETER_ID,CBP_CREATED_TIMESTAMP,CBP_UPDATED_TIMESTAMP) values (11191202,11191202,to_date('28-DEC-09','DD-MON-RR'),to_date('28-DEC-09','DD-MON-RR'));
Insert into CBP_RULE_PARAMETER (CBP_RULE_ID,CBP_PARAMETER_ID,CBP_CREATED_TIMESTAMP,CBP_UPDATED_TIMESTAMP) values (11191203,11191203,to_date('28-DEC-09','DD-MON-RR'),to_date('28-DEC-09','DD-MON-RR'));
Insert into CBP_RULE_PARAMETER (CBP_RULE_ID,CBP_PARAMETER_ID,CBP_CREATED_TIMESTAMP,CBP_UPDATED_TIMESTAMP) values (11191204,11191204,to_date('28-DEC-09','DD-MON-RR'),to_date('28-DEC-09','DD-MON-RR'));
Insert into CBP_RULE_PARAMETER (CBP_RULE_ID,CBP_PARAMETER_ID,CBP_CREATED_TIMESTAMP,CBP_UPDATED_TIMESTAMP) values (11191205,11191205,to_date('28-DEC-09','DD-MON-RR'),to_date('28-DEC-09','DD-MON-RR'));
Insert into CBP_RULE_PARAMETER (CBP_RULE_ID,CBP_PARAMETER_ID,CBP_CREATED_TIMESTAMP,CBP_UPDATED_TIMESTAMP) values (11191206,11191206,to_date('28-DEC-09','DD-MON-RR'),to_date('28-DEC-09','DD-MON-RR'));
Insert into CBP_RULE_PARAMETER (CBP_RULE_ID,CBP_PARAMETER_ID,CBP_CREATED_TIMESTAMP,CBP_UPDATED_TIMESTAMP) values (11191207,11191207,to_date('28-DEC-09','DD-MON-RR'),to_date('28-DEC-09','DD-MON-RR'));
Insert into CBP_RULE_PARAMETER (CBP_RULE_ID,CBP_PARAMETER_ID,CBP_CREATED_TIMESTAMP,CBP_UPDATED_TIMESTAMP) values (11191208,11191208,to_date('28-DEC-09','DD-MON-RR'),to_date('28-DEC-09','DD-MON-RR'));
Insert into CBP_RULE_PARAMETER (CBP_RULE_ID,CBP_PARAMETER_ID,CBP_CREATED_TIMESTAMP,CBP_UPDATED_TIMESTAMP) values (11191209,11191209,to_date('28-DEC-09','DD-MON-RR'),to_date('28-DEC-09','DD-MON-RR'));
Insert into CBP_RULE_PARAMETER (CBP_RULE_ID,CBP_PARAMETER_ID,CBP_CREATED_TIMESTAMP,CBP_UPDATED_TIMESTAMP) values (11191222,11191222,to_date('28-DEC-09','DD-MON-RR'),to_date('28-DEC-09','DD-MON-RR'));
Insert into CBP_RULE_PARAMETER (CBP_RULE_ID,CBP_PARAMETER_ID,CBP_CREATED_TIMESTAMP,CBP_UPDATED_TIMESTAMP) values (11191222,11191223,to_date('28-DEC-09','DD-MON-RR'),to_date('28-DEC-09','DD-MON-RR'));
Insert into CBP_RULE_PARAMETER (CBP_RULE_ID,CBP_PARAMETER_ID,CBP_CREATED_TIMESTAMP,CBP_UPDATED_TIMESTAMP) values (11191224,11191224,to_date('28-DEC-09','DD-MON-RR'),to_date('28-DEC-09','DD-MON-RR'));
Insert into CBP_RULE_PARAMETER (CBP_RULE_ID,CBP_PARAMETER_ID,CBP_CREATED_TIMESTAMP,CBP_UPDATED_TIMESTAMP) values (11191224,11191225,to_date('28-DEC-09','DD-MON-RR'),to_date('28-DEC-09','DD-MON-RR'));

INSERT INTO CBP_RULE_CRITICALITY (CBP_RULE_ID,CBP_CRITICALITY_LEVEL_ID,CBP_CREATED_TIMESTAMP,CBP_UPDATED_TIMESTAMP) values (11191111,6,to_date('15-APR-19','DD-MON-RR'),to_date('15-APR-19','DD-MON-RR'));
INSERT INTO CBP_RULE_CRITICALITY (CBP_RULE_ID,CBP_CRITICALITY_LEVEL_ID,CBP_CREATED_TIMESTAMP,CBP_UPDATED_TIMESTAMP) values (11191112,6,to_date('15-APR-19','DD-MON-RR'),to_date('15-APR-19','DD-MON-RR'));

INSERT INTO CBP_RULE_CATEGORY (CBP_RULE_ID,CBP_CATEGORY_ID,CBP_CREATED_TIMESTAMP,CBP_UPDATED_TIMESTAMP) values (11191111,12,to_date('08-MAY-19','DD-MON-RR'),to_date('08-MAY-19','DD-MON-RR'));
INSERT INTO CBP_RULE_CATEGORY (CBP_RULE_ID,CBP_CATEGORY_ID,CBP_CREATED_TIMESTAMP,CBP_UPDATED_TIMESTAMP) values (11191112,12,to_date('08-MAY-19','DD-MON-RR'),to_date('08-MAY-19','DD-MON-RR'));

COMMIT;	

-- Batch 2 Added on 05JULY2022

INSERT INTO CBP_RULE (CBP_RULE_ID,CBP_RULE_SHORT_DESC,CBP_RULE_NAME,CBP_OBJECT_TYPE,CBP_CODE_TYPE_ID,CBP_IMP_TYPE_ID,CBP_CREATED_TIMESTAMP,CBP_UPDATED_TIMESTAMP,CBP_ADD_PARAM_ALLOWED,IS_DEPRECATED,DS_STAGE_TYPE,DS_ORCH_STAGE_IDENTIFIER,IS_DUMMY,IS_LEGACY,CBP_OBJECT_SUB_TYPE,EXCEPTION_COLUMN,ALLOW_EXCEPTIONS) values (11191226,'Dataflow has a Transformation with its Partition Option set to Single Partition','Dataflow has a Transformation with its Partition Option set to Single Partition','ADF - Dataflow',6100,13000,to_date('28-DEC-09','DD-MON-RR'),to_date('28-DEC-09','DD-MON-RR'),'N','N',null,null,'N','N','Y',null,null);
INSERT INTO CBP_RULE (CBP_RULE_ID,CBP_RULE_SHORT_DESC,CBP_RULE_NAME,CBP_OBJECT_TYPE,CBP_CODE_TYPE_ID,CBP_IMP_TYPE_ID,CBP_CREATED_TIMESTAMP,CBP_UPDATED_TIMESTAMP,CBP_ADD_PARAM_ALLOWED,IS_DEPRECATED,DS_STAGE_TYPE,DS_ORCH_STAGE_IDENTIFIER,IS_DUMMY,IS_LEGACY,CBP_OBJECT_SUB_TYPE,EXCEPTION_COLUMN,ALLOW_EXCEPTIONS) values (11191227,'Transformation Succeeding an Aggregator Transformation has its Partition Option set to Use Current Partition - Consider Reviewing','Transformation Succeeding an Aggregator Transformation has its Partition Option set to Use Current Partition - Consider Reviewing','ADF - Dataflow',6100,13000,to_date('28-DEC-09','DD-MON-RR'),to_date('28-DEC-09','DD-MON-RR'),'N','N',null,null,'N','N','Y',null,null);
INSERT INTO CBP_RULE (CBP_RULE_ID,CBP_RULE_SHORT_DESC,CBP_RULE_NAME,CBP_OBJECT_TYPE,CBP_CODE_TYPE_ID,CBP_IMP_TYPE_ID,CBP_CREATED_TIMESTAMP,CBP_UPDATED_TIMESTAMP,CBP_ADD_PARAM_ALLOWED,IS_DEPRECATED,DS_STAGE_TYPE,DS_ORCH_STAGE_IDENTIFIER,IS_DUMMY,IS_LEGACY,CBP_OBJECT_SUB_TYPE,EXCEPTION_COLUMN,ALLOW_EXCEPTIONS) values (11191228,'Transformation Succeeding a Join Transformation has its Partition Option set to Use Current Partition - Consider Reviewing','Transformation Succeeding a Join Transformation has its Partition Option set to Use Current Partition - Consider Reviewing','ADF - Dataflow',6100,13000,to_date('28-DEC-09','DD-MON-RR'),to_date('28-DEC-09','DD-MON-RR'),'N','N',null,null,'N','N','Y',null,null);
INSERT INTO CBP_RULE (CBP_RULE_ID,CBP_RULE_SHORT_DESC,CBP_RULE_NAME,CBP_OBJECT_TYPE,CBP_CODE_TYPE_ID,CBP_IMP_TYPE_ID,CBP_CREATED_TIMESTAMP,CBP_UPDATED_TIMESTAMP,CBP_ADD_PARAM_ALLOWED,IS_DEPRECATED,DS_STAGE_TYPE,DS_ORCH_STAGE_IDENTIFIER,IS_DUMMY,IS_LEGACY,CBP_OBJECT_SUB_TYPE,EXCEPTION_COLUMN,ALLOW_EXCEPTIONS) values (11191229,'Transformation Succeeding an SQL DB Source has its Partition Option set to Use Current Partition - Consider Reviewing','Transformation Succeeding an SQL DB Source has its Partition Option set to Use Current Partition - Consider Reviewing','ADF - Dataflow',6100,13000,to_date('28-DEC-09','DD-MON-RR'),to_date('28-DEC-09','DD-MON-RR'),'N','N',null,null,'N','N','Y',null,null);
INSERT INTO CBP_RULE (CBP_RULE_ID,CBP_RULE_SHORT_DESC,CBP_RULE_NAME,CBP_OBJECT_TYPE,CBP_CODE_TYPE_ID,CBP_IMP_TYPE_ID,CBP_CREATED_TIMESTAMP,CBP_UPDATED_TIMESTAMP,CBP_ADD_PARAM_ALLOWED,IS_DEPRECATED,DS_STAGE_TYPE,DS_ORCH_STAGE_IDENTIFIER,IS_DUMMY,IS_LEGACY,CBP_OBJECT_SUB_TYPE,EXCEPTION_COLUMN,ALLOW_EXCEPTIONS) values (11191233,'Dataflow has a Sink with its Partition set to Single Partition','Dataflow has a Sink with its Partition set to Single Partition','ADF - Dataflow',6100,13000,to_date('28-DEC-09','DD-MON-RR'),to_date('28-DEC-09','DD-MON-RR'),'N','N',null,null,'N','N','Y',null,null);
INSERT INTO CBP_RULE (CBP_RULE_ID,CBP_RULE_SHORT_DESC,CBP_RULE_NAME,CBP_OBJECT_TYPE,CBP_CODE_TYPE_ID,CBP_IMP_TYPE_ID,CBP_CREATED_TIMESTAMP,CBP_UPDATED_TIMESTAMP,CBP_ADD_PARAM_ALLOWED,IS_DEPRECATED,DS_STAGE_TYPE,DS_ORCH_STAGE_IDENTIFIER,IS_DUMMY,IS_LEGACY,CBP_OBJECT_SUB_TYPE,EXCEPTION_COLUMN,ALLOW_EXCEPTIONS) values (11191234,'Dataflow has a Sink with the option Allow Schema Drift disabled','Dataflow has a Sink with the option Allow Schema Drift disabled','ADF - Dataflow',6100,13000,to_date('28-DEC-09','DD-MON-RR'),to_date('28-DEC-09','DD-MON-RR'),'N','N',null,null,'N','N','Y',null,null);
INSERT INTO CBP_RULE (CBP_RULE_ID,CBP_RULE_SHORT_DESC,CBP_RULE_NAME,CBP_OBJECT_TYPE,CBP_CODE_TYPE_ID,CBP_IMP_TYPE_ID,CBP_CREATED_TIMESTAMP,CBP_UPDATED_TIMESTAMP,CBP_ADD_PARAM_ALLOWED,IS_DEPRECATED,DS_STAGE_TYPE,DS_ORCH_STAGE_IDENTIFIER,IS_DUMMY,IS_LEGACY,CBP_OBJECT_SUB_TYPE,EXCEPTION_COLUMN,ALLOW_EXCEPTIONS) values (11191235,'Dataflow has a Sink with the option Skip duplicate input Columns disabled','Dataflow has a Sink with the option Skip duplicate input Columns disabled','ADF - Dataflow',6100,13000,to_date('28-DEC-09','DD-MON-RR'),to_date('28-DEC-09','DD-MON-RR'),'N','N',null,null,'N','N','Y',null,null);
INSERT INTO CBP_RULE (CBP_RULE_ID,CBP_RULE_SHORT_DESC,CBP_RULE_NAME,CBP_OBJECT_TYPE,CBP_CODE_TYPE_ID,CBP_IMP_TYPE_ID,CBP_CREATED_TIMESTAMP,CBP_UPDATED_TIMESTAMP,CBP_ADD_PARAM_ALLOWED,IS_DEPRECATED,DS_STAGE_TYPE,DS_ORCH_STAGE_IDENTIFIER,IS_DUMMY,IS_LEGACY,CBP_OBJECT_SUB_TYPE,EXCEPTION_COLUMN,ALLOW_EXCEPTIONS) values (11191236,'Dataflow has a Sink with the option Skip duplicate output Columns disabled','Dataflow has a Sink with the option Skip duplicate output Columns disabled','ADF - Dataflow',6100,13000,to_date('28-DEC-09','DD-MON-RR'),to_date('28-DEC-09','DD-MON-RR'),'N','N',null,null,'N','N','Y',null,null);
INSERT INTO CBP_RULE (CBP_RULE_ID,CBP_RULE_SHORT_DESC,CBP_RULE_NAME,CBP_OBJECT_TYPE,CBP_CODE_TYPE_ID,CBP_IMP_TYPE_ID,CBP_CREATED_TIMESTAMP,CBP_UPDATED_TIMESTAMP,CBP_ADD_PARAM_ALLOWED,IS_DEPRECATED,DS_STAGE_TYPE,DS_ORCH_STAGE_IDENTIFIER,IS_DUMMY,IS_LEGACY,CBP_OBJECT_SUB_TYPE,EXCEPTION_COLUMN,ALLOW_EXCEPTIONS) values (11191237,'Dataflow has a Filter Transformation with a Complex Filter Condition','Dataflow has a Filter Transformation with a Complex Filter Condition','ADF - Dataflow',6100,13000,to_date('28-DEC-09','DD-MON-RR'),to_date('28-DEC-09','DD-MON-RR'),'N','N',null,null,'N','N','Y',null,null);
INSERT INTO CBP_RULE (CBP_RULE_ID,CBP_RULE_SHORT_DESC,CBP_RULE_NAME,CBP_OBJECT_TYPE,CBP_CODE_TYPE_ID,CBP_IMP_TYPE_ID,CBP_CREATED_TIMESTAMP,CBP_UPDATED_TIMESTAMP,CBP_ADD_PARAM_ALLOWED,IS_DEPRECATED,DS_STAGE_TYPE,DS_ORCH_STAGE_IDENTIFIER,IS_DUMMY,IS_LEGACY,CBP_OBJECT_SUB_TYPE,EXCEPTION_COLUMN,ALLOW_EXCEPTIONS) values (11191238,'Dataflow has a Sort Transformation that has Sort only within partition Option enabled while connected to a Sink only','Dataflow has a Sort Transformation that has Sort only within partition Option enabled while connected to a Sink only','ADF - Dataflow',6100,13000,to_date('28-DEC-09','DD-MON-RR'),to_date('28-DEC-09','DD-MON-RR'),'N','N',null,null,'N','N','Y',null,null);
INSERT INTO CBP_RULE (CBP_RULE_ID,CBP_RULE_SHORT_DESC,CBP_RULE_NAME,CBP_OBJECT_TYPE,CBP_CODE_TYPE_ID,CBP_IMP_TYPE_ID,CBP_CREATED_TIMESTAMP,CBP_UPDATED_TIMESTAMP,CBP_ADD_PARAM_ALLOWED,IS_DEPRECATED,DS_STAGE_TYPE,DS_ORCH_STAGE_IDENTIFIER,IS_DUMMY,IS_LEGACY,CBP_OBJECT_SUB_TYPE,EXCEPTION_COLUMN,ALLOW_EXCEPTIONS) values (11191239,'Dataflow has a Sort Transformation with Sort only within partition Option is enabled','Dataflow has a Sort Transformation with Sort only within partition Option is enabled','ADF - Dataflow',6100,13000,to_date('28-DEC-09','DD-MON-RR'),to_date('28-DEC-09','DD-MON-RR'),'N','N',null,null,'N','N','Y',null,null);
INSERT INTO CBP_RULE (CBP_RULE_ID,CBP_RULE_SHORT_DESC,CBP_RULE_NAME,CBP_OBJECT_TYPE,CBP_CODE_TYPE_ID,CBP_IMP_TYPE_ID,CBP_CREATED_TIMESTAMP,CBP_UPDATED_TIMESTAMP,CBP_ADD_PARAM_ALLOWED,IS_DEPRECATED,DS_STAGE_TYPE,DS_ORCH_STAGE_IDENTIFIER,IS_DUMMY,IS_LEGACY,CBP_OBJECT_SUB_TYPE,EXCEPTION_COLUMN,ALLOW_EXCEPTIONS) values (11191240,'Dataflow Cluster startup time is higher than the threshold','Dataflow Cluster startup time is higher than the threshold','ADF - Dataflow',6100,13000,to_date('28-DEC-09','DD-MON-RR'),to_date('28-DEC-09','DD-MON-RR'),'N','N',null,null,'N','N','Y',null,null);
INSERT INTO CBP_RULE (CBP_RULE_ID,CBP_RULE_SHORT_DESC,CBP_RULE_NAME,CBP_OBJECT_TYPE,CBP_CODE_TYPE_ID,CBP_IMP_TYPE_ID,CBP_CREATED_TIMESTAMP,CBP_UPDATED_TIMESTAMP,CBP_ADD_PARAM_ALLOWED,IS_DEPRECATED,DS_STAGE_TYPE,DS_ORCH_STAGE_IDENTIFIER,IS_DUMMY,IS_LEGACY,CBP_OBJECT_SUB_TYPE,EXCEPTION_COLUMN,ALLOW_EXCEPTIONS) values (11191241,'Dataflow has a Source that is taking the longest time - potential for optimizing the read time','Dataflow has a Source that is taking the longest time - potential for optimizing the read time','ADF - Dataflow',6100,13000,to_date('28-DEC-09','DD-MON-RR'),to_date('28-DEC-09','DD-MON-RR'),'N','N',null,null,'N','N','Y',null,null);
INSERT INTO CBP_RULE (CBP_RULE_ID,CBP_RULE_SHORT_DESC,CBP_RULE_NAME,CBP_OBJECT_TYPE,CBP_CODE_TYPE_ID,CBP_IMP_TYPE_ID,CBP_CREATED_TIMESTAMP,CBP_UPDATED_TIMESTAMP,CBP_ADD_PARAM_ALLOWED,IS_DEPRECATED,DS_STAGE_TYPE,DS_ORCH_STAGE_IDENTIFIER,IS_DUMMY,IS_LEGACY,CBP_OBJECT_SUB_TYPE,EXCEPTION_COLUMN,ALLOW_EXCEPTIONS) values (11191242,'Dataflow has a Sink that is taking the longest time - potential for optimizing the write time','Dataflow has a Sink that is taking the longest time - potential for optimizing the write time','ADF - Dataflow',6100,13000,to_date('28-DEC-09','DD-MON-RR'),to_date('28-DEC-09','DD-MON-RR'),'N','N',null,null,'N','N','Y',null,null);
INSERT INTO CBP_RULE (CBP_RULE_ID,CBP_RULE_SHORT_DESC,CBP_RULE_NAME,CBP_OBJECT_TYPE,CBP_CODE_TYPE_ID,CBP_IMP_TYPE_ID,CBP_CREATED_TIMESTAMP,CBP_UPDATED_TIMESTAMP,CBP_ADD_PARAM_ALLOWED,IS_DEPRECATED,DS_STAGE_TYPE,DS_ORCH_STAGE_IDENTIFIER,IS_DUMMY,IS_LEGACY,CBP_OBJECT_SUB_TYPE,EXCEPTION_COLUMN,ALLOW_EXCEPTIONS) values (11191243,'Dataflow has a Transformation that is taking the longest time - potential for optimizing the transformation logic, repartitioning or reviewing the integration run time','Dataflow has a Transformation that is taking the longest time - potential for optimizing the transformation logic, repartitioning or reviewing the integration run time','ADF - Dataflow',6100,13000,to_date('28-DEC-09','DD-MON-RR'),to_date('28-DEC-09','DD-MON-RR'),'N','N',null,null,'N','N','Y',null,null);
INSERT INTO CBP_RULE (CBP_RULE_ID,CBP_RULE_SHORT_DESC,CBP_RULE_NAME,CBP_OBJECT_TYPE,CBP_CODE_TYPE_ID,CBP_IMP_TYPE_ID,CBP_CREATED_TIMESTAMP,CBP_UPDATED_TIMESTAMP,CBP_ADD_PARAM_ALLOWED,IS_DEPRECATED,DS_STAGE_TYPE,DS_ORCH_STAGE_IDENTIFIER,IS_DUMMY,IS_LEGACY,CBP_OBJECT_SUB_TYPE,EXCEPTION_COLUMN,ALLOW_EXCEPTIONS) values (11191244,'Dataflow has Azure SQL Database Source that uses a Source Partition but the Number of Partitions is beyond the threshold','Dataflow has Azure SQL Database Source that uses a Source Partition but the Number of Partitions is beyond the threshold','ADF - Dataflow',6100,13000,to_date('28-DEC-09','DD-MON-RR'),to_date('28-DEC-09','DD-MON-RR'),'N','N',null,null,'N','N','Y',null,null);
INSERT INTO CBP_RULE (CBP_RULE_ID,CBP_RULE_SHORT_DESC,CBP_RULE_NAME,CBP_OBJECT_TYPE,CBP_CODE_TYPE_ID,CBP_IMP_TYPE_ID,CBP_CREATED_TIMESTAMP,CBP_UPDATED_TIMESTAMP,CBP_ADD_PARAM_ALLOWED,IS_DEPRECATED,DS_STAGE_TYPE,DS_ORCH_STAGE_IDENTIFIER,IS_DUMMY,IS_LEGACY,CBP_OBJECT_SUB_TYPE,EXCEPTION_COLUMN,ALLOW_EXCEPTIONS) values (11191245,'Dataflow has a Sort Transformation whose Partition Option is not Single Partition','Dataflow has a Sort Transformation whose Partition Option is not Single Partition','ADF - Dataflow',6100,13000,to_date('28-DEC-09','DD-MON-RR'),to_date('28-DEC-09','DD-MON-RR'),'N','N',null,null,'N','N','Y',null,null);
INSERT INTO CBP_RULE (CBP_RULE_ID,CBP_RULE_SHORT_DESC,CBP_RULE_NAME,CBP_OBJECT_TYPE,CBP_CODE_TYPE_ID,CBP_IMP_TYPE_ID,CBP_CREATED_TIMESTAMP,CBP_UPDATED_TIMESTAMP,CBP_ADD_PARAM_ALLOWED,IS_DEPRECATED,DS_STAGE_TYPE,DS_ORCH_STAGE_IDENTIFIER,IS_DUMMY,IS_LEGACY,CBP_OBJECT_SUB_TYPE,EXCEPTION_COLUMN,ALLOW_EXCEPTIONS) values (11191246,'Pipeline has a For-Each Activity on a set of files - recommend to use a Folder instead','Pipeline has a For-Each Activity on a set of files - recommend to use a Folder instead','ADF - Dataflow',6100,13000,to_date('28-DEC-09','DD-MON-RR'),to_date('28-DEC-09','DD-MON-RR'),'N','N',null,null,'N','N','Y',null,null);
INSERT INTO CBP_RULE (CBP_RULE_ID,CBP_RULE_SHORT_DESC,CBP_RULE_NAME,CBP_OBJECT_TYPE,CBP_CODE_TYPE_ID,CBP_IMP_TYPE_ID,CBP_CREATED_TIMESTAMP,CBP_UPDATED_TIMESTAMP,CBP_ADD_PARAM_ALLOWED,IS_DEPRECATED,DS_STAGE_TYPE,DS_ORCH_STAGE_IDENTIFIER,IS_DUMMY,IS_LEGACY,CBP_OBJECT_SUB_TYPE,EXCEPTION_COLUMN,ALLOW_EXCEPTIONS) values (11191247,'Dataflow has a Source whose file format is not Spark-native Parquet format','Dataflow has a Source whose file format is not Spark-native Parquet format','ADF - Dataflow',6100,13000,to_date('28-DEC-09','DD-MON-RR'),to_date('28-DEC-09','DD-MON-RR'),'N','N',null,null,'N','N','Y',null,null);
INSERT INTO CBP_RULE (CBP_RULE_ID,CBP_RULE_SHORT_DESC,CBP_RULE_NAME,CBP_OBJECT_TYPE,CBP_CODE_TYPE_ID,CBP_IMP_TYPE_ID,CBP_CREATED_TIMESTAMP,CBP_UPDATED_TIMESTAMP,CBP_ADD_PARAM_ALLOWED,IS_DEPRECATED,DS_STAGE_TYPE,DS_ORCH_STAGE_IDENTIFIER,IS_DUMMY,IS_LEGACY,CBP_OBJECT_SUB_TYPE,EXCEPTION_COLUMN,ALLOW_EXCEPTIONS) values (11191248,'Dataflow has Azure SQL Database Sink has its Number of Partitions beyond the threshold','Dataflow has Azure SQL Database Sink has its Number of Partitions beyond the threshold','ADF - Dataflow',6100,13000,to_date('28-DEC-09','DD-MON-RR'),to_date('28-DEC-09','DD-MON-RR'),'N','N',null,null,'N','N','Y',null,null);

Insert into CBP_PARAMETER (CBP_PARAMETER_ID,CBP_PARAMETER_NAME,CBP_PARAMETER_DEFAULT_VALUE,CBP_PARAMETER_SITE_VALUE,CBP_PARAMETER_DESCRIPTION,CBP_PARAMETER_KEYWORD,CBP_PARAMETER_PLACE_HOLDER,CBP_PARAMETER_DATA_TYPE,CBP_PATTERN_ID,CBP_CREATED_TIMESTAMP,CBP_UPDATED_TIMESTAMP,CBP_CONFIGURABLE,CBP_IS_PROJECT_SPECIFIC,IS_EXCEPTION,IS_LIST,IS_REGEX) values (11191237,'Maximum Size of Filter Condition in a Filter Transformation in a Dataflow','100',null,'Maximum Size of Filter Condition in a Filter Transformation in a Dataflow',null,null,'NUMBER',null,to_date('27-JAN-22','DD-MON-RR'),to_date('27-JAN-22','DD-MON-RR'),'Y','N','N','N','N');
Insert into CBP_PARAMETER (CBP_PARAMETER_ID,CBP_PARAMETER_NAME,CBP_PARAMETER_DEFAULT_VALUE,CBP_PARAMETER_SITE_VALUE,CBP_PARAMETER_DESCRIPTION,CBP_PARAMETER_KEYWORD,CBP_PARAMETER_PLACE_HOLDER,CBP_PARAMETER_DATA_TYPE,CBP_PATTERN_ID,CBP_CREATED_TIMESTAMP,CBP_UPDATED_TIMESTAMP,CBP_CONFIGURABLE,CBP_IS_PROJECT_SPECIFIC,IS_EXCEPTION,IS_LIST,IS_REGEX) values (11191240,'Dataflow Cluster startup time - Higher threshold','5',null,'Dataflow Cluster startup time - Higher threshold',null,null,'NUMBER',null,to_date('27-JAN-22','DD-MON-RR'),to_date('27-JAN-22','DD-MON-RR'),'Y','N','N','N','N');
Insert into CBP_PARAMETER (CBP_PARAMETER_ID,CBP_PARAMETER_NAME,CBP_PARAMETER_DEFAULT_VALUE,CBP_PARAMETER_SITE_VALUE,CBP_PARAMETER_DESCRIPTION,CBP_PARAMETER_KEYWORD,CBP_PARAMETER_PLACE_HOLDER,CBP_PARAMETER_DATA_TYPE,CBP_PATTERN_ID,CBP_CREATED_TIMESTAMP,CBP_UPDATED_TIMESTAMP,CBP_CONFIGURABLE,CBP_IS_PROJECT_SPECIFIC,IS_EXCEPTION,IS_LIST,IS_REGEX) values (11191244,'Azure SQL Database Source Partitions - Higher threshold','8',null,'Azure SQL Database Source Partitions - Higher threshold',null,null,'NUMBER',null,to_date('27-JAN-22','DD-MON-RR'),to_date('27-JAN-22','DD-MON-RR'),'Y','N','N','N','N');
Insert into CBP_PARAMETER (CBP_PARAMETER_ID,CBP_PARAMETER_NAME,CBP_PARAMETER_DEFAULT_VALUE,CBP_PARAMETER_SITE_VALUE,CBP_PARAMETER_DESCRIPTION,CBP_PARAMETER_KEYWORD,CBP_PARAMETER_PLACE_HOLDER,CBP_PARAMETER_DATA_TYPE,CBP_PATTERN_ID,CBP_CREATED_TIMESTAMP,CBP_UPDATED_TIMESTAMP,CBP_CONFIGURABLE,CBP_IS_PROJECT_SPECIFIC,IS_EXCEPTION,IS_LIST,IS_REGEX) values (11191248,'Azure SQL Database Sink Partitions - Higher threshold','8',null,'Azure SQL Database Sink Partitions - Higher threshold',null,null,'NUMBER',null,to_date('27-JAN-22','DD-MON-RR'),to_date('27-JAN-22','DD-MON-RR'),'Y','N','N','N','N');

Insert into CBP_RULE_PARAMETER (CBP_RULE_ID,CBP_PARAMETER_ID,CBP_CREATED_TIMESTAMP,CBP_UPDATED_TIMESTAMP) values (11191237,11191237,to_date('28-DEC-09','DD-MON-RR'),to_date('28-DEC-09','DD-MON-RR'));
Insert into CBP_RULE_PARAMETER (CBP_RULE_ID,CBP_PARAMETER_ID,CBP_CREATED_TIMESTAMP,CBP_UPDATED_TIMESTAMP) values (11191240,11191240,to_date('28-DEC-09','DD-MON-RR'),to_date('28-DEC-09','DD-MON-RR'));
Insert into CBP_RULE_PARAMETER (CBP_RULE_ID,CBP_PARAMETER_ID,CBP_CREATED_TIMESTAMP,CBP_UPDATED_TIMESTAMP) values (11191244,11191244,to_date('28-DEC-09','DD-MON-RR'),to_date('28-DEC-09','DD-MON-RR'));
Insert into CBP_RULE_PARAMETER (CBP_RULE_ID,CBP_PARAMETER_ID,CBP_CREATED_TIMESTAMP,CBP_UPDATED_TIMESTAMP) values (11191248,11191248,to_date('28-DEC-09','DD-MON-RR'),to_date('28-DEC-09','DD-MON-RR'));

COMMIT;

-- Parser Rule MR 21JUL2022
-- Use ADF Source Code located in folder "df_sql_parser" of Data Factory "data-factory-cdata-dev-01"
-- Dataflow Source Query
Insert into CBP_RULE (CBP_RULE_ID,CBP_RULE_SHORT_DESC,CBP_RULE_NAME,CBP_OBJECT_TYPE,CBP_CODE_TYPE_ID,CBP_IMP_TYPE_ID,CBP_CREATED_TIMESTAMP,CBP_UPDATED_TIMESTAMP,CBP_ADD_PARAM_ALLOWED,IS_DEPRECATED,DS_STAGE_TYPE,DS_ORCH_STAGE_IDENTIFIER,IS_DUMMY,IS_LEGACY) values (11191251,'Dataflow Source Query - has Hard-coded Schema','Dataflow Source Query - has Hard-coded Schema','ADF - Dataflow',6100,1200,sysdate,sysdate,'N','N',null,null,'N','N');
--to code based following  IICS Rule
--320050	Lookup SQL Override - has Hard-coded Schema (Mapping/Mapplet)

Insert into CBP_RULE (CBP_RULE_ID,CBP_RULE_SHORT_DESC,CBP_RULE_NAME,CBP_OBJECT_TYPE,CBP_CODE_TYPE_ID,CBP_IMP_TYPE_ID,CBP_CREATED_TIMESTAMP,CBP_UPDATED_TIMESTAMP,CBP_ADD_PARAM_ALLOWED,IS_DEPRECATED,DS_STAGE_TYPE,DS_ORCH_STAGE_IDENTIFIER,IS_DUMMY,IS_LEGACY) values (11191252,'Dataflow Source Query - has Too Many Joins','Dataflow Source Query - has Too Many Joins','ADF - Dataflow',6100,1200,sysdate,sysdate,'N','N',null,null,'N','N');
--to code based following  IICS Rule
--320051	Lookup SQL Override - has Too Many Joins (Mapping/Mapplet)

Insert into CBP_RULE (CBP_RULE_ID,CBP_RULE_SHORT_DESC,CBP_RULE_NAME,CBP_OBJECT_TYPE,CBP_CODE_TYPE_ID,CBP_IMP_TYPE_ID,CBP_CREATED_TIMESTAMP,CBP_UPDATED_TIMESTAMP,CBP_ADD_PARAM_ALLOWED,IS_DEPRECATED,DS_STAGE_TYPE,DS_ORCH_STAGE_IDENTIFIER,IS_DUMMY,IS_LEGACY) values (11191253,'Dataflow Source Query - has Too Many Tables Used in the SQL','Dataflow Source Query - has Too Many Tables Used in the SQL','ADF - Dataflow',6100,1200,sysdate,sysdate,'N','N',null,null,'N','N');
--to code based following  IICS Rule
--320052	Lookup SQL Override - has Too Many Tables Used in the SQL (Mapping/Mapplet)

Insert into CBP_RULE (CBP_RULE_ID,CBP_RULE_SHORT_DESC,CBP_RULE_NAME,CBP_OBJECT_TYPE,CBP_CODE_TYPE_ID,CBP_IMP_TYPE_ID,CBP_CREATED_TIMESTAMP,CBP_UPDATED_TIMESTAMP,CBP_ADD_PARAM_ALLOWED,IS_DEPRECATED,DS_STAGE_TYPE,DS_ORCH_STAGE_IDENTIFIER,IS_DUMMY,IS_LEGACY) values (11191254,'Dataflow Source Query - has Too Many In-Line Views Used in the SQL','Dataflow Source Query - has Too Many In-Line Views Used in the SQL','ADF - Dataflow',6100,1200,sysdate,sysdate,'N','N',null,null,'N','N');
--to code based following  IICS Rule
--320053	Lookup SQL Override - has Too Many In-Line Views Used in the SQL(Mapping/Mapplet)

Insert into CBP_RULE (CBP_RULE_ID,CBP_RULE_SHORT_DESC,CBP_RULE_NAME,CBP_OBJECT_TYPE,CBP_CODE_TYPE_ID,CBP_IMP_TYPE_ID,CBP_CREATED_TIMESTAMP,CBP_UPDATED_TIMESTAMP,CBP_ADD_PARAM_ALLOWED,IS_DEPRECATED,DS_STAGE_TYPE,DS_ORCH_STAGE_IDENTIFIER,IS_DUMMY,IS_LEGACY) values (11191255,'Dataflow Source Query - has Too Many Order By Clauses in the SQL','Dataflow Source Query - has Too Many Order By Clauses in the SQL','ADF - Dataflow',6100,1200,sysdate,sysdate,'N','N',null,null,'N','N');
--to code based following  IICS Rule
--320054	Lookup SQL Override - has Too Many Order By Clauses in the SQL(Mapping/Mapplet)

Insert into CBP_RULE (CBP_RULE_ID,CBP_RULE_SHORT_DESC,CBP_RULE_NAME,CBP_OBJECT_TYPE,CBP_CODE_TYPE_ID,CBP_IMP_TYPE_ID,CBP_CREATED_TIMESTAMP,CBP_UPDATED_TIMESTAMP,CBP_ADD_PARAM_ALLOWED,IS_DEPRECATED,DS_STAGE_TYPE,DS_ORCH_STAGE_IDENTIFIER,IS_DUMMY,IS_LEGACY) values (11191256,'Dataflow Source Query - has Too Many Columns in the Order By Clause in the SQL','Dataflow Source Query - has Too Many Columns in the Order By Clause in the SQL','ADF - Dataflow',6100,1200,sysdate,sysdate,'N','N',null,null,'N','N');
--to code based following  IICS Rule
--320055	Lookup SQL Override - has Too Many Columns in the Order By Clause in the SQL(Mapping/Mapplet)


Insert into CBP_RULE (CBP_RULE_ID,CBP_RULE_SHORT_DESC,CBP_RULE_NAME,CBP_OBJECT_TYPE,CBP_CODE_TYPE_ID,CBP_IMP_TYPE_ID,CBP_CREATED_TIMESTAMP,CBP_UPDATED_TIMESTAMP,CBP_ADD_PARAM_ALLOWED,IS_DEPRECATED,DS_STAGE_TYPE,DS_ORCH_STAGE_IDENTIFIER,IS_DUMMY,IS_LEGACY) values (11191257,'Dataflow Source Query - Use of Black Listed Table in the SQL','Dataflow Source Query - Use of Black Listed Table in the SQL','ADF - Dataflow',6100,1200,sysdate,sysdate,'N','N',null,null,'N','N');
--to code based following  IICS Rule
--320056	Lookup SQL Override - Use of Black Listed Table in the SQL(Mapping/Mapplet)

Insert into CBP_RULE (CBP_RULE_ID,CBP_RULE_SHORT_DESC,CBP_RULE_NAME,CBP_OBJECT_TYPE,CBP_CODE_TYPE_ID,CBP_IMP_TYPE_ID,CBP_CREATED_TIMESTAMP,CBP_UPDATED_TIMESTAMP,CBP_ADD_PARAM_ALLOWED,IS_DEPRECATED,DS_STAGE_TYPE,DS_ORCH_STAGE_IDENTIFIER,IS_DUMMY,IS_LEGACY) values (11191258,'Dataflow Source Query - Use of Large Table in the SQL','Dataflow Source Query - Use of Large Table in the SQL','ADF - Dataflow',6100,1200,sysdate,sysdate,'N','N',null,null,'N','N');
--to code based following  IICS Rule
--320057	Lookup SQL Override - Use of Large Table in the SQL(Mapping/Mapplet)


--CBP_PARAMETER
Insert into CBP_PARAMETER (CBP_PARAMETER_ID,CBP_PARAMETER_NAME,CBP_PARAMETER_DEFAULT_VALUE,CBP_PARAMETER_SITE_VALUE,CBP_PARAMETER_DESCRIPTION,CBP_PARAMETER_KEYWORD,CBP_PARAMETER_PLACE_HOLDER,CBP_PARAMETER_DATA_TYPE,CBP_PATTERN_ID,CBP_CREATED_TIMESTAMP,CBP_UPDATED_TIMESTAMP,CBP_CONFIGURABLE,CBP_IS_PROJECT_SPECIFIC) values (11191252,'Dataflow Source Query - Number of Joins Used in a Query','1',null,'Dataflow Source Query - Number of Joins Used in a Query',null,'COEURDATA_11191252','NUMBER',null,sysdate,sysdate,'Y','N');
Insert into CBP_PARAMETER (CBP_PARAMETER_ID,CBP_PARAMETER_NAME,CBP_PARAMETER_DEFAULT_VALUE,CBP_PARAMETER_SITE_VALUE,CBP_PARAMETER_DESCRIPTION,CBP_PARAMETER_KEYWORD,CBP_PARAMETER_PLACE_HOLDER,CBP_PARAMETER_DATA_TYPE,CBP_PATTERN_ID,CBP_CREATED_TIMESTAMP,CBP_UPDATED_TIMESTAMP,CBP_CONFIGURABLE,CBP_IS_PROJECT_SPECIFIC) values (11191253,'Dataflow Source Query - Maximum Number of Tables Used in the SQL','1',null,'Dataflow Source Query - Maximum Number of Tables Used in the SQL',null,'COEURDATA_11191253','NUMBER',null,sysdate,sysdate,'Y','N');
Insert into CBP_PARAMETER (CBP_PARAMETER_ID,CBP_PARAMETER_NAME,CBP_PARAMETER_DEFAULT_VALUE,CBP_PARAMETER_SITE_VALUE,CBP_PARAMETER_DESCRIPTION,CBP_PARAMETER_KEYWORD,CBP_PARAMETER_PLACE_HOLDER,CBP_PARAMETER_DATA_TYPE,CBP_PATTERN_ID,CBP_CREATED_TIMESTAMP,CBP_UPDATED_TIMESTAMP,CBP_CONFIGURABLE,CBP_IS_PROJECT_SPECIFIC) values (11191254,'Dataflow Source Query - Maximum Number of In-line Views Used in a Query','1',null,'Dataflow Source Query - Maximum Number of In-line Views Used in a Query',null,'COEURDATA_11191254','NUMBER',null,sysdate,sysdate,'Y','N');
Insert into CBP_PARAMETER (CBP_PARAMETER_ID,CBP_PARAMETER_NAME,CBP_PARAMETER_DEFAULT_VALUE,CBP_PARAMETER_SITE_VALUE,CBP_PARAMETER_DESCRIPTION,CBP_PARAMETER_KEYWORD,CBP_PARAMETER_PLACE_HOLDER,CBP_PARAMETER_DATA_TYPE,CBP_PATTERN_ID,CBP_CREATED_TIMESTAMP,CBP_UPDATED_TIMESTAMP,CBP_CONFIGURABLE,CBP_IS_PROJECT_SPECIFIC) values (11191255,'Dataflow Source Query - Number of Order By Clauses Used in a Query','1',null,'Dataflow Source Query - Number of Order By Clauses Used in a Query',null,'COEURDATA_11191255','NUMBER',null,sysdate,sysdate,'Y','N');
Insert into CBP_PARAMETER (CBP_PARAMETER_ID,CBP_PARAMETER_NAME,CBP_PARAMETER_DEFAULT_VALUE,CBP_PARAMETER_SITE_VALUE,CBP_PARAMETER_DESCRIPTION,CBP_PARAMETER_KEYWORD,CBP_PARAMETER_PLACE_HOLDER,CBP_PARAMETER_DATA_TYPE,CBP_PATTERN_ID,CBP_CREATED_TIMESTAMP,CBP_UPDATED_TIMESTAMP,CBP_CONFIGURABLE,CBP_IS_PROJECT_SPECIFIC) values (11191256,'Dataflow Source Query - Maximum Number of Columns in the Order By Clause in the SQL','1',null,'Dataflow Source Query - Maximum Number of Columns in the Order By Clause in the SQL',null,'COEURDATA_11191256','NUMBER',null,sysdate,sysdate,'Y','N');

--CBP_RULE_PARAMETER
Insert into CBP_RULE_PARAMETER (CBP_RULE_ID,CBP_PARAMETER_ID,CBP_CREATED_TIMESTAMP,CBP_UPDATED_TIMESTAMP) values (11191252,11191252,sysdate,sysdate);
Insert into CBP_RULE_PARAMETER (CBP_RULE_ID,CBP_PARAMETER_ID,CBP_CREATED_TIMESTAMP,CBP_UPDATED_TIMESTAMP) values (11191253,11191253,sysdate,sysdate);
Insert into CBP_RULE_PARAMETER (CBP_RULE_ID,CBP_PARAMETER_ID,CBP_CREATED_TIMESTAMP,CBP_UPDATED_TIMESTAMP) values (11191254,11191254,sysdate,sysdate);
Insert into CBP_RULE_PARAMETER (CBP_RULE_ID,CBP_PARAMETER_ID,CBP_CREATED_TIMESTAMP,CBP_UPDATED_TIMESTAMP) values (11191255,11191255,sysdate,sysdate);
Insert into CBP_RULE_PARAMETER (CBP_RULE_ID,CBP_PARAMETER_ID,CBP_CREATED_TIMESTAMP,CBP_UPDATED_TIMESTAMP) values (11191256,11191256,sysdate,sysdate);

Commit;

-- Parser Rule MR 21JUL2022
-- Use ADF Source Code located in folder "df_sql_parser" of Data Factory "data-factory-cdata-dev-01"
-- Dataflow Pre SQL Scripts
Insert into CBP_RULE (CBP_RULE_ID,CBP_RULE_SHORT_DESC,CBP_RULE_NAME,CBP_OBJECT_TYPE,CBP_CODE_TYPE_ID,CBP_IMP_TYPE_ID,CBP_CREATED_TIMESTAMP,CBP_UPDATED_TIMESTAMP,CBP_ADD_PARAM_ALLOWED,IS_DEPRECATED,DS_STAGE_TYPE,DS_ORCH_STAGE_IDENTIFIER,IS_DUMMY,IS_LEGACY) values (11191261,'Dataflow Sink Pre SQL Scripts - has Hard-coded Schema','Dataflow Sink Pre SQL Scripts - has Hard-coded Schema','ADF - Dataflow',6100,1200,sysdate,sysdate,'N','N',null,null,'N','N');
--to code based on following ADF Rule
--11191251	Dataflow Source Query - has Hard-coded Schema

Insert into CBP_RULE (CBP_RULE_ID,CBP_RULE_SHORT_DESC,CBP_RULE_NAME,CBP_OBJECT_TYPE,CBP_CODE_TYPE_ID,CBP_IMP_TYPE_ID,CBP_CREATED_TIMESTAMP,CBP_UPDATED_TIMESTAMP,CBP_ADD_PARAM_ALLOWED,IS_DEPRECATED,DS_STAGE_TYPE,DS_ORCH_STAGE_IDENTIFIER,IS_DUMMY,IS_LEGACY) values (11191262,'Dataflow Sink Pre SQL Scripts - has Too Many Joins','Dataflow Sink Pre SQL Scripts - has Too Many Joins','ADF - Dataflow',6100,1200,sysdate,sysdate,'N','N',null,null,'N','N');
--to code based on following ADF Rule
--11191252	Dataflow Source Query - has Too Many Joins

Insert into CBP_RULE (CBP_RULE_ID,CBP_RULE_SHORT_DESC,CBP_RULE_NAME,CBP_OBJECT_TYPE,CBP_CODE_TYPE_ID,CBP_IMP_TYPE_ID,CBP_CREATED_TIMESTAMP,CBP_UPDATED_TIMESTAMP,CBP_ADD_PARAM_ALLOWED,IS_DEPRECATED,DS_STAGE_TYPE,DS_ORCH_STAGE_IDENTIFIER,IS_DUMMY,IS_LEGACY) values (11191263,'Dataflow Sink Pre SQL Scripts - has Too Many Tables Used in the SQL','Dataflow Sink Pre SQL Scripts - has Too Many Tables Used in the SQL','ADF - Dataflow',6100,1200,sysdate,sysdate,'N','N',null,null,'N','N');
--to code based on following ADF Rule
--11191253	Dataflow Source Query - has Too Many Tables Used in the SQL

Insert into CBP_RULE (CBP_RULE_ID,CBP_RULE_SHORT_DESC,CBP_RULE_NAME,CBP_OBJECT_TYPE,CBP_CODE_TYPE_ID,CBP_IMP_TYPE_ID,CBP_CREATED_TIMESTAMP,CBP_UPDATED_TIMESTAMP,CBP_ADD_PARAM_ALLOWED,IS_DEPRECATED,DS_STAGE_TYPE,DS_ORCH_STAGE_IDENTIFIER,IS_DUMMY,IS_LEGACY) values (11191264,'Dataflow Sink Pre SQL Scripts - has Too Many In-Line Views Used in the SQL','Dataflow Sink Pre SQL Scripts - has Too Many In-Line Views Used in the SQL','ADF - Dataflow',6100,1200,sysdate,sysdate,'N','N',null,null,'N','N');
--to code based on following ADF Rule
--11191254	Dataflow Source Query - has Too Many In-Line Views Used in the SQL

Insert into CBP_RULE (CBP_RULE_ID,CBP_RULE_SHORT_DESC,CBP_RULE_NAME,CBP_OBJECT_TYPE,CBP_CODE_TYPE_ID,CBP_IMP_TYPE_ID,CBP_CREATED_TIMESTAMP,CBP_UPDATED_TIMESTAMP,CBP_ADD_PARAM_ALLOWED,IS_DEPRECATED,DS_STAGE_TYPE,DS_ORCH_STAGE_IDENTIFIER,IS_DUMMY,IS_LEGACY) values (11191265,'Dataflow Sink Pre SQL Scripts - has Too Many Order By Clauses in the SQL','Dataflow Sink Pre SQL Scripts - has Too Many Order By Clauses in the SQL','ADF - Dataflow',6100,1200,sysdate,sysdate,'N','N',null,null,'N','N');
--to code based on following ADF Rule
--11191255	Dataflow Source Query - has Too Many Order By Clauses in the SQL

Insert into CBP_RULE (CBP_RULE_ID,CBP_RULE_SHORT_DESC,CBP_RULE_NAME,CBP_OBJECT_TYPE,CBP_CODE_TYPE_ID,CBP_IMP_TYPE_ID,CBP_CREATED_TIMESTAMP,CBP_UPDATED_TIMESTAMP,CBP_ADD_PARAM_ALLOWED,IS_DEPRECATED,DS_STAGE_TYPE,DS_ORCH_STAGE_IDENTIFIER,IS_DUMMY,IS_LEGACY) values (11191266,'Dataflow Sink Pre SQL Scripts - has Too Many Columns in the Order By Clause in the SQL','Dataflow Sink Pre SQL Scripts - has Too Many Columns in the Order By Clause in the SQL','ADF - Dataflow',6100,1200,sysdate,sysdate,'N','N',null,null,'N','N');
--to code based on following ADF Rule
--11191256	Dataflow Source Query - has Too Many Columns in the Order By Clause in the SQL


Insert into CBP_RULE (CBP_RULE_ID,CBP_RULE_SHORT_DESC,CBP_RULE_NAME,CBP_OBJECT_TYPE,CBP_CODE_TYPE_ID,CBP_IMP_TYPE_ID,CBP_CREATED_TIMESTAMP,CBP_UPDATED_TIMESTAMP,CBP_ADD_PARAM_ALLOWED,IS_DEPRECATED,DS_STAGE_TYPE,DS_ORCH_STAGE_IDENTIFIER,IS_DUMMY,IS_LEGACY) values (11191267,'Dataflow Sink Pre SQL Scripts - Use of Black Listed Table in the SQL','Dataflow Sink Pre SQL Scripts - Use of Black Listed Table in the SQL','ADF - Dataflow',6100,1200,sysdate,sysdate,'N','N',null,null,'N','N');
--to code based on following ADF Rule
--11191257	Dataflow Source Query - Use of Black Listed Table in the SQL

Insert into CBP_RULE (CBP_RULE_ID,CBP_RULE_SHORT_DESC,CBP_RULE_NAME,CBP_OBJECT_TYPE,CBP_CODE_TYPE_ID,CBP_IMP_TYPE_ID,CBP_CREATED_TIMESTAMP,CBP_UPDATED_TIMESTAMP,CBP_ADD_PARAM_ALLOWED,IS_DEPRECATED,DS_STAGE_TYPE,DS_ORCH_STAGE_IDENTIFIER,IS_DUMMY,IS_LEGACY) values (11191268,'Dataflow Sink Pre SQL Scripts - Use of Large Table in the SQL','Dataflow Sink Pre SQL Scripts - Use of Large Table in the SQL','ADF - Dataflow',6100,1200,sysdate,sysdate,'N','N',null,null,'N','N');
--to code based on following ADF Rule
--11191258	Dataflow Source Query - Use of Large Table in the SQL


--CBP_PARAMETER
Insert into CBP_PARAMETER (CBP_PARAMETER_ID,CBP_PARAMETER_NAME,CBP_PARAMETER_DEFAULT_VALUE,CBP_PARAMETER_SITE_VALUE,CBP_PARAMETER_DESCRIPTION,CBP_PARAMETER_KEYWORD,CBP_PARAMETER_PLACE_HOLDER,CBP_PARAMETER_DATA_TYPE,CBP_PATTERN_ID,CBP_CREATED_TIMESTAMP,CBP_UPDATED_TIMESTAMP,CBP_CONFIGURABLE,CBP_IS_PROJECT_SPECIFIC) values (11191262,'Dataflow Sink Pre SQL Scripts - Number of Joins Used in a Query','1',null,'Dataflow Sink Pre SQL Scripts - Number of Joins Used in a Query',null,'COEURDATA_11191262','NUMBER',null,sysdate,sysdate,'Y','N');
Insert into CBP_PARAMETER (CBP_PARAMETER_ID,CBP_PARAMETER_NAME,CBP_PARAMETER_DEFAULT_VALUE,CBP_PARAMETER_SITE_VALUE,CBP_PARAMETER_DESCRIPTION,CBP_PARAMETER_KEYWORD,CBP_PARAMETER_PLACE_HOLDER,CBP_PARAMETER_DATA_TYPE,CBP_PATTERN_ID,CBP_CREATED_TIMESTAMP,CBP_UPDATED_TIMESTAMP,CBP_CONFIGURABLE,CBP_IS_PROJECT_SPECIFIC) values (11191263,'Dataflow Sink Pre SQL Scripts - Maximum Number of Tables Used in the SQL','1',null,'Dataflow Sink Pre SQL Scripts - Maximum Number of Tables Used in the SQL',null,'COEURDATA_11191263','NUMBER',null,sysdate,sysdate,'Y','N');
Insert into CBP_PARAMETER (CBP_PARAMETER_ID,CBP_PARAMETER_NAME,CBP_PARAMETER_DEFAULT_VALUE,CBP_PARAMETER_SITE_VALUE,CBP_PARAMETER_DESCRIPTION,CBP_PARAMETER_KEYWORD,CBP_PARAMETER_PLACE_HOLDER,CBP_PARAMETER_DATA_TYPE,CBP_PATTERN_ID,CBP_CREATED_TIMESTAMP,CBP_UPDATED_TIMESTAMP,CBP_CONFIGURABLE,CBP_IS_PROJECT_SPECIFIC) values (11191264,'Dataflow Sink Pre SQL Scripts - Maximum Number of In-line Views Used in a Query','1',null,'Dataflow Sink Pre SQL Scripts - Maximum Number of In-line Views Used in a Query',null,'COEURDATA_11191264','NUMBER',null,sysdate,sysdate,'Y','N');
Insert into CBP_PARAMETER (CBP_PARAMETER_ID,CBP_PARAMETER_NAME,CBP_PARAMETER_DEFAULT_VALUE,CBP_PARAMETER_SITE_VALUE,CBP_PARAMETER_DESCRIPTION,CBP_PARAMETER_KEYWORD,CBP_PARAMETER_PLACE_HOLDER,CBP_PARAMETER_DATA_TYPE,CBP_PATTERN_ID,CBP_CREATED_TIMESTAMP,CBP_UPDATED_TIMESTAMP,CBP_CONFIGURABLE,CBP_IS_PROJECT_SPECIFIC) values (11191265,'Dataflow Sink Pre SQL Scripts - Number of Order By Clauses Used in a Query','1',null,'Dataflow Sink Pre SQL Scripts - Number of Order By Clauses Used in a Query',null,'COEURDATA_11191265','NUMBER',null,sysdate,sysdate,'Y','N');
Insert into CBP_PARAMETER (CBP_PARAMETER_ID,CBP_PARAMETER_NAME,CBP_PARAMETER_DEFAULT_VALUE,CBP_PARAMETER_SITE_VALUE,CBP_PARAMETER_DESCRIPTION,CBP_PARAMETER_KEYWORD,CBP_PARAMETER_PLACE_HOLDER,CBP_PARAMETER_DATA_TYPE,CBP_PATTERN_ID,CBP_CREATED_TIMESTAMP,CBP_UPDATED_TIMESTAMP,CBP_CONFIGURABLE,CBP_IS_PROJECT_SPECIFIC) values (11191266,'Dataflow Sink Pre SQL Scripts - Maximum Number of Columns in the Order By Clause in the SQL','1',null,'Dataflow Sink Pre SQL Scripts - Maximum Number of Columns in the Order By Clause in the SQL',null,'COEURDATA_11191266','NUMBER',null,sysdate,sysdate,'Y','N');

--CBP_RULE_PARAMETER
Insert into CBP_RULE_PARAMETER (CBP_RULE_ID,CBP_PARAMETER_ID,CBP_CREATED_TIMESTAMP,CBP_UPDATED_TIMESTAMP) values (11191262,11191262,sysdate,sysdate);
Insert into CBP_RULE_PARAMETER (CBP_RULE_ID,CBP_PARAMETER_ID,CBP_CREATED_TIMESTAMP,CBP_UPDATED_TIMESTAMP) values (11191263,11191263,sysdate,sysdate);
Insert into CBP_RULE_PARAMETER (CBP_RULE_ID,CBP_PARAMETER_ID,CBP_CREATED_TIMESTAMP,CBP_UPDATED_TIMESTAMP) values (11191264,11191264,sysdate,sysdate);
Insert into CBP_RULE_PARAMETER (CBP_RULE_ID,CBP_PARAMETER_ID,CBP_CREATED_TIMESTAMP,CBP_UPDATED_TIMESTAMP) values (11191265,11191265,sysdate,sysdate);
Insert into CBP_RULE_PARAMETER (CBP_RULE_ID,CBP_PARAMETER_ID,CBP_CREATED_TIMESTAMP,CBP_UPDATED_TIMESTAMP) values (11191266,11191266,sysdate,sysdate);

Commit;

-- Parser Rule MR 21JUL2022
-- Use ADF Source Code located in folder "df_sql_parser" of Data Factory "data-factory-cdata-dev-01"
-- Dataflow Post SQL Scripts
Insert into CBP_RULE (CBP_RULE_ID,CBP_RULE_SHORT_DESC,CBP_RULE_NAME,CBP_OBJECT_TYPE,CBP_CODE_TYPE_ID,CBP_IMP_TYPE_ID,CBP_CREATED_TIMESTAMP,CBP_UPDATED_TIMESTAMP,CBP_ADD_PARAM_ALLOWED,IS_DEPRECATED,DS_STAGE_TYPE,DS_ORCH_STAGE_IDENTIFIER,IS_DUMMY,IS_LEGACY) values (11191271,'Dataflow Sink Post SQL Scripts - has Hard-coded Schema','Dataflow Sink Post SQL Scripts - has Hard-coded Schema','ADF - Dataflow',6100,1200,sysdate,sysdate,'N','N',null,null,'N','N');
--to code based on following ADF Rule
--11191251	Dataflow Source Query - has Hard-coded Schema

Insert into CBP_RULE (CBP_RULE_ID,CBP_RULE_SHORT_DESC,CBP_RULE_NAME,CBP_OBJECT_TYPE,CBP_CODE_TYPE_ID,CBP_IMP_TYPE_ID,CBP_CREATED_TIMESTAMP,CBP_UPDATED_TIMESTAMP,CBP_ADD_PARAM_ALLOWED,IS_DEPRECATED,DS_STAGE_TYPE,DS_ORCH_STAGE_IDENTIFIER,IS_DUMMY,IS_LEGACY) values (11191272,'Dataflow Sink Post SQL Scripts - has Too Many Joins','Dataflow Sink Post SQL Scripts - has Too Many Joins','ADF - Dataflow',6100,1200,sysdate,sysdate,'N','N',null,null,'N','N');
--to code based on following ADF Rule
--11191252	Dataflow Source Query - has Too Many Joins

Insert into CBP_RULE (CBP_RULE_ID,CBP_RULE_SHORT_DESC,CBP_RULE_NAME,CBP_OBJECT_TYPE,CBP_CODE_TYPE_ID,CBP_IMP_TYPE_ID,CBP_CREATED_TIMESTAMP,CBP_UPDATED_TIMESTAMP,CBP_ADD_PARAM_ALLOWED,IS_DEPRECATED,DS_STAGE_TYPE,DS_ORCH_STAGE_IDENTIFIER,IS_DUMMY,IS_LEGACY) values (11191273,'Dataflow Sink Post SQL Scripts - has Too Many Tables Used in the SQL','Dataflow Sink Post SQL Scripts - has Too Many Tables Used in the SQL','ADF - Dataflow',6100,1200,sysdate,sysdate,'N','N',null,null,'N','N');
--to code based on following ADF Rule
--11191253	Dataflow Source Query - has Too Many Tables Used in the SQL

Insert into CBP_RULE (CBP_RULE_ID,CBP_RULE_SHORT_DESC,CBP_RULE_NAME,CBP_OBJECT_TYPE,CBP_CODE_TYPE_ID,CBP_IMP_TYPE_ID,CBP_CREATED_TIMESTAMP,CBP_UPDATED_TIMESTAMP,CBP_ADD_PARAM_ALLOWED,IS_DEPRECATED,DS_STAGE_TYPE,DS_ORCH_STAGE_IDENTIFIER,IS_DUMMY,IS_LEGACY) values (11191274,'Dataflow Sink Post SQL Scripts - has Too Many In-Line Views Used in the SQL','Dataflow Sink Post SQL Scripts - has Too Many In-Line Views Used in the SQL','ADF - Dataflow',6100,1200,sysdate,sysdate,'N','N',null,null,'N','N');
--to code based on following ADF Rule
--11191254	Dataflow Source Query - has Too Many In-Line Views Used in the SQL

Insert into CBP_RULE (CBP_RULE_ID,CBP_RULE_SHORT_DESC,CBP_RULE_NAME,CBP_OBJECT_TYPE,CBP_CODE_TYPE_ID,CBP_IMP_TYPE_ID,CBP_CREATED_TIMESTAMP,CBP_UPDATED_TIMESTAMP,CBP_ADD_PARAM_ALLOWED,IS_DEPRECATED,DS_STAGE_TYPE,DS_ORCH_STAGE_IDENTIFIER,IS_DUMMY,IS_LEGACY) values (11191275,'Dataflow Sink Post SQL Scripts - has Too Many Order By Clauses in the SQL','Dataflow Sink Post SQL Scripts - has Too Many Order By Clauses in the SQL','ADF - Dataflow',6100,1200,sysdate,sysdate,'N','N',null,null,'N','N');
--to code based on following ADF Rule
--11191255	Dataflow Source Query - has Too Many Order By Clauses in the SQL

Insert into CBP_RULE (CBP_RULE_ID,CBP_RULE_SHORT_DESC,CBP_RULE_NAME,CBP_OBJECT_TYPE,CBP_CODE_TYPE_ID,CBP_IMP_TYPE_ID,CBP_CREATED_TIMESTAMP,CBP_UPDATED_TIMESTAMP,CBP_ADD_PARAM_ALLOWED,IS_DEPRECATED,DS_STAGE_TYPE,DS_ORCH_STAGE_IDENTIFIER,IS_DUMMY,IS_LEGACY) values (11191276,'Dataflow Sink Post SQL Scripts - has Too Many Columns in the Order By Clause in the SQL','Dataflow Sink Post SQL Scripts - has Too Many Columns in the Order By Clause in the SQL','ADF - Dataflow',6100,1200,sysdate,sysdate,'N','N',null,null,'N','N');
--to code based on following ADF Rule
--11191256	Dataflow Source Query - has Too Many Columns in the Order By Clause in the SQL


Insert into CBP_RULE (CBP_RULE_ID,CBP_RULE_SHORT_DESC,CBP_RULE_NAME,CBP_OBJECT_TYPE,CBP_CODE_TYPE_ID,CBP_IMP_TYPE_ID,CBP_CREATED_TIMESTAMP,CBP_UPDATED_TIMESTAMP,CBP_ADD_PARAM_ALLOWED,IS_DEPRECATED,DS_STAGE_TYPE,DS_ORCH_STAGE_IDENTIFIER,IS_DUMMY,IS_LEGACY) values (11191277,'Dataflow Sink Post SQL Scripts - Use of Black Listed Table in the SQL','Dataflow Sink Post SQL Scripts - Use of Black Listed Table in the SQL','ADF - Dataflow',6100,1200,sysdate,sysdate,'N','N',null,null,'N','N');
--to code based on following ADF Rule
--11191257	Dataflow Source Query - Use of Black Listed Table in the SQL

Insert into CBP_RULE (CBP_RULE_ID,CBP_RULE_SHORT_DESC,CBP_RULE_NAME,CBP_OBJECT_TYPE,CBP_CODE_TYPE_ID,CBP_IMP_TYPE_ID,CBP_CREATED_TIMESTAMP,CBP_UPDATED_TIMESTAMP,CBP_ADD_PARAM_ALLOWED,IS_DEPRECATED,DS_STAGE_TYPE,DS_ORCH_STAGE_IDENTIFIER,IS_DUMMY,IS_LEGACY) values (11191278,'Dataflow Sink Post SQL Scripts - Use of Large Table in the SQL','Dataflow Sink Post SQL Scripts - Use of Large Table in the SQL','ADF - Dataflow',6100,1200,sysdate,sysdate,'N','N',null,null,'N','N');
--to code based on following ADF Rule
--11191258	Dataflow Source Query - Use of Large Table in the SQL


--CBP_PARAMETER
Insert into CBP_PARAMETER (CBP_PARAMETER_ID,CBP_PARAMETER_NAME,CBP_PARAMETER_DEFAULT_VALUE,CBP_PARAMETER_SITE_VALUE,CBP_PARAMETER_DESCRIPTION,CBP_PARAMETER_KEYWORD,CBP_PARAMETER_PLACE_HOLDER,CBP_PARAMETER_DATA_TYPE,CBP_PATTERN_ID,CBP_CREATED_TIMESTAMP,CBP_UPDATED_TIMESTAMP,CBP_CONFIGURABLE,CBP_IS_PROJECT_SPECIFIC) values (11191272,'Dataflow Sink Post SQL Scripts - Number of Joins Used in a Query','1',null,'Dataflow Sink Post SQL Scripts - Number of Joins Used in a Query',null,'COEURDATA_11191272','NUMBER',null,sysdate,sysdate,'Y','N');
Insert into CBP_PARAMETER (CBP_PARAMETER_ID,CBP_PARAMETER_NAME,CBP_PARAMETER_DEFAULT_VALUE,CBP_PARAMETER_SITE_VALUE,CBP_PARAMETER_DESCRIPTION,CBP_PARAMETER_KEYWORD,CBP_PARAMETER_PLACE_HOLDER,CBP_PARAMETER_DATA_TYPE,CBP_PATTERN_ID,CBP_CREATED_TIMESTAMP,CBP_UPDATED_TIMESTAMP,CBP_CONFIGURABLE,CBP_IS_PROJECT_SPECIFIC) values (11191273,'Dataflow Sink Post SQL Scripts - Maximum Number of Tables Used in the SQL','1',null,'Dataflow Sink Post SQL Scripts - Maximum Number of Tables Used in the SQL',null,'COEURDATA_11191273','NUMBER',null,sysdate,sysdate,'Y','N');
Insert into CBP_PARAMETER (CBP_PARAMETER_ID,CBP_PARAMETER_NAME,CBP_PARAMETER_DEFAULT_VALUE,CBP_PARAMETER_SITE_VALUE,CBP_PARAMETER_DESCRIPTION,CBP_PARAMETER_KEYWORD,CBP_PARAMETER_PLACE_HOLDER,CBP_PARAMETER_DATA_TYPE,CBP_PATTERN_ID,CBP_CREATED_TIMESTAMP,CBP_UPDATED_TIMESTAMP,CBP_CONFIGURABLE,CBP_IS_PROJECT_SPECIFIC) values (11191274,'Dataflow Sink Post SQL Scripts - Maximum Number of In-line Views Used in a Query','1',null,'Dataflow Sink Post SQL Scripts - Maximum Number of In-line Views Used in a Query',null,'COEURDATA_11191274','NUMBER',null,sysdate,sysdate,'Y','N');
Insert into CBP_PARAMETER (CBP_PARAMETER_ID,CBP_PARAMETER_NAME,CBP_PARAMETER_DEFAULT_VALUE,CBP_PARAMETER_SITE_VALUE,CBP_PARAMETER_DESCRIPTION,CBP_PARAMETER_KEYWORD,CBP_PARAMETER_PLACE_HOLDER,CBP_PARAMETER_DATA_TYPE,CBP_PATTERN_ID,CBP_CREATED_TIMESTAMP,CBP_UPDATED_TIMESTAMP,CBP_CONFIGURABLE,CBP_IS_PROJECT_SPECIFIC) values (11191275,'Dataflow Sink Post SQL Scripts - Number of Order By Clauses Used in a Query','1',null,'Dataflow Sink Post SQL Scripts - Number of Order By Clauses Used in a Query',null,'COEURDATA_11191275','NUMBER',null,sysdate,sysdate,'Y','N');
Insert into CBP_PARAMETER (CBP_PARAMETER_ID,CBP_PARAMETER_NAME,CBP_PARAMETER_DEFAULT_VALUE,CBP_PARAMETER_SITE_VALUE,CBP_PARAMETER_DESCRIPTION,CBP_PARAMETER_KEYWORD,CBP_PARAMETER_PLACE_HOLDER,CBP_PARAMETER_DATA_TYPE,CBP_PATTERN_ID,CBP_CREATED_TIMESTAMP,CBP_UPDATED_TIMESTAMP,CBP_CONFIGURABLE,CBP_IS_PROJECT_SPECIFIC) values (11191276,'Dataflow Sink Post SQL Scripts - Maximum Number of Columns in the Order By Clause in the SQL','1',null,'Dataflow Sink Post SQL Scripts - Maximum Number of Columns in the Order By Clause in the SQL',null,'COEURDATA_11191276','NUMBER',null,sysdate,sysdate,'Y','N');

--CBP_RULE_PARAMETER
Insert into CBP_RULE_PARAMETER (CBP_RULE_ID,CBP_PARAMETER_ID,CBP_CREATED_TIMESTAMP,CBP_UPDATED_TIMESTAMP) values (11191272,11191272,sysdate,sysdate);
Insert into CBP_RULE_PARAMETER (CBP_RULE_ID,CBP_PARAMETER_ID,CBP_CREATED_TIMESTAMP,CBP_UPDATED_TIMESTAMP) values (11191273,11191273,sysdate,sysdate);
Insert into CBP_RULE_PARAMETER (CBP_RULE_ID,CBP_PARAMETER_ID,CBP_CREATED_TIMESTAMP,CBP_UPDATED_TIMESTAMP) values (11191274,11191274,sysdate,sysdate);
Insert into CBP_RULE_PARAMETER (CBP_RULE_ID,CBP_PARAMETER_ID,CBP_CREATED_TIMESTAMP,CBP_UPDATED_TIMESTAMP) values (11191275,11191275,sysdate,sysdate);
Insert into CBP_RULE_PARAMETER (CBP_RULE_ID,CBP_PARAMETER_ID,CBP_CREATED_TIMESTAMP,CBP_UPDATED_TIMESTAMP) values (11191276,11191276,sysdate,sysdate);

Insert into CBP_RULE (CBP_RULE_ID,CBP_RULE_SHORT_DESC,CBP_RULE_NAME,CBP_OBJECT_TYPE,CBP_CODE_TYPE_ID,CBP_IMP_TYPE_ID,CBP_CREATED_TIMESTAMP,CBP_UPDATED_TIMESTAMP,CBP_ADD_PARAM_ALLOWED,IS_DEPRECATED,DS_STAGE_TYPE,DS_ORCH_STAGE_IDENTIFIER,IS_DUMMY,IS_LEGACY,CBP_OBJECT_SUB_TYPE,EXCEPTION_COLUMN,ALLOW_EXCEPTIONS) values (11191291,'Pipeline - Sink in Data flow Activity taking more processing time than the Threshold Duration','Pipeline - Sink in Data flow Activity taking more processing time than the Threshold Duration','ADF - Pipeline',6100,13000,sysdate,sysdate,'N','N',null,null,'N','N',null,null,null);
Insert into CBP_PARAMETER (CBP_PARAMETER_ID,CBP_PARAMETER_NAME,CBP_PARAMETER_DEFAULT_VALUE,CBP_PARAMETER_SITE_VALUE,CBP_PARAMETER_DESCRIPTION,CBP_PARAMETER_KEYWORD,CBP_PARAMETER_PLACE_HOLDER,CBP_PARAMETER_DATA_TYPE,CBP_PATTERN_ID,CBP_CREATED_TIMESTAMP,CBP_UPDATED_TIMESTAMP,CBP_CONFIGURABLE,CBP_IS_PROJECT_SPECIFIC) values (11191291,'Sink in Data flow Activity processing time Threshold','1',null,'Sink in Data flow Activity processing time Threshold',null,'COEURDATA_11191291','NUMBER',null,sysdate,sysdate,'Y','N');
Insert into CBP_RULE_PARAMETER (CBP_RULE_ID,CBP_PARAMETER_ID,CBP_CREATED_TIMESTAMP,CBP_UPDATED_TIMESTAMP) values (11191291,11191291,sysdate,sysdate);

Insert into CBP_RULE (CBP_RULE_ID,CBP_RULE_SHORT_DESC,CBP_RULE_NAME,CBP_OBJECT_TYPE,CBP_CODE_TYPE_ID,CBP_IMP_TYPE_ID,CBP_CREATED_TIMESTAMP,CBP_UPDATED_TIMESTAMP,CBP_ADD_PARAM_ALLOWED,IS_DEPRECATED,DS_STAGE_TYPE,DS_ORCH_STAGE_IDENTIFIER,IS_DUMMY,IS_LEGACY,CBP_OBJECT_SUB_TYPE,EXCEPTION_COLUMN,ALLOW_EXCEPTIONS) values (11191292,'Pipeline - Data flow Activity taking more Billable duration than the Threshold Duration','Pipeline - Data flow Activity taking more Billable duration than the Threshold Duration','ADF - Pipeline',6100,13000,sysdate,sysdate,'N','N',null,null,'N','N',null,null,null);
Insert into CBP_PARAMETER (CBP_PARAMETER_ID,CBP_PARAMETER_NAME,CBP_PARAMETER_DEFAULT_VALUE,CBP_PARAMETER_SITE_VALUE,CBP_PARAMETER_DESCRIPTION,CBP_PARAMETER_KEYWORD,CBP_PARAMETER_PLACE_HOLDER,CBP_PARAMETER_DATA_TYPE,CBP_PATTERN_ID,CBP_CREATED_TIMESTAMP,CBP_UPDATED_TIMESTAMP,CBP_CONFIGURABLE,CBP_IS_PROJECT_SPECIFIC) values (11191292,'Data flow Activity Billable duration Threshold','1',null,'Data flow Activity Billable duration Threshold',null,'COEURDATA_11191292','NUMBER',null,sysdate,sysdate,'Y','N');
Insert into CBP_RULE_PARAMETER (CBP_RULE_ID,CBP_PARAMETER_ID,CBP_CREATED_TIMESTAMP,CBP_UPDATED_TIMESTAMP) values (11191292,11191292,sysdate,sysdate);
Insert into CBP_RULE (CBP_RULE_ID,CBP_RULE_SHORT_DESC,CBP_RULE_NAME,CBP_OBJECT_TYPE,CBP_CODE_TYPE_ID,CBP_IMP_TYPE_ID,CBP_CREATED_TIMESTAMP,CBP_UPDATED_TIMESTAMP,CBP_ADD_PARAM_ALLOWED,IS_DEPRECATED,DS_STAGE_TYPE,DS_ORCH_STAGE_IDENTIFIER,IS_DUMMY,IS_LEGACY,CBP_OBJECT_SUB_TYPE,EXCEPTION_COLUMN,ALLOW_EXCEPTIONS) values (11191281,'Pipeline - Data flow Activity with Custom Compute size using a non-parameterized Compute type','Pipeline - Data flow Activity with Custom Compute size using a non-parameterized Compute type','ADF - Pipeline',6100,13000,sysdate,sysdate,'N','N',null,null,'N','N',null,null,null);
Insert into CBP_RULE (CBP_RULE_ID,CBP_RULE_SHORT_DESC,CBP_RULE_NAME,CBP_OBJECT_TYPE,CBP_CODE_TYPE_ID,CBP_IMP_TYPE_ID,CBP_CREATED_TIMESTAMP,CBP_UPDATED_TIMESTAMP,CBP_ADD_PARAM_ALLOWED,IS_DEPRECATED,DS_STAGE_TYPE,DS_ORCH_STAGE_IDENTIFIER,IS_DUMMY,IS_LEGACY,CBP_OBJECT_SUB_TYPE,EXCEPTION_COLUMN,ALLOW_EXCEPTIONS) values (11191282,'Pipeline - Data flow Activity with Custom Compute size using a non-parameterized Core count','Pipeline - Data flow Activity with Custom Compute size using a non-parameterized Core count','ADF - Pipeline',6100,13000,sysdate,sysdate,'N','N',null,null,'N','N',null,null,null);
Insert into CBP_RULE (CBP_RULE_ID,CBP_RULE_SHORT_DESC,CBP_RULE_NAME,CBP_OBJECT_TYPE,CBP_CODE_TYPE_ID,CBP_IMP_TYPE_ID,CBP_CREATED_TIMESTAMP,CBP_UPDATED_TIMESTAMP,CBP_ADD_PARAM_ALLOWED,IS_DEPRECATED,DS_STAGE_TYPE,DS_ORCH_STAGE_IDENTIFIER,IS_DUMMY,IS_LEGACY,CBP_OBJECT_SUB_TYPE,EXCEPTION_COLUMN,ALLOW_EXCEPTIONS) values (11191283,'Pipeline - Data flow Activity with Compute size that is neither Small nor Medium','Pipeline - Data flow Activity with Compute size that is neither Small nor Medium','ADF - Pipeline',6100,13000,sysdate,sysdate,'N','N',null,null,'N','N',null,null,null);
Insert into CBP_RULE (CBP_RULE_ID,CBP_RULE_SHORT_DESC,CBP_RULE_NAME,CBP_OBJECT_TYPE,CBP_CODE_TYPE_ID,CBP_IMP_TYPE_ID,CBP_CREATED_TIMESTAMP,CBP_UPDATED_TIMESTAMP,CBP_ADD_PARAM_ALLOWED,IS_DEPRECATED,DS_STAGE_TYPE,DS_ORCH_STAGE_IDENTIFIER,IS_DUMMY,IS_LEGACY,CBP_OBJECT_SUB_TYPE,EXCEPTION_COLUMN,ALLOW_EXCEPTIONS) values (11191284,'Pipeline - Data flow Activity with Compute size that is either Small or Medium','Pipeline - Data flow Activity with Compute size that is either Small or Medium','ADF - Pipeline',6100,13000,sysdate,sysdate,'N','N',null,null,'N','N',null,null,null);
Insert into CBP_RULE (CBP_RULE_ID,CBP_RULE_SHORT_DESC,CBP_RULE_NAME,CBP_OBJECT_TYPE,CBP_CODE_TYPE_ID,CBP_IMP_TYPE_ID,CBP_CREATED_TIMESTAMP,CBP_UPDATED_TIMESTAMP,CBP_ADD_PARAM_ALLOWED,IS_DEPRECATED,DS_STAGE_TYPE,DS_ORCH_STAGE_IDENTIFIER,IS_DUMMY,IS_LEGACY,CBP_OBJECT_SUB_TYPE,EXCEPTION_COLUMN,ALLOW_EXCEPTIONS) values (11191285,'Pipeline - Data flow Activity using Memory Optimized vCores vs. General Purpose vCores','Pipeline - Data flow Activity using Memory Optimized vCores vs. General Purpose vCores','ADF - Pipeline',6100,13000,sysdate,sysdate,'N','N',null,null,'N','N',null,null,null);
Insert into CBP_RULE (CBP_RULE_ID,CBP_RULE_SHORT_DESC,CBP_RULE_NAME,CBP_OBJECT_TYPE,CBP_CODE_TYPE_ID,CBP_IMP_TYPE_ID,CBP_CREATED_TIMESTAMP,CBP_UPDATED_TIMESTAMP,CBP_ADD_PARAM_ALLOWED,IS_DEPRECATED,DS_STAGE_TYPE,DS_ORCH_STAGE_IDENTIFIER,IS_DUMMY,IS_LEGACY,CBP_OBJECT_SUB_TYPE,EXCEPTION_COLUMN,ALLOW_EXCEPTIONS) values (11191286,'Pipeline - Copy Data Activity has Data integration unit not set Auto','Pipeline - Copy Data Activity has Data integration unit not set Auto','ADF - Pipeline',6100,13000,sysdate,sysdate,'N','N',null,null,'N','N',null,null,null);
Commit;