Insert into CBP_RULE (CBP_RULE_ID,CBP_RULE_SHORT_DESC,CBP_RULE_NAME,CBP_OBJECT_TYPE,CBP_CODE_TYPE_ID,CBP_IMP_TYPE_ID,CBP_CREATED_TIMESTAMP,CBP_UPDATED_TIMESTAMP,CBP_ADD_PARAM_ALLOWED,IS_DEPRECATED,DS_STAGE_TYPE,DS_ORCH_STAGE_IDENTIFIER,IS_DUMMY,IS_LEGACY) values (11111111,'Naming Convention for AWS Glue Job - Crawler','Naming Convention for AWS Glue Job - Crawler','AWS Glue Job - Crawler',5100,12000,to_date('28-12-09','DD-MM-RR'),to_date('28-12-09','DD-MM-RR'),'N','N',null,null,'N','N');
Insert into CBP_RULE (CBP_RULE_ID,CBP_RULE_SHORT_DESC,CBP_RULE_NAME,CBP_OBJECT_TYPE,CBP_CODE_TYPE_ID,CBP_IMP_TYPE_ID,CBP_CREATED_TIMESTAMP,CBP_UPDATED_TIMESTAMP,CBP_ADD_PARAM_ALLOWED,IS_DEPRECATED,DS_STAGE_TYPE,DS_ORCH_STAGE_IDENTIFIER,IS_DUMMY,IS_LEGACY) values (11111112,'Naming Convention for AWS Glue Job - Python','Naming Convention for AWS Glue Job - Python','AWS Glue Job - Python',5100,12000,to_date('28-12-09','DD-MM-RR'),to_date('28-12-09','DD-MM-RR'),'N','N',null,null,'N','N');
Insert into CBP_RULE (CBP_RULE_ID,CBP_RULE_SHORT_DESC,CBP_RULE_NAME,CBP_OBJECT_TYPE,CBP_CODE_TYPE_ID,CBP_IMP_TYPE_ID,CBP_CREATED_TIMESTAMP,CBP_UPDATED_TIMESTAMP,CBP_ADD_PARAM_ALLOWED,IS_DEPRECATED,DS_STAGE_TYPE,DS_ORCH_STAGE_IDENTIFIER,IS_DUMMY,IS_LEGACY) values (11111113,'Naming Convention for AWS Glue Job - Scala','Naming Convention for AWS Glue Job - Scala','AWS Glue Job - Scala',5100,12000,to_date('28-12-09','DD-MM-RR'),to_date('28-12-09','DD-MM-RR'),'N','N',null,null,'N','N');
Insert into CBP_RULE (CBP_RULE_ID,CBP_RULE_SHORT_DESC,CBP_RULE_NAME,CBP_OBJECT_TYPE,CBP_CODE_TYPE_ID,CBP_IMP_TYPE_ID,CBP_CREATED_TIMESTAMP,CBP_UPDATED_TIMESTAMP,CBP_ADD_PARAM_ALLOWED,IS_DEPRECATED,DS_STAGE_TYPE,DS_ORCH_STAGE_IDENTIFIER,IS_DUMMY,IS_LEGACY) values (11111114,'Naming Convention for AWS Glue Job - Python Script','Naming Convention for AWS Glue Job - Python Script','AWS Glue Job - Python Script',5100,12000,to_date('28-12-09','DD-MM-RR'),to_date('28-12-09','DD-MM-RR'),'N','N',null,null,'N','N');
Insert into CBP_RULE (CBP_RULE_ID,CBP_RULE_SHORT_DESC,CBP_RULE_NAME,CBP_OBJECT_TYPE,CBP_CODE_TYPE_ID,CBP_IMP_TYPE_ID,CBP_CREATED_TIMESTAMP,CBP_UPDATED_TIMESTAMP,CBP_ADD_PARAM_ALLOWED,IS_DEPRECATED,DS_STAGE_TYPE,DS_ORCH_STAGE_IDENTIFIER,IS_DUMMY,IS_LEGACY) values (11111115,'Naming Convention for AWS Glue Job - Scala Script','Naming Convention for AWS Glue Job - Scala Script','AWS Glue Job - Scala Script',5100,12000,to_date('28-12-09','DD-MM-RR'),to_date('28-12-09','DD-MM-RR'),'N','N',null,null,'N','N');

Insert into CBP_PARAMETER (CBP_PARAMETER_ID,CBP_PARAMETER_NAME,CBP_PARAMETER_DEFAULT_VALUE,CBP_PARAMETER_SITE_VALUE,CBP_PARAMETER_DESCRIPTION,CBP_PARAMETER_KEYWORD,CBP_PARAMETER_PLACE_HOLDER,CBP_PARAMETER_DATA_TYPE,CBP_PATTERN_ID,CBP_CREATED_TIMESTAMP,CBP_UPDATED_TIMESTAMP,CBP_CONFIGURABLE,CBP_IS_PROJECT_SPECIFIC) values (11111111,'Naming Convention for AWS Glue Job - Crawler','^(crwl_)',null,'Naming Convention for AWS Glue Job - Crawler',null,null,'STRING',2000,to_date('27-JAN-22','DD-MON-RR'),to_date('27-JAN-22','DD-MON-RR'),'Y','N');
Insert into CBP_PARAMETER (CBP_PARAMETER_ID,CBP_PARAMETER_NAME,CBP_PARAMETER_DEFAULT_VALUE,CBP_PARAMETER_SITE_VALUE,CBP_PARAMETER_DESCRIPTION,CBP_PARAMETER_KEYWORD,CBP_PARAMETER_PLACE_HOLDER,CBP_PARAMETER_DATA_TYPE,CBP_PATTERN_ID,CBP_CREATED_TIMESTAMP,CBP_UPDATED_TIMESTAMP,CBP_CONFIGURABLE,CBP_IS_PROJECT_SPECIFIC) values (11111112,'Naming Convention for AWS Glue Job - Python','^(py_)',null,'Naming Convention for AWS Glue Job - Python',null,null,'STRING',2000,to_date('27-JAN-22','DD-MON-RR'),to_date('27-JAN-22','DD-MON-RR'),'Y','N');
Insert into CBP_PARAMETER (CBP_PARAMETER_ID,CBP_PARAMETER_NAME,CBP_PARAMETER_DEFAULT_VALUE,CBP_PARAMETER_SITE_VALUE,CBP_PARAMETER_DESCRIPTION,CBP_PARAMETER_KEYWORD,CBP_PARAMETER_PLACE_HOLDER,CBP_PARAMETER_DATA_TYPE,CBP_PATTERN_ID,CBP_CREATED_TIMESTAMP,CBP_UPDATED_TIMESTAMP,CBP_CONFIGURABLE,CBP_IS_PROJECT_SPECIFIC) values (11111113,'Naming Convention for AWS Glue Job - Scala','^(sc)',null,'Naming Convention for AWS Glue Job - Scala',null,null,'STRING',2000,to_date('27-JAN-22','DD-MON-RR'),to_date('27-JAN-22','DD-MON-RR'),'Y','N');
Insert into CBP_PARAMETER (CBP_PARAMETER_ID,CBP_PARAMETER_NAME,CBP_PARAMETER_DEFAULT_VALUE,CBP_PARAMETER_SITE_VALUE,CBP_PARAMETER_DESCRIPTION,CBP_PARAMETER_KEYWORD,CBP_PARAMETER_PLACE_HOLDER,CBP_PARAMETER_DATA_TYPE,CBP_PATTERN_ID,CBP_CREATED_TIMESTAMP,CBP_UPDATED_TIMESTAMP,CBP_CONFIGURABLE,CBP_IS_PROJECT_SPECIFIC) values (11111114,'Naming Convention for AWS Glue Job - Python Script','^(pyscr)',null,'Naming Convention for AWS Glue Job - Python Script',null,null,'STRING',2000,to_date('27-JAN-22','DD-MON-RR'),to_date('27-JAN-22','DD-MON-RR'),'Y','N');
Insert into CBP_PARAMETER (CBP_PARAMETER_ID,CBP_PARAMETER_NAME,CBP_PARAMETER_DEFAULT_VALUE,CBP_PARAMETER_SITE_VALUE,CBP_PARAMETER_DESCRIPTION,CBP_PARAMETER_KEYWORD,CBP_PARAMETER_PLACE_HOLDER,CBP_PARAMETER_DATA_TYPE,CBP_PATTERN_ID,CBP_CREATED_TIMESTAMP,CBP_UPDATED_TIMESTAMP,CBP_CONFIGURABLE,CBP_IS_PROJECT_SPECIFIC) values (11111115,'Naming Convention for AWS Glue Job - Scala Script','^(scscr)',null,'Naming Convention for AWS Glue Job - Crawler Script',null,null,'STRING',2000,to_date('27-JAN-22','DD-MON-RR'),to_date('27-JAN-22','DD-MON-RR'),'Y','N');

INSERT INTO CBP_RULE_PARAMETER (CBP_RULE_ID,CBP_PARAMETER_ID,CBP_CREATED_TIMESTAMP,CBP_UPDATED_TIMESTAMP) values (11111111,11111111,to_date('28-DEC-09','DD-MON-RR'),to_date('28-DEC-09','DD-MON-RR'));
INSERT INTO CBP_RULE_PARAMETER (CBP_RULE_ID,CBP_PARAMETER_ID,CBP_CREATED_TIMESTAMP,CBP_UPDATED_TIMESTAMP) values (11111112,11111112,to_date('28-DEC-09','DD-MON-RR'),to_date('28-DEC-09','DD-MON-RR'));
INSERT INTO CBP_RULE_PARAMETER (CBP_RULE_ID,CBP_PARAMETER_ID,CBP_CREATED_TIMESTAMP,CBP_UPDATED_TIMESTAMP) values (11111113,11111113,to_date('28-DEC-09','DD-MON-RR'),to_date('28-DEC-09','DD-MON-RR'));
INSERT INTO CBP_RULE_PARAMETER (CBP_RULE_ID,CBP_PARAMETER_ID,CBP_CREATED_TIMESTAMP,CBP_UPDATED_TIMESTAMP) values (11111114,11111114,to_date('28-DEC-09','DD-MON-RR'),to_date('28-DEC-09','DD-MON-RR'));
INSERT INTO CBP_RULE_PARAMETER (CBP_RULE_ID,CBP_PARAMETER_ID,CBP_CREATED_TIMESTAMP,CBP_UPDATED_TIMESTAMP) values (11111115,11111115,to_date('28-DEC-09','DD-MON-RR'),to_date('28-DEC-09','DD-MON-RR'));

INSERT INTO CBP_RULE_CRITICALITY (CBP_RULE_ID,CBP_CRITICALITY_LEVEL_ID,CBP_CREATED_TIMESTAMP,CBP_UPDATED_TIMESTAMP) values (11111111,6,to_date('15-APR-19','DD-MON-RR'),to_date('15-APR-19','DD-MON-RR'));
INSERT INTO CBP_RULE_CRITICALITY (CBP_RULE_ID,CBP_CRITICALITY_LEVEL_ID,CBP_CREATED_TIMESTAMP,CBP_UPDATED_TIMESTAMP) values (11111112,6,to_date('15-APR-19','DD-MON-RR'),to_date('15-APR-19','DD-MON-RR'));
INSERT INTO CBP_RULE_CRITICALITY (CBP_RULE_ID,CBP_CRITICALITY_LEVEL_ID,CBP_CREATED_TIMESTAMP,CBP_UPDATED_TIMESTAMP) values (11111113,6,to_date('15-APR-19','DD-MON-RR'),to_date('15-APR-19','DD-MON-RR'));
INSERT INTO CBP_RULE_CRITICALITY (CBP_RULE_ID,CBP_CRITICALITY_LEVEL_ID,CBP_CREATED_TIMESTAMP,CBP_UPDATED_TIMESTAMP) values (11111114,6,to_date('15-APR-19','DD-MON-RR'),to_date('15-APR-19','DD-MON-RR'));
INSERT INTO CBP_RULE_CRITICALITY (CBP_RULE_ID,CBP_CRITICALITY_LEVEL_ID,CBP_CREATED_TIMESTAMP,CBP_UPDATED_TIMESTAMP) values (11111115,6,to_date('15-APR-19','DD-MON-RR'),to_date('15-APR-19','DD-MON-RR'));

INSERT INTO CBP_RULE_CATEGORY (CBP_RULE_ID,CBP_CATEGORY_ID,CBP_CREATED_TIMESTAMP,CBP_UPDATED_TIMESTAMP) values (11111111,12,to_date('08-MAY-19','DD-MON-RR'),to_date('08-MAY-19','DD-MON-RR'));
INSERT INTO CBP_RULE_CATEGORY (CBP_RULE_ID,CBP_CATEGORY_ID,CBP_CREATED_TIMESTAMP,CBP_UPDATED_TIMESTAMP) values (11111112,12,to_date('08-MAY-19','DD-MON-RR'),to_date('08-MAY-19','DD-MON-RR'));
INSERT INTO CBP_RULE_CATEGORY (CBP_RULE_ID,CBP_CATEGORY_ID,CBP_CREATED_TIMESTAMP,CBP_UPDATED_TIMESTAMP) values (11111113,12,to_date('08-MAY-19','DD-MON-RR'),to_date('08-MAY-19','DD-MON-RR'));
INSERT INTO CBP_RULE_CATEGORY (CBP_RULE_ID,CBP_CATEGORY_ID,CBP_CREATED_TIMESTAMP,CBP_UPDATED_TIMESTAMP) values (11111114,12,to_date('08-MAY-19','DD-MON-RR'),to_date('08-MAY-19','DD-MON-RR'));
INSERT INTO CBP_RULE_CATEGORY (CBP_RULE_ID,CBP_CATEGORY_ID,CBP_CREATED_TIMESTAMP,CBP_UPDATED_TIMESTAMP) values (11111115,12,to_date('08-MAY-19','DD-MON-RR'),to_date('08-MAY-19','DD-MON-RR'));

COMMIT;	