-- CBP_RULE
Insert into CBP_RULE (CBP_RULE_ID,CBP_RULE_SHORT_DESC,CBP_RULE_NAME,CBP_OBJECT_TYPE,CBP_CODE_TYPE_ID,CBP_IMP_TYPE_ID,CBP_CREATED_TIMESTAMP,CBP_UPDATED_TIMESTAMP,CBP_ADD_PARAM_ALLOWED,IS_DEPRECATED,IS_DUMMY,IS_LEGACY) values (20009901,'Naming Convention Application','Naming Convention Application','Application',3,3,sysdate,sysdate,'N','N','N','N');
Insert into CBP_RULE (CBP_RULE_ID,CBP_RULE_SHORT_DESC,CBP_RULE_NAME,CBP_OBJECT_TYPE,CBP_CODE_TYPE_ID,CBP_IMP_TYPE_ID,CBP_CREATED_TIMESTAMP,CBP_UPDATED_TIMESTAMP,CBP_ADD_PARAM_ALLOWED,IS_DEPRECATED,IS_DUMMY,IS_LEGACY) values (20009902,'Naming Convention Reference Table','Naming Convention Reference Table','Reference Table',3,3,sysdate,sysdate,'N','N','N','N');
Insert into CBP_RULE (CBP_RULE_ID,CBP_RULE_SHORT_DESC,CBP_RULE_NAME,CBP_OBJECT_TYPE,CBP_CODE_TYPE_ID,CBP_IMP_TYPE_ID,CBP_CREATED_TIMESTAMP,CBP_UPDATED_TIMESTAMP,CBP_ADD_PARAM_ALLOWED,IS_DEPRECATED,IS_DUMMY,IS_LEGACY) values (20009903,'Naming Convention Mapping','Naming Convention Mapping','Mapping',3,3,sysdate,sysdate,'N','N','N','N');
Insert into CBP_RULE (CBP_RULE_ID,CBP_RULE_SHORT_DESC,CBP_RULE_NAME,CBP_OBJECT_TYPE,CBP_CODE_TYPE_ID,CBP_IMP_TYPE_ID,CBP_CREATED_TIMESTAMP,CBP_UPDATED_TIMESTAMP,CBP_ADD_PARAM_ALLOWED,IS_DEPRECATED,IS_DUMMY,IS_LEGACY) values (20009904,'Naming Convention Mapplet','Naming Convention Mapplet','Mapplet',3,3,sysdate,sysdate,'N','N','N','N');
Insert into CBP_RULE (CBP_RULE_ID,CBP_RULE_SHORT_DESC,CBP_RULE_NAME,CBP_OBJECT_TYPE,CBP_CODE_TYPE_ID,CBP_IMP_TYPE_ID,CBP_CREATED_TIMESTAMP,CBP_UPDATED_TIMESTAMP,CBP_ADD_PARAM_ALLOWED,IS_DEPRECATED,IS_DUMMY,IS_LEGACY) values (20009905,'Naming Convention Profile','Naming Convention Profile','Profile',3,3,sysdate,sysdate,'N','N','N','N');
Insert into CBP_RULE (CBP_RULE_ID,CBP_RULE_SHORT_DESC,CBP_RULE_NAME,CBP_OBJECT_TYPE,CBP_CODE_TYPE_ID,CBP_IMP_TYPE_ID,CBP_CREATED_TIMESTAMP,CBP_UPDATED_TIMESTAMP,CBP_ADD_PARAM_ALLOWED,IS_DEPRECATED,IS_DUMMY,IS_LEGACY) values (20009906,'Naming Convention Workflow','Naming Convention Workflow','Workflow',3,3,sysdate,sysdate,'N','N','N','N');
Insert into CBP_RULE (CBP_RULE_ID,CBP_RULE_SHORT_DESC,CBP_RULE_NAME,CBP_OBJECT_TYPE,CBP_CODE_TYPE_ID,CBP_IMP_TYPE_ID,CBP_CREATED_TIMESTAMP,CBP_UPDATED_TIMESTAMP,CBP_ADD_PARAM_ALLOWED,IS_DEPRECATED,IS_DUMMY,IS_LEGACY) values (20009907,'Logical Data Object Model without Description','Logical Data Object Model without Description','Logical Data Object Model',3,1,sysdate,sysdate,'N','N','N','N');
Insert into CBP_RULE (CBP_RULE_ID,CBP_RULE_SHORT_DESC,CBP_RULE_NAME,CBP_OBJECT_TYPE,CBP_CODE_TYPE_ID,CBP_IMP_TYPE_ID,CBP_CREATED_TIMESTAMP,CBP_UPDATED_TIMESTAMP,CBP_ADD_PARAM_ALLOWED,IS_DEPRECATED,IS_DUMMY,IS_LEGACY) values (20009908,'Physical Data Object - Flat File without Description','Physical Data Object - Flat File without Description','Physical Data Object - Flat File',3,1,sysdate,sysdate,'N','N','N','N');
Insert into CBP_RULE (CBP_RULE_ID,CBP_RULE_SHORT_DESC,CBP_RULE_NAME,CBP_OBJECT_TYPE,CBP_CODE_TYPE_ID,CBP_IMP_TYPE_ID,CBP_CREATED_TIMESTAMP,CBP_UPDATED_TIMESTAMP,CBP_ADD_PARAM_ALLOWED,IS_DEPRECATED,IS_DUMMY,IS_LEGACY) values (20009909,'Physical Data Object - Relational without Description','Physical Data Object - Relational without Description','Physical Data Object - Relational',3,1,sysdate,sysdate,'N','N','N','N');
Insert into CBP_RULE (CBP_RULE_ID,CBP_RULE_SHORT_DESC,CBP_RULE_NAME,CBP_OBJECT_TYPE,CBP_CODE_TYPE_ID,CBP_IMP_TYPE_ID,CBP_CREATED_TIMESTAMP,CBP_UPDATED_TIMESTAMP,CBP_ADD_PARAM_ALLOWED,IS_DEPRECATED,IS_DUMMY,IS_LEGACY) values (20009910,'Reusable Transformation without Description','Reusable Transformation without Description','Transformation',3,1,sysdate,sysdate,'N','N','N','N');
Insert into CBP_RULE (CBP_RULE_ID,CBP_RULE_SHORT_DESC,CBP_RULE_NAME,CBP_OBJECT_TYPE,CBP_CODE_TYPE_ID,CBP_IMP_TYPE_ID,CBP_CREATED_TIMESTAMP,CBP_UPDATED_TIMESTAMP,CBP_ADD_PARAM_ALLOWED,IS_DEPRECATED,IS_DUMMY,IS_LEGACY) values (20009911,'Mapping without Description','Mapping without Description','Mapping',3,1,sysdate,sysdate,'N','N','N','N');
Insert into CBP_RULE (CBP_RULE_ID,CBP_RULE_SHORT_DESC,CBP_RULE_NAME,CBP_OBJECT_TYPE,CBP_CODE_TYPE_ID,CBP_IMP_TYPE_ID,CBP_CREATED_TIMESTAMP,CBP_UPDATED_TIMESTAMP,CBP_ADD_PARAM_ALLOWED,IS_DEPRECATED,IS_DUMMY,IS_LEGACY) values (20009912,'Mapplet without Description','Mapplet without Description','Mapplet',3,1,sysdate,sysdate,'N','N','N','N');
Insert into CBP_RULE (CBP_RULE_ID,CBP_RULE_SHORT_DESC,CBP_RULE_NAME,CBP_OBJECT_TYPE,CBP_CODE_TYPE_ID,CBP_IMP_TYPE_ID,CBP_CREATED_TIMESTAMP,CBP_UPDATED_TIMESTAMP,CBP_ADD_PARAM_ALLOWED,IS_DEPRECATED,IS_DUMMY,IS_LEGACY) values (20009913,'Mapping / Mapplet - Transformation without Description','Mapping / Mapplet - Transformation without Description','Mapping/Mapplet',3,1,sysdate,sysdate,'N','N','N','N');
Insert into CBP_RULE (CBP_RULE_ID,CBP_RULE_SHORT_DESC,CBP_RULE_NAME,CBP_OBJECT_TYPE,CBP_CODE_TYPE_ID,CBP_IMP_TYPE_ID,CBP_CREATED_TIMESTAMP,CBP_UPDATED_TIMESTAMP,CBP_ADD_PARAM_ALLOWED,IS_DEPRECATED,IS_DUMMY,IS_LEGACY) values (20009914,'Mapping / Mapplet - Aggregator Sorted Input is not enabled - will behave sub-optimally','Mapping / Mapplet - Aggregator Sorted Input is not enabled - will behave sub-optimally','Mapping/Mapplet',3,1,sysdate,sysdate,'N','N','N','N');
Insert into CBP_RULE (CBP_RULE_ID,CBP_RULE_SHORT_DESC,CBP_RULE_NAME,CBP_OBJECT_TYPE,CBP_CODE_TYPE_ID,CBP_IMP_TYPE_ID,CBP_CREATED_TIMESTAMP,CBP_UPDATED_TIMESTAMP,CBP_ADD_PARAM_ALLOWED,IS_DEPRECATED,IS_DUMMY,IS_LEGACY) values (20009915,'Mapping / Mapplet - Aggregator with Group By on a Complex Expression Port','Mapping / Mapplet - Aggregator with Group By on a Complex Expression Port','Mapping/Mapplet',3,1,sysdate,sysdate,'N','N','N','N');
Insert into CBP_RULE (CBP_RULE_ID,CBP_RULE_SHORT_DESC,CBP_RULE_NAME,CBP_OBJECT_TYPE,CBP_CODE_TYPE_ID,CBP_IMP_TYPE_ID,CBP_CREATED_TIMESTAMP,CBP_UPDATED_TIMESTAMP,CBP_ADD_PARAM_ALLOWED,IS_DEPRECATED,IS_DUMMY,IS_LEGACY) values (20009916,'Mapping / Mapplet - Aggregator has too many Group By Ports','Mapping / Mapplet - Aggregator has too many Group By Ports','Mapping/Mapplet',3,1,sysdate,sysdate,'N','N','N','N');
Insert into CBP_RULE (CBP_RULE_ID,CBP_RULE_SHORT_DESC,CBP_RULE_NAME,CBP_OBJECT_TYPE,CBP_CODE_TYPE_ID,CBP_IMP_TYPE_ID,CBP_CREATED_TIMESTAMP,CBP_UPDATED_TIMESTAMP,CBP_ADD_PARAM_ALLOWED,IS_DEPRECATED,IS_DUMMY,IS_LEGACY) values (20009917,'Mapping / Mapplet - Aggregator has no Group by Ports','Mapping / Mapplet - Aggregator has no Group by Ports','Mapping/Mapplet',3,1,sysdate,sysdate,'N','N','N','N');
Insert into CBP_RULE (CBP_RULE_ID,CBP_RULE_SHORT_DESC,CBP_RULE_NAME,CBP_OBJECT_TYPE,CBP_CODE_TYPE_ID,CBP_IMP_TYPE_ID,CBP_CREATED_TIMESTAMP,CBP_UPDATED_TIMESTAMP,CBP_ADD_PARAM_ALLOWED,IS_DEPRECATED,IS_DUMMY,IS_LEGACY) values (20009918,'Mapping / Mapplet - Filter Transformation has a Complex Expression in the Filter Condition','Mapping / Mapplet - Filter Transformation has a Complex Expression in the Filter Condition','Mapping/Mapplet',3,1,sysdate,sysdate,'N','N','N','N');
Insert into CBP_RULE (CBP_RULE_ID,CBP_RULE_SHORT_DESC,CBP_RULE_NAME,CBP_OBJECT_TYPE,CBP_CODE_TYPE_ID,CBP_IMP_TYPE_ID,CBP_CREATED_TIMESTAMP,CBP_UPDATED_TIMESTAMP,CBP_ADD_PARAM_ALLOWED,IS_DEPRECATED,IS_DUMMY,IS_LEGACY) values (20009923,'Mapping / Mapplet - Free Search on Expression Port - Any Keyword Found','Mapping / Mapplet - Free Search on Expression Port - Any Keyword Found','Mapping/Mapplet',3,10,sysdate,sysdate,'Y','N','N','N');
Insert into CBP_RULE (CBP_RULE_ID,CBP_RULE_SHORT_DESC,CBP_RULE_NAME,CBP_OBJECT_TYPE,CBP_CODE_TYPE_ID,CBP_IMP_TYPE_ID,CBP_CREATED_TIMESTAMP,CBP_UPDATED_TIMESTAMP,CBP_ADD_PARAM_ALLOWED,IS_DEPRECATED,IS_DUMMY,IS_LEGACY) values (20009924,'Mapping / Mapplet - Free Search on Aggregator Port - Any Keyword Found','Mapping / Mapplet - Free Search on Aggregator Port - Any Keyword Found','Mapping/Mapplet',3,10,sysdate,sysdate,'Y','N','N','N');
Insert into CBP_RULE (CBP_RULE_ID,CBP_RULE_SHORT_DESC,CBP_RULE_NAME,CBP_OBJECT_TYPE,CBP_CODE_TYPE_ID,CBP_IMP_TYPE_ID,CBP_CREATED_TIMESTAMP,CBP_UPDATED_TIMESTAMP,CBP_ADD_PARAM_ALLOWED,IS_DEPRECATED,IS_DUMMY,IS_LEGACY) values (20009925,'Mapping / Mapplet - Free Search on Filter Condition - Any Keyword Found','Mapping / Mapplet - Free Search on Filter Condition - Any Keyword Found','Mapping/Mapplet',3,10,sysdate,sysdate,'Y','N','N','N');
Insert into CBP_RULE (CBP_RULE_ID,CBP_RULE_SHORT_DESC,CBP_RULE_NAME,CBP_OBJECT_TYPE,CBP_CODE_TYPE_ID,CBP_IMP_TYPE_ID,CBP_CREATED_TIMESTAMP,CBP_UPDATED_TIMESTAMP,CBP_ADD_PARAM_ALLOWED,IS_DEPRECATED,IS_DUMMY,IS_LEGACY) values (20009926,'Mapping / Mapplet - Free Search on Lookup Query Filter - Any Keyword Found','Mapping / Mapplet - Free Search on Lookup Query Filter - Any Keyword Found','Mapping/Mapplet',3,10,sysdate,sysdate,'Y','N','N','N');
Insert into CBP_RULE (CBP_RULE_ID,CBP_RULE_SHORT_DESC,CBP_RULE_NAME,CBP_OBJECT_TYPE,CBP_CODE_TYPE_ID,CBP_IMP_TYPE_ID,CBP_CREATED_TIMESTAMP,CBP_UPDATED_TIMESTAMP,CBP_ADD_PARAM_ALLOWED,IS_DEPRECATED,IS_DUMMY,IS_LEGACY) values (20009927,'Mapping / Mapplet - Free Search on Lookup Query - Any Keyword Found','Mapping / Mapplet - Free Search on Lookup Query - Any Keyword Found','Mapping/Mapplet',3,10,sysdate,sysdate,'Y','N','N','N');
Insert into CBP_RULE (CBP_RULE_ID,CBP_RULE_SHORT_DESC,CBP_RULE_NAME,CBP_OBJECT_TYPE,CBP_CODE_TYPE_ID,CBP_IMP_TYPE_ID,CBP_CREATED_TIMESTAMP,CBP_UPDATED_TIMESTAMP,CBP_ADD_PARAM_ALLOWED,IS_DEPRECATED,IS_DUMMY,IS_LEGACY) values (20009928,'Mapping / Mapplet - Free Search on Read Query - Any Keyword Found','Mapping / Mapplet - Free Search on Read Query - Any Keyword Found','Mapping/Mapplet',3,10,sysdate,sysdate,'Y','N','N','N');
Insert into CBP_RULE (CBP_RULE_ID,CBP_RULE_SHORT_DESC,CBP_RULE_NAME,CBP_OBJECT_TYPE,CBP_CODE_TYPE_ID,CBP_IMP_TYPE_ID,CBP_CREATED_TIMESTAMP,CBP_UPDATED_TIMESTAMP,CBP_ADD_PARAM_ALLOWED,IS_DEPRECATED,IS_DUMMY,IS_LEGACY) values (20009929,'Mapping / Mapplet - Read has Select Distinct property enabled or has a Distinct clause in the SQL Query','Mapping / Mapplet - Read has Select Distinct property enabled or has a Distinct clause in the SQL Query','Mapping/Mapplet',3,1,sysdate,sysdate,'N','N','N','N');
Insert into CBP_RULE (CBP_RULE_ID,CBP_RULE_SHORT_DESC,CBP_RULE_NAME,CBP_OBJECT_TYPE,CBP_CODE_TYPE_ID,CBP_IMP_TYPE_ID,CBP_CREATED_TIMESTAMP,CBP_UPDATED_TIMESTAMP,CBP_ADD_PARAM_ALLOWED,IS_DEPRECATED,IS_DUMMY,IS_LEGACY) values (20009930,'Mapping / Mapplet - Read has Complex SQL Query','Mapping / Mapplet - Read has Complex SQL Query','Mapping/Mapplet',3,1,sysdate,sysdate,'N','N','N','N');
Insert into CBP_RULE (CBP_RULE_ID,CBP_RULE_SHORT_DESC,CBP_RULE_NAME,CBP_OBJECT_TYPE,CBP_CODE_TYPE_ID,CBP_IMP_TYPE_ID,CBP_CREATED_TIMESTAMP,CBP_UPDATED_TIMESTAMP,CBP_ADD_PARAM_ALLOWED,IS_DEPRECATED,IS_DUMMY,IS_LEGACY) values (20009932,'Mapping - Missing Mandatory Documentation Tag in Description','Mapping - Missing Mandatory Documentation Tag in Description','Mapping',3,1100,sysdate,sysdate,'Y','N','N','N');
Insert into CBP_RULE (CBP_RULE_ID,CBP_RULE_SHORT_DESC,CBP_RULE_NAME,CBP_OBJECT_TYPE,CBP_CODE_TYPE_ID,CBP_IMP_TYPE_ID,CBP_CREATED_TIMESTAMP,CBP_UPDATED_TIMESTAMP,CBP_ADD_PARAM_ALLOWED,IS_DEPRECATED,IS_DUMMY,IS_LEGACY) values (20009933,'Missing Mandatory Expression(s) in Mapping','Missing Mandatory Expression(s) in Mapping','Mapping',3,1100,sysdate,sysdate,'Y','N','N','N');
Insert into CBP_RULE (CBP_RULE_ID,CBP_RULE_SHORT_DESC,CBP_RULE_NAME,CBP_OBJECT_TYPE,CBP_CODE_TYPE_ID,CBP_IMP_TYPE_ID,CBP_CREATED_TIMESTAMP,CBP_UPDATED_TIMESTAMP,CBP_ADD_PARAM_ALLOWED,IS_DEPRECATED,IS_DUMMY,IS_LEGACY) values (20009934,'Mapping / Mapplet - Too many Aggregator Transformations','Mapping / Mapplet - Too many Aggregator Transformations','Mapping/Mapplet',3,1,sysdate,sysdate,'N','N','N','N');
Insert into CBP_RULE (CBP_RULE_ID,CBP_RULE_SHORT_DESC,CBP_RULE_NAME,CBP_OBJECT_TYPE,CBP_CODE_TYPE_ID,CBP_IMP_TYPE_ID,CBP_CREATED_TIMESTAMP,CBP_UPDATED_TIMESTAMP,CBP_ADD_PARAM_ALLOWED,IS_DEPRECATED,IS_DUMMY,IS_LEGACY) values (20009935,'Mapping / Mapplet - Aggregator Data Cache Size not in expected range','Mapping / Mapplet - Aggregator Data Cache Size not in expected range','Mapping/Mapplet',3,1,sysdate,sysdate,'N','N','N','N');
Insert into CBP_RULE (CBP_RULE_ID,CBP_RULE_SHORT_DESC,CBP_RULE_NAME,CBP_OBJECT_TYPE,CBP_CODE_TYPE_ID,CBP_IMP_TYPE_ID,CBP_CREATED_TIMESTAMP,CBP_UPDATED_TIMESTAMP,CBP_ADD_PARAM_ALLOWED,IS_DEPRECATED,IS_DUMMY,IS_LEGACY) values (20009936,'Mapping / Mapplet - Aggregator Data Cache Size Not Set To Auto','Mapping / Mapplet - Aggregator Data Cache Size Not Set To Auto','Mapping/Mapplet',3,1,sysdate,sysdate,'N','N','N','N');
Insert into CBP_RULE (CBP_RULE_ID,CBP_RULE_SHORT_DESC,CBP_RULE_NAME,CBP_OBJECT_TYPE,CBP_CODE_TYPE_ID,CBP_IMP_TYPE_ID,CBP_CREATED_TIMESTAMP,CBP_UPDATED_TIMESTAMP,CBP_ADD_PARAM_ALLOWED,IS_DEPRECATED,IS_DUMMY,IS_LEGACY) values (20009937,'Mapping / Mapplet - Aggregator Cache Directory not As Expected','Mapping / Mapplet - Aggregator Cache Directory not As Expected','Mapping/Mapplet',3,3,sysdate,sysdate,'N','N','N','N');
Insert into CBP_RULE (CBP_RULE_ID,CBP_RULE_SHORT_DESC,CBP_RULE_NAME,CBP_OBJECT_TYPE,CBP_CODE_TYPE_ID,CBP_IMP_TYPE_ID,CBP_CREATED_TIMESTAMP,CBP_UPDATED_TIMESTAMP,CBP_ADD_PARAM_ALLOWED,IS_DEPRECATED,IS_DUMMY,IS_LEGACY) values (20009938,'Mapping / Mapplet - Lookup Data Cache Size not in expected range','Mapping / Mapplet - Lookup Data Cache Size not in expected range','Mapping/Mapplet',3,1,sysdate,sysdate,'N','N','N','N');
Insert into CBP_RULE (CBP_RULE_ID,CBP_RULE_SHORT_DESC,CBP_RULE_NAME,CBP_OBJECT_TYPE,CBP_CODE_TYPE_ID,CBP_IMP_TYPE_ID,CBP_CREATED_TIMESTAMP,CBP_UPDATED_TIMESTAMP,CBP_ADD_PARAM_ALLOWED,IS_DEPRECATED,IS_DUMMY,IS_LEGACY) values (20009939,'Mapping / Mapplet - Lookup Data Cache Size Not Set To Auto','Mapping / Mapplet - Lookup Data Cache Size Not Set To Auto','Mapping/Mapplet',3,1,sysdate,sysdate,'N','N','N','N');
Insert into CBP_RULE (CBP_RULE_ID,CBP_RULE_SHORT_DESC,CBP_RULE_NAME,CBP_OBJECT_TYPE,CBP_CODE_TYPE_ID,CBP_IMP_TYPE_ID,CBP_CREATED_TIMESTAMP,CBP_UPDATED_TIMESTAMP,CBP_ADD_PARAM_ALLOWED,IS_DEPRECATED,IS_DUMMY,IS_LEGACY) values (20009940,'Mapping / Mapplet - Lookup Cache Directory not As Expected','Mapping / Mapplet - Lookup Cache Directory not As Expected','Mapping/Mapplet',3,3,sysdate,sysdate,'N','N','N','N');
Insert into CBP_RULE (CBP_RULE_ID,CBP_RULE_SHORT_DESC,CBP_RULE_NAME,CBP_OBJECT_TYPE,CBP_CODE_TYPE_ID,CBP_IMP_TYPE_ID,CBP_CREATED_TIMESTAMP,CBP_UPDATED_TIMESTAMP,CBP_ADD_PARAM_ALLOWED,IS_DEPRECATED,IS_DUMMY,IS_LEGACY) values (20009941,'Mapping / Mapplet - Lookup Caching Enabled','Mapping / Mapplet - Lookup Caching Enabled','Mapping/Mapplet',3,1,sysdate,sysdate,'N','N','N','N');
Insert into CBP_RULE (CBP_RULE_ID,CBP_RULE_SHORT_DESC,CBP_RULE_NAME,CBP_OBJECT_TYPE,CBP_CODE_TYPE_ID,CBP_IMP_TYPE_ID,CBP_CREATED_TIMESTAMP,CBP_UPDATED_TIMESTAMP,CBP_ADD_PARAM_ALLOWED,IS_DEPRECATED,IS_DUMMY,IS_LEGACY) values (20009942,'Mapping / Mapplet - Free Search on Lookup Query - Keyword Not Found','Mapping / Mapplet - Free Search on Lookup Query - Keyword Not Found','Mapping/Mapplet',3,1100,sysdate,sysdate,'Y','N','N','N');
Insert into CBP_RULE (CBP_RULE_ID,CBP_RULE_SHORT_DESC,CBP_RULE_NAME,CBP_OBJECT_TYPE,CBP_CODE_TYPE_ID,CBP_IMP_TYPE_ID,CBP_CREATED_TIMESTAMP,CBP_UPDATED_TIMESTAMP,CBP_ADD_PARAM_ALLOWED,IS_DEPRECATED,IS_DUMMY,IS_LEGACY) values (20009943,'Mapping / Mapplet - Free Search on Read Query - Keyword Not Found','Mapping / Mapplet - Free Search on Read Query - Keyword Not Found','Mapping/Mapplet',3,1100,sysdate,sysdate,'Y','N','N','N');
Insert into CBP_RULE (CBP_RULE_ID,CBP_RULE_SHORT_DESC,CBP_RULE_NAME,CBP_OBJECT_TYPE,CBP_CODE_TYPE_ID,CBP_IMP_TYPE_ID,CBP_CREATED_TIMESTAMP,CBP_UPDATED_TIMESTAMP,CBP_ADD_PARAM_ALLOWED,IS_DEPRECATED,IS_DUMMY,IS_LEGACY) values (20009944,'Mapping / Mapplet - Transformation Tracing level not set to normal','Mapping / Mapplet - Transformation Tracing level not set to normal','Mapping/Mapplet',3,1,sysdate,sysdate,'N','N','N','N');
Insert into CBP_RULE (CBP_RULE_ID,CBP_RULE_SHORT_DESC,CBP_RULE_NAME,CBP_OBJECT_TYPE,CBP_CODE_TYPE_ID,CBP_IMP_TYPE_ID,CBP_CREATED_TIMESTAMP,CBP_UPDATED_TIMESTAMP,CBP_ADD_PARAM_ALLOWED,IS_DEPRECATED,IS_DUMMY,IS_LEGACY) values (20009945,'Mapping / Mapplet - Joiner Sorted Input not enabled','Mapping / Mapplet - Joiner Sorted Input not enabled','Mapping/Mapplet',3,1,sysdate,sysdate,'N','N','N','N');
Insert into CBP_RULE (CBP_RULE_ID,CBP_RULE_SHORT_DESC,CBP_RULE_NAME,CBP_OBJECT_TYPE,CBP_CODE_TYPE_ID,CBP_IMP_TYPE_ID,CBP_CREATED_TIMESTAMP,CBP_UPDATED_TIMESTAMP,CBP_ADD_PARAM_ALLOWED,IS_DEPRECATED,IS_DUMMY,IS_LEGACY) values (20009946,'Mapping / Mapplet - Lookup property On Multiple Matches set to Report Error','Mapping / Mapplet - Lookup property On Multiple Matches set to Report Error','Mapping/Mapplet',3,1,sysdate,sysdate,'N','N','N','N');
Insert into CBP_RULE (CBP_RULE_ID,CBP_RULE_SHORT_DESC,CBP_RULE_NAME,CBP_OBJECT_TYPE,CBP_CODE_TYPE_ID,CBP_IMP_TYPE_ID,CBP_CREATED_TIMESTAMP,CBP_UPDATED_TIMESTAMP,CBP_ADD_PARAM_ALLOWED,IS_DEPRECATED,IS_DUMMY,IS_LEGACY) values (20009947,'Mapping / Mapplet - Lookup property On Multiple Matches Not set to Report Error (Discouraging Multiple Matches Found)','Mapping / Mapplet - Lookup property On Multiple Matches Not set to Report Error (Discouraging Multiple Matches Found)','Mapping/Mapplet',3,1,sysdate,sysdate,'N','N','N','N');
Insert into CBP_RULE (CBP_RULE_ID,CBP_RULE_SHORT_DESC,CBP_RULE_NAME,CBP_OBJECT_TYPE,CBP_CODE_TYPE_ID,CBP_IMP_TYPE_ID,CBP_CREATED_TIMESTAMP,CBP_UPDATED_TIMESTAMP,CBP_ADD_PARAM_ALLOWED,IS_DEPRECATED,IS_DUMMY,IS_LEGACY) values (20009948,'Mapping / Mapplet - Use of Multiple Filters vs. Router','Mapping / Mapplet - Use of Multiple Filters vs. Router','Mapping/Mapplet',3,1,sysdate,sysdate,'N','N','N','N');
Insert into CBP_RULE (CBP_RULE_ID,CBP_RULE_SHORT_DESC,CBP_RULE_NAME,CBP_OBJECT_TYPE,CBP_CODE_TYPE_ID,CBP_IMP_TYPE_ID,CBP_CREATED_TIMESTAMP,CBP_UPDATED_TIMESTAMP,CBP_ADD_PARAM_ALLOWED,IS_DEPRECATED,IS_DUMMY,IS_LEGACY) values (20009953,'Folder - Missing Mandatory Documentation Tag in Description','Folder - Missing Mandatory Documentation Tag in Description','Folder',3,1100,sysdate,sysdate,'Y','N','N','N');
Insert into CBP_RULE (CBP_RULE_ID,CBP_RULE_SHORT_DESC,CBP_RULE_NAME,CBP_OBJECT_TYPE,CBP_CODE_TYPE_ID,CBP_IMP_TYPE_ID,CBP_CREATED_TIMESTAMP,CBP_UPDATED_TIMESTAMP,CBP_ADD_PARAM_ALLOWED,IS_DEPRECATED,IS_DUMMY,IS_LEGACY) values (20009954,'Folder without Description','Folder without Description','Folder',3,1,sysdate,sysdate,'N','N','N','N');
-- CBP_PARAMETER
Insert into CBP_PARAMETER (CBP_PARAMETER_ID,CBP_PARAMETER_NAME,CBP_PARAMETER_DEFAULT_VALUE,CBP_PARAMETER_SITE_VALUE,CBP_PARAMETER_DESCRIPTION,CBP_PARAMETER_KEYWORD,CBP_PARAMETER_PLACE_HOLDER,CBP_PARAMETER_DATA_TYPE,CBP_PATTERN_ID,CBP_CREATED_TIMESTAMP,CBP_UPDATED_TIMESTAMP,CBP_CONFIGURABLE,CBP_IS_PROJECT_SPECIFIC) values (20000101,'Naming Convention Application RegEx','^(apps_)',null,'Naming Convention Application RegEx',null,'COEURDATA_APPS_NAME_CONVENTION_PREFIX','STRING',2000,sysdate,sysdate,'Y','N');
Insert into CBP_PARAMETER (CBP_PARAMETER_ID,CBP_PARAMETER_NAME,CBP_PARAMETER_DEFAULT_VALUE,CBP_PARAMETER_SITE_VALUE,CBP_PARAMETER_DESCRIPTION,CBP_PARAMETER_KEYWORD,CBP_PARAMETER_PLACE_HOLDER,CBP_PARAMETER_DATA_TYPE,CBP_PATTERN_ID,CBP_CREATED_TIMESTAMP,CBP_UPDATED_TIMESTAMP,CBP_CONFIGURABLE,CBP_IS_PROJECT_SPECIFIC) values (20000103,'Naming Convention Reference Table RegEx','^(Ref_)',null,'Naming Convention Reference Table RegEx',null,'COEURDATA_REFT_NAME_CONVENTION_PREFIX','STRING',2000,sysdate,sysdate,'Y','N');
Insert into CBP_PARAMETER (CBP_PARAMETER_ID,CBP_PARAMETER_NAME,CBP_PARAMETER_DEFAULT_VALUE,CBP_PARAMETER_SITE_VALUE,CBP_PARAMETER_DESCRIPTION,CBP_PARAMETER_KEYWORD,CBP_PARAMETER_PLACE_HOLDER,CBP_PARAMETER_DATA_TYPE,CBP_PATTERN_ID,CBP_CREATED_TIMESTAMP,CBP_UPDATED_TIMESTAMP,CBP_CONFIGURABLE,CBP_IS_PROJECT_SPECIFIC) values (20000105,'Naming Convention Mapping RegEx','^(map_)',null,'Naming Convention Mapping RegEx',null,'COEURDATA_MAP_CONVENTION_PREFIX','STRING',2000,sysdate,sysdate,'Y','N');
Insert into CBP_PARAMETER (CBP_PARAMETER_ID,CBP_PARAMETER_NAME,CBP_PARAMETER_DEFAULT_VALUE,CBP_PARAMETER_SITE_VALUE,CBP_PARAMETER_DESCRIPTION,CBP_PARAMETER_KEYWORD,CBP_PARAMETER_PLACE_HOLDER,CBP_PARAMETER_DATA_TYPE,CBP_PATTERN_ID,CBP_CREATED_TIMESTAMP,CBP_UPDATED_TIMESTAMP,CBP_CONFIGURABLE,CBP_IS_PROJECT_SPECIFIC) values (20000107,'Naming Convention Mapplet RegEx','^(mapplet_)',null,'Naming Convention Mapplet RegEx',null,'COEURDATA_MAPPLET_CONVENTION_PREFIX','STRING',2000,sysdate,sysdate,'Y','N');
Insert into CBP_PARAMETER (CBP_PARAMETER_ID,CBP_PARAMETER_NAME,CBP_PARAMETER_DEFAULT_VALUE,CBP_PARAMETER_SITE_VALUE,CBP_PARAMETER_DESCRIPTION,CBP_PARAMETER_KEYWORD,CBP_PARAMETER_PLACE_HOLDER,CBP_PARAMETER_DATA_TYPE,CBP_PATTERN_ID,CBP_CREATED_TIMESTAMP,CBP_UPDATED_TIMESTAMP,CBP_CONFIGURABLE,CBP_IS_PROJECT_SPECIFIC) values (20000109,'Naming Convention Profile RegEx','^(Prof_)',null,'Naming Convention Profile RegEx',null,'COEURDATA_PROF_NAME_CONVENTION_PREFIX','STRING',2000,sysdate,sysdate,'Y','N');
Insert into CBP_PARAMETER (CBP_PARAMETER_ID,CBP_PARAMETER_NAME,CBP_PARAMETER_DEFAULT_VALUE,CBP_PARAMETER_SITE_VALUE,CBP_PARAMETER_DESCRIPTION,CBP_PARAMETER_KEYWORD,CBP_PARAMETER_PLACE_HOLDER,CBP_PARAMETER_DATA_TYPE,CBP_PATTERN_ID,CBP_CREATED_TIMESTAMP,CBP_UPDATED_TIMESTAMP,CBP_CONFIGURABLE,CBP_IS_PROJECT_SPECIFIC) values (20000111,'Naming Convention Workflow RegEx','^(Wkf_)',null,'Naming Convention Workflow RegEx',null,'COEURDATA_WKF_NAME_CONVENTION_PREFIX','STRING',2000,sysdate,sysdate,'Y','N');
Insert into CBP_PARAMETER (CBP_PARAMETER_ID,CBP_PARAMETER_NAME,CBP_PARAMETER_DEFAULT_VALUE,CBP_PARAMETER_SITE_VALUE,CBP_PARAMETER_DESCRIPTION,CBP_PARAMETER_KEYWORD,CBP_PARAMETER_PLACE_HOLDER,CBP_PARAMETER_DATA_TYPE,CBP_PATTERN_ID,CBP_CREATED_TIMESTAMP,CBP_UPDATED_TIMESTAMP,CBP_CONFIGURABLE,CBP_IS_PROJECT_SPECIFIC) values (20000121,'Maximum size of an Expression that is used as Group By port in an Aggregator ','100',null,'Complex expression in Aggregator GROUP BY',null,'COEURDATA_AGG_HAS_A_COMPLEX_EXPR','NUMBER',null,sysdate,sysdate,'Y','N');
Insert into CBP_PARAMETER (CBP_PARAMETER_ID,CBP_PARAMETER_NAME,CBP_PARAMETER_DEFAULT_VALUE,CBP_PARAMETER_SITE_VALUE,CBP_PARAMETER_DESCRIPTION,CBP_PARAMETER_KEYWORD,CBP_PARAMETER_PLACE_HOLDER,CBP_PARAMETER_DATA_TYPE,CBP_PATTERN_ID,CBP_CREATED_TIMESTAMP,CBP_UPDATED_TIMESTAMP,CBP_CONFIGURABLE,CBP_IS_PROJECT_SPECIFIC) values (20000122,'Maximum Number of Group By ports in an Aggregator','8',null,'No. of GROUP BY ports in Aggregator',null,'COEURDATA_AGG_HAS_TOO_MANY_PORTS','NUMBER',null,sysdate,sysdate,'Y','N');
Insert into CBP_PARAMETER (CBP_PARAMETER_ID,CBP_PARAMETER_NAME,CBP_PARAMETER_DEFAULT_VALUE,CBP_PARAMETER_SITE_VALUE,CBP_PARAMETER_DESCRIPTION,CBP_PARAMETER_KEYWORD,CBP_PARAMETER_PLACE_HOLDER,CBP_PARAMETER_DATA_TYPE,CBP_PATTERN_ID,CBP_CREATED_TIMESTAMP,CBP_UPDATED_TIMESTAMP,CBP_CONFIGURABLE,CBP_IS_PROJECT_SPECIFIC) values (20000123,'Maximum Length of expression in a Filter Condition','100',null,'Maximum Length of expression in a Filter Condition',null,'COEURDATA_COMPLEX_EXPRESSION_IN_FILTER','NUMBER',null,sysdate,sysdate,'Y','N');
Insert into CBP_PARAMETER (CBP_PARAMETER_ID,CBP_PARAMETER_NAME,CBP_PARAMETER_DEFAULT_VALUE,CBP_PARAMETER_SITE_VALUE,CBP_PARAMETER_DESCRIPTION,CBP_PARAMETER_KEYWORD,CBP_PARAMETER_PLACE_HOLDER,CBP_PARAMETER_DATA_TYPE,CBP_PATTERN_ID,CBP_CREATED_TIMESTAMP,CBP_UPDATED_TIMESTAMP,CBP_CONFIGURABLE,CBP_IS_PROJECT_SPECIFIC) values (19999000,'Mapping / Mapplet - Free Search on Expression Port - Any Keyword Found','VALUE_NOT_SET',null,'Mapping / Mapplet - Free Search on Expression Port - Any Keyword Found',null,'COEURDATA_UNUSED_PLACEHOLDER','STRING',120,sysdate,sysdate,'Y','Y');
Insert into CBP_PARAMETER (CBP_PARAMETER_ID,CBP_PARAMETER_NAME,CBP_PARAMETER_DEFAULT_VALUE,CBP_PARAMETER_SITE_VALUE,CBP_PARAMETER_DESCRIPTION,CBP_PARAMETER_KEYWORD,CBP_PARAMETER_PLACE_HOLDER,CBP_PARAMETER_DATA_TYPE,CBP_PATTERN_ID,CBP_CREATED_TIMESTAMP,CBP_UPDATED_TIMESTAMP,CBP_CONFIGURABLE,CBP_IS_PROJECT_SPECIFIC) values (19998999,'Mapping / Mapplet - Free Search on Aggregator Port - Any Keyword Found','VALUE_NOT_SET',null,'Mapping / Mapplet - Free Search on Aggregator Port - Any Keyword Found',null,'COEURDATA_UNUSED_PLACEHOLDER','STRING',120,sysdate,sysdate,'Y','Y');
Insert into CBP_PARAMETER (CBP_PARAMETER_ID,CBP_PARAMETER_NAME,CBP_PARAMETER_DEFAULT_VALUE,CBP_PARAMETER_SITE_VALUE,CBP_PARAMETER_DESCRIPTION,CBP_PARAMETER_KEYWORD,CBP_PARAMETER_PLACE_HOLDER,CBP_PARAMETER_DATA_TYPE,CBP_PATTERN_ID,CBP_CREATED_TIMESTAMP,CBP_UPDATED_TIMESTAMP,CBP_CONFIGURABLE,CBP_IS_PROJECT_SPECIFIC) values (19998998,'Mapping / Mapplet - Free Search on Filter Condition - Any Keyword Found','VALUE_NOT_SET',null,'Mapping / Mapplet - Free Search on Filter Condition - Any Keyword Found',null,'COEURDATA_UNUSED_PLACEHOLDER','STRING',120,sysdate,sysdate,'Y','Y');
Insert into CBP_PARAMETER (CBP_PARAMETER_ID,CBP_PARAMETER_NAME,CBP_PARAMETER_DEFAULT_VALUE,CBP_PARAMETER_SITE_VALUE,CBP_PARAMETER_DESCRIPTION,CBP_PARAMETER_KEYWORD,CBP_PARAMETER_PLACE_HOLDER,CBP_PARAMETER_DATA_TYPE,CBP_PATTERN_ID,CBP_CREATED_TIMESTAMP,CBP_UPDATED_TIMESTAMP,CBP_CONFIGURABLE,CBP_IS_PROJECT_SPECIFIC) values (19998997,'Mapping / Mapplet - Free Search on Lookup Query Filter - Any Keyword Found','VALUE_NOT_SET',null,'Mapping / Mapplet - Free Search on Lookup Query Filter - Any Keyword Found',null,'COEURDATA_UNUSED_PLACEHOLDER','STRING',120,sysdate,sysdate,'Y','Y');
Insert into CBP_PARAMETER (CBP_PARAMETER_ID,CBP_PARAMETER_NAME,CBP_PARAMETER_DEFAULT_VALUE,CBP_PARAMETER_SITE_VALUE,CBP_PARAMETER_DESCRIPTION,CBP_PARAMETER_KEYWORD,CBP_PARAMETER_PLACE_HOLDER,CBP_PARAMETER_DATA_TYPE,CBP_PATTERN_ID,CBP_CREATED_TIMESTAMP,CBP_UPDATED_TIMESTAMP,CBP_CONFIGURABLE,CBP_IS_PROJECT_SPECIFIC) values (19998996,'Mapping / Mapplet - Free Search on Lookup Query - Any Keyword Found','VALUE_NOT_SET',null,'Mapping / Mapplet - Free Search on Lookup Query - Any Keyword Found',null,'COEURDATA_UNUSED_PLACEHOLDER','STRING',120,sysdate,sysdate,'Y','Y');
Insert into CBP_PARAMETER (CBP_PARAMETER_ID,CBP_PARAMETER_NAME,CBP_PARAMETER_DEFAULT_VALUE,CBP_PARAMETER_SITE_VALUE,CBP_PARAMETER_DESCRIPTION,CBP_PARAMETER_KEYWORD,CBP_PARAMETER_PLACE_HOLDER,CBP_PARAMETER_DATA_TYPE,CBP_PATTERN_ID,CBP_CREATED_TIMESTAMP,CBP_UPDATED_TIMESTAMP,CBP_CONFIGURABLE,CBP_IS_PROJECT_SPECIFIC) values (19998995,'Mapping / Mapplet - Free Search on Read Query - Any Keyword Found','VALUE_NOT_SET',null,'Mapping / Mapplet - Free Search on Read Query - Any Keyword Found',null,'COEURDATA_UNUSED_PLACEHOLDER','STRING',120,sysdate,sysdate,'Y','Y');
Insert into CBP_PARAMETER (CBP_PARAMETER_ID,CBP_PARAMETER_NAME,CBP_PARAMETER_DEFAULT_VALUE,CBP_PARAMETER_SITE_VALUE,CBP_PARAMETER_DESCRIPTION,CBP_PARAMETER_KEYWORD,CBP_PARAMETER_PLACE_HOLDER,CBP_PARAMETER_DATA_TYPE,CBP_PATTERN_ID,CBP_CREATED_TIMESTAMP,CBP_UPDATED_TIMESTAMP,CBP_CONFIGURABLE,CBP_IS_PROJECT_SPECIFIC) values (20000126,'Maximum Length of SQL Query in Read','100',null,'Maximum Length of SQL Query in Read',null,'COEURDATA_COMPLEX_READ_QUERY','NUMBER',null,sysdate,sysdate,'Y','N');
Insert into CBP_PARAMETER (CBP_PARAMETER_ID,CBP_PARAMETER_NAME,CBP_PARAMETER_DEFAULT_VALUE,CBP_PARAMETER_SITE_VALUE,CBP_PARAMETER_DESCRIPTION,CBP_PARAMETER_KEYWORD,CBP_PARAMETER_PLACE_HOLDER,CBP_PARAMETER_DATA_TYPE,CBP_PATTERN_ID,CBP_CREATED_TIMESTAMP,CBP_UPDATED_TIMESTAMP,CBP_CONFIGURABLE,CBP_IS_PROJECT_SPECIFIC) values (19998989,'Mapping - Missing Mandatory Documentation Tag in Description','VALUE_NOT_SET',null,'Mapping - Missing Mandatory Documentation Tag in Description',null,'COEURDATA_UNUSED_PLACEHOLDER','STRING',1050,sysdate,sysdate,'Y','N');
Insert into CBP_PARAMETER (CBP_PARAMETER_ID,CBP_PARAMETER_NAME,CBP_PARAMETER_DEFAULT_VALUE,CBP_PARAMETER_SITE_VALUE,CBP_PARAMETER_DESCRIPTION,CBP_PARAMETER_KEYWORD,CBP_PARAMETER_PLACE_HOLDER,CBP_PARAMETER_DATA_TYPE,CBP_PATTERN_ID,CBP_CREATED_TIMESTAMP,CBP_UPDATED_TIMESTAMP,CBP_CONFIGURABLE,CBP_IS_PROJECT_SPECIFIC) values (19998988,'Mandatory Expression in Mapping','VALUE_NOT_SET',null,'Mandatory Expression in Mapping',null,'COEURDATA_UNUSED_PLACEHOLDER','STRING',1055,sysdate,sysdate,'Y','N');
Insert into CBP_PARAMETER (CBP_PARAMETER_ID,CBP_PARAMETER_NAME,CBP_PARAMETER_DEFAULT_VALUE,CBP_PARAMETER_SITE_VALUE,CBP_PARAMETER_DESCRIPTION,CBP_PARAMETER_KEYWORD,CBP_PARAMETER_PLACE_HOLDER,CBP_PARAMETER_DATA_TYPE,CBP_PATTERN_ID,CBP_CREATED_TIMESTAMP,CBP_UPDATED_TIMESTAMP,CBP_CONFIGURABLE,CBP_IS_PROJECT_SPECIFIC) values (20000127,'Maximum Number of Aggregator Transformations','100',null,'Maximum Number of Aggregator Transformations',null,'COEURDATA_TOO_MANY_AGG','NUMBER',null,sysdate,sysdate,'Y','N');
Insert into CBP_PARAMETER (CBP_PARAMETER_ID,CBP_PARAMETER_NAME,CBP_PARAMETER_DEFAULT_VALUE,CBP_PARAMETER_SITE_VALUE,CBP_PARAMETER_DESCRIPTION,CBP_PARAMETER_KEYWORD,CBP_PARAMETER_PLACE_HOLDER,CBP_PARAMETER_DATA_TYPE,CBP_PATTERN_ID,CBP_CREATED_TIMESTAMP,CBP_UPDATED_TIMESTAMP,CBP_CONFIGURABLE,CBP_IS_PROJECT_SPECIFIC) values (20000131,'Aggregator Data Cache Size Min. Value','-1',null,'Aggregator Data Cache Size Min. Value',null,'COEURDATA_DCACHE_MIN_VALUE','NUMBER',null,sysdate,sysdate,'Y','N');
Insert into CBP_PARAMETER (CBP_PARAMETER_ID,CBP_PARAMETER_NAME,CBP_PARAMETER_DEFAULT_VALUE,CBP_PARAMETER_SITE_VALUE,CBP_PARAMETER_DESCRIPTION,CBP_PARAMETER_KEYWORD,CBP_PARAMETER_PLACE_HOLDER,CBP_PARAMETER_DATA_TYPE,CBP_PATTERN_ID,CBP_CREATED_TIMESTAMP,CBP_UPDATED_TIMESTAMP,CBP_CONFIGURABLE,CBP_IS_PROJECT_SPECIFIC) values (20000132,'Aggregator Data Cache Size Max. Value','-1',null,'Aggregator Data Cache Size Max. Value',null,'COEURDATA_DCACHE_MAX_VALUE','NUMBER',null,sysdate,sysdate,'Y','N');
Insert into CBP_PARAMETER (CBP_PARAMETER_ID,CBP_PARAMETER_NAME,CBP_PARAMETER_DEFAULT_VALUE,CBP_PARAMETER_SITE_VALUE,CBP_PARAMETER_DESCRIPTION,CBP_PARAMETER_KEYWORD,CBP_PARAMETER_PLACE_HOLDER,CBP_PARAMETER_DATA_TYPE,CBP_PATTERN_ID,CBP_CREATED_TIMESTAMP,CBP_UPDATED_TIMESTAMP,CBP_CONFIGURABLE,CBP_IS_PROJECT_SPECIFIC) values (20000133,'Aggregator Cache Directory RegEx','\$PMCacheDir',null,'Aggregator Cache Directory RegEx',null,'COEURDATA_AGG_CASH_DIR','STRING',2000,sysdate,sysdate,'Y','N');
Insert into CBP_PARAMETER (CBP_PARAMETER_ID,CBP_PARAMETER_NAME,CBP_PARAMETER_DEFAULT_VALUE,CBP_PARAMETER_SITE_VALUE,CBP_PARAMETER_DESCRIPTION,CBP_PARAMETER_KEYWORD,CBP_PARAMETER_PLACE_HOLDER,CBP_PARAMETER_DATA_TYPE,CBP_PATTERN_ID,CBP_CREATED_TIMESTAMP,CBP_UPDATED_TIMESTAMP,CBP_CONFIGURABLE,CBP_IS_PROJECT_SPECIFIC) values (20000141,'Lookup Data Cache Size Min. Value','-1',null,'Lookup Data Cache Size Min. Value',null,'COEURDATA_LKP_DCACHE_MIN_VALUE','NUMBER',null,sysdate,sysdate,'Y','N');
Insert into CBP_PARAMETER (CBP_PARAMETER_ID,CBP_PARAMETER_NAME,CBP_PARAMETER_DEFAULT_VALUE,CBP_PARAMETER_SITE_VALUE,CBP_PARAMETER_DESCRIPTION,CBP_PARAMETER_KEYWORD,CBP_PARAMETER_PLACE_HOLDER,CBP_PARAMETER_DATA_TYPE,CBP_PATTERN_ID,CBP_CREATED_TIMESTAMP,CBP_UPDATED_TIMESTAMP,CBP_CONFIGURABLE,CBP_IS_PROJECT_SPECIFIC) values (20000142,'Lookup Data Cache Size Max. Value','-1',null,'Lookup Data Cache Size Max. Value',null,'COEURDATA_LKP_DCACHE_MAX_VALUE','NUMBER',null,sysdate,sysdate,'Y','N');
Insert into CBP_PARAMETER (CBP_PARAMETER_ID,CBP_PARAMETER_NAME,CBP_PARAMETER_DEFAULT_VALUE,CBP_PARAMETER_SITE_VALUE,CBP_PARAMETER_DESCRIPTION,CBP_PARAMETER_KEYWORD,CBP_PARAMETER_PLACE_HOLDER,CBP_PARAMETER_DATA_TYPE,CBP_PATTERN_ID,CBP_CREATED_TIMESTAMP,CBP_UPDATED_TIMESTAMP,CBP_CONFIGURABLE,CBP_IS_PROJECT_SPECIFIC) values (20000145,'Lookup Cache Directory RegEx','\$PMCacheDir',null,'Lookup Cache Directory RegEx',null,'COEURDATA_LKP_CASH_DIR','STRING',2000,sysdate,sysdate,'Y','N');
Insert into CBP_PARAMETER (CBP_PARAMETER_ID,CBP_PARAMETER_NAME,CBP_PARAMETER_DEFAULT_VALUE,CBP_PARAMETER_SITE_VALUE,CBP_PARAMETER_DESCRIPTION,CBP_PARAMETER_KEYWORD,CBP_PARAMETER_PLACE_HOLDER,CBP_PARAMETER_DATA_TYPE,CBP_PATTERN_ID,CBP_CREATED_TIMESTAMP,CBP_UPDATED_TIMESTAMP,CBP_CONFIGURABLE,CBP_IS_PROJECT_SPECIFIC) values (19998979,'Mapping / Mapplet - Free Search on Lookup Query - Keyword Not Found','VALUE_NOT_SET',null,'Mapping / Mapplet - Free Search on Lookup Query - Keyword Not Found',null,'COEURDATA_UNUSED_PLACEHOLDER','STRING',1050,sysdate,sysdate,'Y','Y');
Insert into CBP_PARAMETER (CBP_PARAMETER_ID,CBP_PARAMETER_NAME,CBP_PARAMETER_DEFAULT_VALUE,CBP_PARAMETER_SITE_VALUE,CBP_PARAMETER_DESCRIPTION,CBP_PARAMETER_KEYWORD,CBP_PARAMETER_PLACE_HOLDER,CBP_PARAMETER_DATA_TYPE,CBP_PATTERN_ID,CBP_CREATED_TIMESTAMP,CBP_UPDATED_TIMESTAMP,CBP_CONFIGURABLE,CBP_IS_PROJECT_SPECIFIC) values (19998978,'Mapping / Mapplet - Free Search on Read Query - Keyword Not Found','VALUE_NOT_SET',null,'Mapping / Mapplet - Free Search on Read Query - Keyword Not Found',null,'COEURDATA_UNUSED_PLACEHOLDER','STRING',1050,sysdate,sysdate,'Y','Y');
Insert into CBP_PARAMETER (CBP_PARAMETER_ID,CBP_PARAMETER_NAME,CBP_PARAMETER_DEFAULT_VALUE,CBP_PARAMETER_SITE_VALUE,CBP_PARAMETER_DESCRIPTION,CBP_PARAMETER_KEYWORD,CBP_PARAMETER_PLACE_HOLDER,CBP_PARAMETER_DATA_TYPE,CBP_PATTERN_ID,CBP_CREATED_TIMESTAMP,CBP_UPDATED_TIMESTAMP,CBP_CONFIGURABLE,CBP_IS_PROJECT_SPECIFIC) values (19998966,'Folder - Missing Mandatory Documentation Tag in Description','VALUE_NOT_SET',null,'Folder - Missing Mandatory Documentation Tag in Description',null,'COEURDATA_UNUSED_PLACEHOLDER','STRING',1050,sysdate,sysdate,'Y','N');
-- CBP_RULE_PARAMETER
Insert into CBP_RULE_PARAMETER (CBP_RULE_ID,CBP_PARAMETER_ID,CBP_CREATED_TIMESTAMP,CBP_UPDATED_TIMESTAMP) values (20009901,20000101,sysdate,sysdate);
Insert into CBP_RULE_PARAMETER (CBP_RULE_ID,CBP_PARAMETER_ID,CBP_CREATED_TIMESTAMP,CBP_UPDATED_TIMESTAMP) values (20009902,20000103,sysdate,sysdate);
Insert into CBP_RULE_PARAMETER (CBP_RULE_ID,CBP_PARAMETER_ID,CBP_CREATED_TIMESTAMP,CBP_UPDATED_TIMESTAMP) values (20009903,20000105,sysdate,sysdate);
Insert into CBP_RULE_PARAMETER (CBP_RULE_ID,CBP_PARAMETER_ID,CBP_CREATED_TIMESTAMP,CBP_UPDATED_TIMESTAMP) values (20009904,20000107,sysdate,sysdate);
Insert into CBP_RULE_PARAMETER (CBP_RULE_ID,CBP_PARAMETER_ID,CBP_CREATED_TIMESTAMP,CBP_UPDATED_TIMESTAMP) values (20009905,20000109,sysdate,sysdate);
Insert into CBP_RULE_PARAMETER (CBP_RULE_ID,CBP_PARAMETER_ID,CBP_CREATED_TIMESTAMP,CBP_UPDATED_TIMESTAMP) values (20009906,20000111,sysdate,sysdate);
Insert into CBP_RULE_PARAMETER (CBP_RULE_ID,CBP_PARAMETER_ID,CBP_CREATED_TIMESTAMP,CBP_UPDATED_TIMESTAMP) values (20009915,20000121,sysdate,sysdate);
Insert into CBP_RULE_PARAMETER (CBP_RULE_ID,CBP_PARAMETER_ID,CBP_CREATED_TIMESTAMP,CBP_UPDATED_TIMESTAMP) values (20009916,20000122,sysdate,sysdate);
Insert into CBP_RULE_PARAMETER (CBP_RULE_ID,CBP_PARAMETER_ID,CBP_CREATED_TIMESTAMP,CBP_UPDATED_TIMESTAMP) values (20009918,20000123,sysdate,sysdate);
Insert into CBP_RULE_PARAMETER (CBP_RULE_ID,CBP_PARAMETER_ID,CBP_CREATED_TIMESTAMP,CBP_UPDATED_TIMESTAMP) values (20009923,19999000,sysdate,sysdate);
Insert into CBP_RULE_PARAMETER (CBP_RULE_ID,CBP_PARAMETER_ID,CBP_CREATED_TIMESTAMP,CBP_UPDATED_TIMESTAMP) values (20009924,19998999,sysdate,sysdate);
Insert into CBP_RULE_PARAMETER (CBP_RULE_ID,CBP_PARAMETER_ID,CBP_CREATED_TIMESTAMP,CBP_UPDATED_TIMESTAMP) values (20009925,19998998,sysdate,sysdate);
Insert into CBP_RULE_PARAMETER (CBP_RULE_ID,CBP_PARAMETER_ID,CBP_CREATED_TIMESTAMP,CBP_UPDATED_TIMESTAMP) values (20009926,19998997,sysdate,sysdate);
Insert into CBP_RULE_PARAMETER (CBP_RULE_ID,CBP_PARAMETER_ID,CBP_CREATED_TIMESTAMP,CBP_UPDATED_TIMESTAMP) values (20009927,19998996,sysdate,sysdate);
Insert into CBP_RULE_PARAMETER (CBP_RULE_ID,CBP_PARAMETER_ID,CBP_CREATED_TIMESTAMP,CBP_UPDATED_TIMESTAMP) values (20009928,19998995,sysdate,sysdate);
Insert into CBP_RULE_PARAMETER (CBP_RULE_ID,CBP_PARAMETER_ID,CBP_CREATED_TIMESTAMP,CBP_UPDATED_TIMESTAMP) values (20009930,20000126,sysdate,sysdate);
Insert into CBP_RULE_PARAMETER (CBP_RULE_ID,CBP_PARAMETER_ID,CBP_CREATED_TIMESTAMP,CBP_UPDATED_TIMESTAMP) values (20009932,19998989,sysdate,sysdate);
Insert into CBP_RULE_PARAMETER (CBP_RULE_ID,CBP_PARAMETER_ID,CBP_CREATED_TIMESTAMP,CBP_UPDATED_TIMESTAMP) values (20009933,19998988,sysdate,sysdate);
Insert into CBP_RULE_PARAMETER (CBP_RULE_ID,CBP_PARAMETER_ID,CBP_CREATED_TIMESTAMP,CBP_UPDATED_TIMESTAMP) values (20009934,20000127,sysdate,sysdate);
Insert into CBP_RULE_PARAMETER (CBP_RULE_ID,CBP_PARAMETER_ID,CBP_CREATED_TIMESTAMP,CBP_UPDATED_TIMESTAMP) values (20009935,20000131,sysdate,sysdate);
Insert into CBP_RULE_PARAMETER (CBP_RULE_ID,CBP_PARAMETER_ID,CBP_CREATED_TIMESTAMP,CBP_UPDATED_TIMESTAMP) values (20009935,20000132,sysdate,sysdate);
Insert into CBP_RULE_PARAMETER (CBP_RULE_ID,CBP_PARAMETER_ID,CBP_CREATED_TIMESTAMP,CBP_UPDATED_TIMESTAMP) values (20009937,20000133,sysdate,sysdate);
Insert into CBP_RULE_PARAMETER (CBP_RULE_ID,CBP_PARAMETER_ID,CBP_CREATED_TIMESTAMP,CBP_UPDATED_TIMESTAMP) values (20009938,20000141,sysdate,sysdate);
Insert into CBP_RULE_PARAMETER (CBP_RULE_ID,CBP_PARAMETER_ID,CBP_CREATED_TIMESTAMP,CBP_UPDATED_TIMESTAMP) values (20009938,20000142,sysdate,sysdate);
Insert into CBP_RULE_PARAMETER (CBP_RULE_ID,CBP_PARAMETER_ID,CBP_CREATED_TIMESTAMP,CBP_UPDATED_TIMESTAMP) values (20009940,20000145,to_date('28-12-2009 00:00:00','DD-MM-YYYY HH24:MI:SS'),to_date('28-12-2009 00:00:00','DD-MM-YYYY HH24:MI:SS'));
Insert into CBP_RULE_PARAMETER (CBP_RULE_ID,CBP_PARAMETER_ID,CBP_CREATED_TIMESTAMP,CBP_UPDATED_TIMESTAMP) values (20009942,19998979,sysdate,sysdate);
Insert into CBP_RULE_PARAMETER (CBP_RULE_ID,CBP_PARAMETER_ID,CBP_CREATED_TIMESTAMP,CBP_UPDATED_TIMESTAMP) values (20009943,19998978,sysdate,sysdate);
Insert into CBP_RULE_PARAMETER (CBP_RULE_ID,CBP_PARAMETER_ID,CBP_CREATED_TIMESTAMP,CBP_UPDATED_TIMESTAMP) values (20009953,19998966,sysdate,sysdate);
-- CBP_RULE_Q_MAPPER
Insert into CBP_RULE_Q_MAPPER (CBP_RULE_ID,CBP_DB_TYPE_ID,CBP_REPOSITORY_TYPE_ID,CBP_RULE_Q_ID,CBP_CREATED_TIMESTAMP,CBP_UPDATED_TIMESTAMP,COMMENTS) values (20009901,3,21,'9901_IDQ_102x_ORA_11x',sysdate,sysdate,'9901_IDQ_102x_ORA_11x');
Insert into CBP_RULE_Q_MAPPER (CBP_RULE_ID,CBP_DB_TYPE_ID,CBP_REPOSITORY_TYPE_ID,CBP_RULE_Q_ID,CBP_CREATED_TIMESTAMP,CBP_UPDATED_TIMESTAMP,COMMENTS) values (20009902,3,21,'9902_IDQ_102x_ORA_11x',sysdate,sysdate,'9902_IDQ_102x_ORA_11x');
Insert into CBP_RULE_Q_MAPPER (CBP_RULE_ID,CBP_DB_TYPE_ID,CBP_REPOSITORY_TYPE_ID,CBP_RULE_Q_ID,CBP_CREATED_TIMESTAMP,CBP_UPDATED_TIMESTAMP,COMMENTS) values (20009903,3,21,'9903_IDQ_102x_ORA_11x',sysdate,sysdate,'9903_IDQ_102x_ORA_11x');
Insert into CBP_RULE_Q_MAPPER (CBP_RULE_ID,CBP_DB_TYPE_ID,CBP_REPOSITORY_TYPE_ID,CBP_RULE_Q_ID,CBP_CREATED_TIMESTAMP,CBP_UPDATED_TIMESTAMP,COMMENTS) values (20009904,3,21,'9904_IDQ_102x_ORA_11x',sysdate,sysdate,'9904_IDQ_102x_ORA_11x');
Insert into CBP_RULE_Q_MAPPER (CBP_RULE_ID,CBP_DB_TYPE_ID,CBP_REPOSITORY_TYPE_ID,CBP_RULE_Q_ID,CBP_CREATED_TIMESTAMP,CBP_UPDATED_TIMESTAMP,COMMENTS) values (20009905,3,21,'9905_IDQ_102x_ORA_11x',sysdate,sysdate,'9905_IDQ_102x_ORA_11x');
Insert into CBP_RULE_Q_MAPPER (CBP_RULE_ID,CBP_DB_TYPE_ID,CBP_REPOSITORY_TYPE_ID,CBP_RULE_Q_ID,CBP_CREATED_TIMESTAMP,CBP_UPDATED_TIMESTAMP,COMMENTS) values (20009906,3,21,'9906_IDQ_102x_ORA_11x',sysdate,sysdate,'9906_IDQ_102x_ORA_11x');
Insert into CBP_RULE_Q_MAPPER (CBP_RULE_ID,CBP_DB_TYPE_ID,CBP_REPOSITORY_TYPE_ID,CBP_RULE_Q_ID,CBP_CREATED_TIMESTAMP,CBP_UPDATED_TIMESTAMP,COMMENTS) values (20009907,3,21,'9907_IDQ_102x_ORA_11x',sysdate,sysdate,'9907_IDQ_102x_ORA_11x');
Insert into CBP_RULE_Q_MAPPER (CBP_RULE_ID,CBP_DB_TYPE_ID,CBP_REPOSITORY_TYPE_ID,CBP_RULE_Q_ID,CBP_CREATED_TIMESTAMP,CBP_UPDATED_TIMESTAMP,COMMENTS) values (20009908,3,21,'9908_IDQ_102x_ORA_11x',sysdate,sysdate,'9908_IDQ_102x_ORA_11x');
Insert into CBP_RULE_Q_MAPPER (CBP_RULE_ID,CBP_DB_TYPE_ID,CBP_REPOSITORY_TYPE_ID,CBP_RULE_Q_ID,CBP_CREATED_TIMESTAMP,CBP_UPDATED_TIMESTAMP,COMMENTS) values (20009909,3,21,'9909_IDQ_102x_ORA_11x',sysdate,sysdate,'9909_IDQ_102x_ORA_11x');
Insert into CBP_RULE_Q_MAPPER (CBP_RULE_ID,CBP_DB_TYPE_ID,CBP_REPOSITORY_TYPE_ID,CBP_RULE_Q_ID,CBP_CREATED_TIMESTAMP,CBP_UPDATED_TIMESTAMP,COMMENTS) values (20009910,3,21,'9910_IDQ_102x_ORA_11x',sysdate,sysdate,'9910_IDQ_102x_ORA_11x');
Insert into CBP_RULE_Q_MAPPER (CBP_RULE_ID,CBP_DB_TYPE_ID,CBP_REPOSITORY_TYPE_ID,CBP_RULE_Q_ID,CBP_CREATED_TIMESTAMP,CBP_UPDATED_TIMESTAMP,COMMENTS) values (20009911,3,21,'9911_IDQ_102x_ORA_11x',sysdate,sysdate,'9911_IDQ_102x_ORA_11x');
Insert into CBP_RULE_Q_MAPPER (CBP_RULE_ID,CBP_DB_TYPE_ID,CBP_REPOSITORY_TYPE_ID,CBP_RULE_Q_ID,CBP_CREATED_TIMESTAMP,CBP_UPDATED_TIMESTAMP,COMMENTS) values (20009912,3,21,'9912_IDQ_102x_ORA_11x',sysdate,sysdate,'9912_IDQ_102x_ORA_11x');
Insert into CBP_RULE_Q_MAPPER (CBP_RULE_ID,CBP_DB_TYPE_ID,CBP_REPOSITORY_TYPE_ID,CBP_RULE_Q_ID,CBP_CREATED_TIMESTAMP,CBP_UPDATED_TIMESTAMP,COMMENTS) values (20009913,3,21,'9913_IDQ_102x_ORA_11x',sysdate,sysdate,'9913_IDQ_102x_ORA_11x');
Insert into CBP_RULE_Q_MAPPER (CBP_RULE_ID,CBP_DB_TYPE_ID,CBP_REPOSITORY_TYPE_ID,CBP_RULE_Q_ID,CBP_CREATED_TIMESTAMP,CBP_UPDATED_TIMESTAMP,COMMENTS) values (20009914,3,21,'9914_IDQ_102x_ORA_11x',sysdate,sysdate,'9914_IDQ_102x_ORA_11x');
Insert into CBP_RULE_Q_MAPPER (CBP_RULE_ID,CBP_DB_TYPE_ID,CBP_REPOSITORY_TYPE_ID,CBP_RULE_Q_ID,CBP_CREATED_TIMESTAMP,CBP_UPDATED_TIMESTAMP,COMMENTS) values (20009915,3,21,'9915_IDQ_102x_ORA_11x',sysdate,sysdate,'9915_IDQ_102x_ORA_11x');
Insert into CBP_RULE_Q_MAPPER (CBP_RULE_ID,CBP_DB_TYPE_ID,CBP_REPOSITORY_TYPE_ID,CBP_RULE_Q_ID,CBP_CREATED_TIMESTAMP,CBP_UPDATED_TIMESTAMP,COMMENTS) values (20009916,3,21,'9916_IDQ_102x_ORA_11x',sysdate,sysdate,'9916_IDQ_102x_ORA_11x');
Insert into CBP_RULE_Q_MAPPER (CBP_RULE_ID,CBP_DB_TYPE_ID,CBP_REPOSITORY_TYPE_ID,CBP_RULE_Q_ID,CBP_CREATED_TIMESTAMP,CBP_UPDATED_TIMESTAMP,COMMENTS) values (20009917,3,21,'9917_IDQ_102x_ORA_11x',sysdate,sysdate,'9917_IDQ_102x_ORA_11x');
Insert into CBP_RULE_Q_MAPPER (CBP_RULE_ID,CBP_DB_TYPE_ID,CBP_REPOSITORY_TYPE_ID,CBP_RULE_Q_ID,CBP_CREATED_TIMESTAMP,CBP_UPDATED_TIMESTAMP,COMMENTS) values (20009918,3,21,'9918_IDQ_102x_ORA_11x',sysdate,sysdate,'9918_IDQ_102x_ORA_11x');
Insert into CBP_RULE_Q_MAPPER (CBP_RULE_ID,CBP_DB_TYPE_ID,CBP_REPOSITORY_TYPE_ID,CBP_RULE_Q_ID,CBP_CREATED_TIMESTAMP,CBP_UPDATED_TIMESTAMP,COMMENTS) values (20009923,3,21,'9923_IDQ_102x_ORA_11x',sysdate,sysdate,'9923_IDQ_102x_ORA_11x');
Insert into CBP_RULE_Q_MAPPER (CBP_RULE_ID,CBP_DB_TYPE_ID,CBP_REPOSITORY_TYPE_ID,CBP_RULE_Q_ID,CBP_CREATED_TIMESTAMP,CBP_UPDATED_TIMESTAMP,COMMENTS) values (20009924,3,21,'9924_IDQ_102x_ORA_11x',sysdate,sysdate,'9924_IDQ_102x_ORA_11x');
Insert into CBP_RULE_Q_MAPPER (CBP_RULE_ID,CBP_DB_TYPE_ID,CBP_REPOSITORY_TYPE_ID,CBP_RULE_Q_ID,CBP_CREATED_TIMESTAMP,CBP_UPDATED_TIMESTAMP,COMMENTS) values (20009925,3,21,'9925_IDQ_102x_ORA_11x',sysdate,sysdate,'9925_IDQ_102x_ORA_11x');
Insert into CBP_RULE_Q_MAPPER (CBP_RULE_ID,CBP_DB_TYPE_ID,CBP_REPOSITORY_TYPE_ID,CBP_RULE_Q_ID,CBP_CREATED_TIMESTAMP,CBP_UPDATED_TIMESTAMP,COMMENTS) values (20009926,3,21,'9926_IDQ_102x_ORA_11x',sysdate,sysdate,'9926_IDQ_102x_ORA_11x');
Insert into CBP_RULE_Q_MAPPER (CBP_RULE_ID,CBP_DB_TYPE_ID,CBP_REPOSITORY_TYPE_ID,CBP_RULE_Q_ID,CBP_CREATED_TIMESTAMP,CBP_UPDATED_TIMESTAMP,COMMENTS) values (20009927,3,21,'9927_IDQ_102x_ORA_11x',sysdate,sysdate,'9927_IDQ_102x_ORA_11x');
Insert into CBP_RULE_Q_MAPPER (CBP_RULE_ID,CBP_DB_TYPE_ID,CBP_REPOSITORY_TYPE_ID,CBP_RULE_Q_ID,CBP_CREATED_TIMESTAMP,CBP_UPDATED_TIMESTAMP,COMMENTS) values (20009928,3,21,'9928_IDQ_102x_ORA_11x',sysdate,sysdate,'9928_IDQ_102x_ORA_11x');
Insert into CBP_RULE_Q_MAPPER (CBP_RULE_ID,CBP_DB_TYPE_ID,CBP_REPOSITORY_TYPE_ID,CBP_RULE_Q_ID,CBP_CREATED_TIMESTAMP,CBP_UPDATED_TIMESTAMP,COMMENTS) values (20009929,3,21,'9929_IDQ_102x_ORA_11x',sysdate,sysdate,'9929_IDQ_102x_ORA_11x');
Insert into CBP_RULE_Q_MAPPER (CBP_RULE_ID,CBP_DB_TYPE_ID,CBP_REPOSITORY_TYPE_ID,CBP_RULE_Q_ID,CBP_CREATED_TIMESTAMP,CBP_UPDATED_TIMESTAMP,COMMENTS) values (20009930,3,21,'9930_IDQ_102x_ORA_11x',sysdate,sysdate,'9930_IDQ_102x_ORA_11x');
Insert into CBP_RULE_Q_MAPPER (CBP_RULE_ID,CBP_DB_TYPE_ID,CBP_REPOSITORY_TYPE_ID,CBP_RULE_Q_ID,CBP_CREATED_TIMESTAMP,CBP_UPDATED_TIMESTAMP,COMMENTS) values (20009932,3,21,'9932_IDQ_102x_ORA_11x',sysdate,sysdate,'9932_IDQ_102x_ORA_11x');
Insert into CBP_RULE_Q_MAPPER (CBP_RULE_ID,CBP_DB_TYPE_ID,CBP_REPOSITORY_TYPE_ID,CBP_RULE_Q_ID,CBP_CREATED_TIMESTAMP,CBP_UPDATED_TIMESTAMP,COMMENTS) values (20009933,3,21,'9933_IDQ_102x_ORA_11x',sysdate,sysdate,'9933_IDQ_102x_ORA_11x');
Insert into CBP_RULE_Q_MAPPER (CBP_RULE_ID,CBP_DB_TYPE_ID,CBP_REPOSITORY_TYPE_ID,CBP_RULE_Q_ID,CBP_CREATED_TIMESTAMP,CBP_UPDATED_TIMESTAMP,COMMENTS) values (20009934,3,21,'9934_IDQ_102x_ORA_11x',sysdate,sysdate,'9934_IDQ_102x_ORA_11x');
Insert into CBP_RULE_Q_MAPPER (CBP_RULE_ID,CBP_DB_TYPE_ID,CBP_REPOSITORY_TYPE_ID,CBP_RULE_Q_ID,CBP_CREATED_TIMESTAMP,CBP_UPDATED_TIMESTAMP,COMMENTS) values (20009935,3,21,'9935_IDQ_102x_ORA_11x',sysdate,sysdate,'9935_IDQ_102x_ORA_11x');
Insert into CBP_RULE_Q_MAPPER (CBP_RULE_ID,CBP_DB_TYPE_ID,CBP_REPOSITORY_TYPE_ID,CBP_RULE_Q_ID,CBP_CREATED_TIMESTAMP,CBP_UPDATED_TIMESTAMP,COMMENTS) values (20009936,3,21,'9936_IDQ_102x_ORA_11x',sysdate,sysdate,'9936_IDQ_102x_ORA_11x');
Insert into CBP_RULE_Q_MAPPER (CBP_RULE_ID,CBP_DB_TYPE_ID,CBP_REPOSITORY_TYPE_ID,CBP_RULE_Q_ID,CBP_CREATED_TIMESTAMP,CBP_UPDATED_TIMESTAMP,COMMENTS) values (20009937,3,21,'9937_IDQ_102x_ORA_11x',sysdate,sysdate,'9937_IDQ_102x_ORA_11x');
Insert into CBP_RULE_Q_MAPPER (CBP_RULE_ID,CBP_DB_TYPE_ID,CBP_REPOSITORY_TYPE_ID,CBP_RULE_Q_ID,CBP_CREATED_TIMESTAMP,CBP_UPDATED_TIMESTAMP,COMMENTS) values (20009938,3,21,'9938_IDQ_102x_ORA_11x',sysdate,sysdate,'9938_IDQ_102x_ORA_11x');
Insert into CBP_RULE_Q_MAPPER (CBP_RULE_ID,CBP_DB_TYPE_ID,CBP_REPOSITORY_TYPE_ID,CBP_RULE_Q_ID,CBP_CREATED_TIMESTAMP,CBP_UPDATED_TIMESTAMP,COMMENTS) values (20009939,3,21,'9939_IDQ_102x_ORA_11x',sysdate,sysdate,'9939_IDQ_102x_ORA_11x');
Insert into CBP_RULE_Q_MAPPER (CBP_RULE_ID,CBP_DB_TYPE_ID,CBP_REPOSITORY_TYPE_ID,CBP_RULE_Q_ID,CBP_CREATED_TIMESTAMP,CBP_UPDATED_TIMESTAMP,COMMENTS) values (20009940,3,21,'9940_IDQ_102x_ORA_11x',sysdate,sysdate,'9940_IDQ_102x_ORA_11x');
Insert into CBP_RULE_Q_MAPPER (CBP_RULE_ID,CBP_DB_TYPE_ID,CBP_REPOSITORY_TYPE_ID,CBP_RULE_Q_ID,CBP_CREATED_TIMESTAMP,CBP_UPDATED_TIMESTAMP,COMMENTS) values (20009941,3,21,'9941_IDQ_102x_ORA_11x',sysdate,sysdate,'9941_IDQ_102x_ORA_11x');
Insert into CBP_RULE_Q_MAPPER (CBP_RULE_ID,CBP_DB_TYPE_ID,CBP_REPOSITORY_TYPE_ID,CBP_RULE_Q_ID,CBP_CREATED_TIMESTAMP,CBP_UPDATED_TIMESTAMP,COMMENTS) values (20009942,3,21,'9942_IDQ_102x_ORA_11x',sysdate,sysdate,'9942_IDQ_102x_ORA_11x');
Insert into CBP_RULE_Q_MAPPER (CBP_RULE_ID,CBP_DB_TYPE_ID,CBP_REPOSITORY_TYPE_ID,CBP_RULE_Q_ID,CBP_CREATED_TIMESTAMP,CBP_UPDATED_TIMESTAMP,COMMENTS) values (20009943,3,21,'9943_IDQ_102x_ORA_11x',sysdate,sysdate,'9943_IDQ_102x_ORA_11x');
Insert into CBP_RULE_Q_MAPPER (CBP_RULE_ID,CBP_DB_TYPE_ID,CBP_REPOSITORY_TYPE_ID,CBP_RULE_Q_ID,CBP_CREATED_TIMESTAMP,CBP_UPDATED_TIMESTAMP,COMMENTS) values (20009944,3,21,'9944_IDQ_102x_ORA_11x',sysdate,sysdate,'9944_IDQ_102x_ORA_11x');
Insert into CBP_RULE_Q_MAPPER (CBP_RULE_ID,CBP_DB_TYPE_ID,CBP_REPOSITORY_TYPE_ID,CBP_RULE_Q_ID,CBP_CREATED_TIMESTAMP,CBP_UPDATED_TIMESTAMP,COMMENTS) values (20009945,3,21,'9945_IDQ_102x_ORA_11x',sysdate,sysdate,'9945_IDQ_102x_ORA_11x');
Insert into CBP_RULE_Q_MAPPER (CBP_RULE_ID,CBP_DB_TYPE_ID,CBP_REPOSITORY_TYPE_ID,CBP_RULE_Q_ID,CBP_CREATED_TIMESTAMP,CBP_UPDATED_TIMESTAMP,COMMENTS) values (20009946,3,21,'9946_IDQ_102x_ORA_11x',sysdate,sysdate,'9946_IDQ_102x_ORA_11x');
Insert into CBP_RULE_Q_MAPPER (CBP_RULE_ID,CBP_DB_TYPE_ID,CBP_REPOSITORY_TYPE_ID,CBP_RULE_Q_ID,CBP_CREATED_TIMESTAMP,CBP_UPDATED_TIMESTAMP,COMMENTS) values (20009947,3,21,'9947_IDQ_102x_ORA_11x',sysdate,sysdate,'9947_IDQ_102x_ORA_11x');
Insert into CBP_RULE_Q_MAPPER (CBP_RULE_ID,CBP_DB_TYPE_ID,CBP_REPOSITORY_TYPE_ID,CBP_RULE_Q_ID,CBP_CREATED_TIMESTAMP,CBP_UPDATED_TIMESTAMP,COMMENTS) values (20009948,3,21,'9948_IDQ_102x_ORA_11x',sysdate,sysdate,'9948_IDQ_102x_ORA_11x');
Insert into CBP_RULE_Q_MAPPER (CBP_RULE_ID,CBP_DB_TYPE_ID,CBP_REPOSITORY_TYPE_ID,CBP_RULE_Q_ID,CBP_CREATED_TIMESTAMP,CBP_UPDATED_TIMESTAMP,COMMENTS) values (20009953,3,21,'9953_IDQ_102x_ORA_11x',sysdate,sysdate,'9953_IDQ_102x_ORA_11x');
Insert into CBP_RULE_Q_MAPPER (CBP_RULE_ID,CBP_DB_TYPE_ID,CBP_REPOSITORY_TYPE_ID,CBP_RULE_Q_ID,CBP_CREATED_TIMESTAMP,CBP_UPDATED_TIMESTAMP,COMMENTS) values (20009954,3,21,'9954_IDQ_102x_ORA_11x',sysdate,sysdate,'9954_IDQ_102x_ORA_11x');
COMMIT;