--CBP_RULE
Insert into CBP_RULE (CBP_RULE_ID,CBP_RULE_SHORT_DESC,CBP_RULE_NAME,CBP_OBJECT_TYPE,CBP_CODE_TYPE_ID,CBP_IMP_TYPE_ID,CBP_CREATED_TIMESTAMP,CBP_UPDATED_TIMESTAMP,CBP_ADD_PARAM_ALLOWED,IS_DEPRECATED,DS_STAGE_TYPE,DS_ORCH_STAGE_IDENTIFIER,IS_DUMMY,IS_LEGACY,CBP_OBJECT_SUB_TYPE,EXCEPTION_COLUMN,ALLOW_EXCEPTIONS) values (41000001,'Naming Convention for Cross Reference Table','Naming Convention for Cross Reference Table','BOOMI - Cross Reference Table',9100,16000,sysdate,sysdate,'N','N',null,null,'N','N',null,null,null);
Insert into CBP_RULE (CBP_RULE_ID,CBP_RULE_SHORT_DESC,CBP_RULE_NAME,CBP_OBJECT_TYPE,CBP_CODE_TYPE_ID,CBP_IMP_TYPE_ID,CBP_CREATED_TIMESTAMP,CBP_UPDATED_TIMESTAMP,CBP_ADD_PARAM_ALLOWED,IS_DEPRECATED,DS_STAGE_TYPE,DS_ORCH_STAGE_IDENTIFIER,IS_DUMMY,IS_LEGACY,CBP_OBJECT_SUB_TYPE,EXCEPTION_COLUMN,ALLOW_EXCEPTIONS) values (41000002,'Naming Convention for Database Profile','Naming Convention for Database Profile','BOOMI - Database Profile',9100,16000,sysdate,sysdate,'N','N',null,null,'N','N',null,null,null);
Insert into CBP_RULE (CBP_RULE_ID,CBP_RULE_SHORT_DESC,CBP_RULE_NAME,CBP_OBJECT_TYPE,CBP_CODE_TYPE_ID,CBP_IMP_TYPE_ID,CBP_CREATED_TIMESTAMP,CBP_UPDATED_TIMESTAMP,CBP_ADD_PARAM_ALLOWED,IS_DEPRECATED,DS_STAGE_TYPE,DS_ORCH_STAGE_IDENTIFIER,IS_DUMMY,IS_LEGACY,CBP_OBJECT_SUB_TYPE,EXCEPTION_COLUMN,ALLOW_EXCEPTIONS) values (41000003,'Naming Convention for Flat File Profile','Naming Convention for Flat File Profile','BOOMI - Flat File Profile',9100,16000,sysdate,sysdate,'N','N',null,null,'N','N',null,null,null);
Insert into CBP_RULE (CBP_RULE_ID,CBP_RULE_SHORT_DESC,CBP_RULE_NAME,CBP_OBJECT_TYPE,CBP_CODE_TYPE_ID,CBP_IMP_TYPE_ID,CBP_CREATED_TIMESTAMP,CBP_UPDATED_TIMESTAMP,CBP_ADD_PARAM_ALLOWED,IS_DEPRECATED,DS_STAGE_TYPE,DS_ORCH_STAGE_IDENTIFIER,IS_DUMMY,IS_LEGACY,CBP_OBJECT_SUB_TYPE,EXCEPTION_COLUMN,ALLOW_EXCEPTIONS) values (41000004,'Naming Convention for JSON Profile','Naming Convention for JSON Profile','BOOMI - JSON Profile',9100,16000,sysdate,sysdate,'N','N',null,null,'N','N',null,null,null);
Insert into CBP_RULE (CBP_RULE_ID,CBP_RULE_SHORT_DESC,CBP_RULE_NAME,CBP_OBJECT_TYPE,CBP_CODE_TYPE_ID,CBP_IMP_TYPE_ID,CBP_CREATED_TIMESTAMP,CBP_UPDATED_TIMESTAMP,CBP_ADD_PARAM_ALLOWED,IS_DEPRECATED,DS_STAGE_TYPE,DS_ORCH_STAGE_IDENTIFIER,IS_DUMMY,IS_LEGACY,CBP_OBJECT_SUB_TYPE,EXCEPTION_COLUMN,ALLOW_EXCEPTIONS) values (41000005,'Naming Convention for BOOMI - Map Function','Naming Convention for BOOMI - Map Function','BOOMI - Map Function',9100,16000,sysdate,sysdate,'N','N',null,null,'N','N',null,null,null);
Insert into CBP_RULE (CBP_RULE_ID,CBP_RULE_SHORT_DESC,CBP_RULE_NAME,CBP_OBJECT_TYPE,CBP_CODE_TYPE_ID,CBP_IMP_TYPE_ID,CBP_CREATED_TIMESTAMP,CBP_UPDATED_TIMESTAMP,CBP_ADD_PARAM_ALLOWED,IS_DEPRECATED,DS_STAGE_TYPE,DS_ORCH_STAGE_IDENTIFIER,IS_DUMMY,IS_LEGACY,CBP_OBJECT_SUB_TYPE,EXCEPTION_COLUMN,ALLOW_EXCEPTIONS) values (41000006,'Naming Convention for BOOMI - Map Script','Naming Convention for BOOMI - Map Script','BOOMI - Map Script',9100,16000,sysdate,sysdate,'N','N',null,null,'N','N',null,null,null);
Insert into CBP_RULE (CBP_RULE_ID,CBP_RULE_SHORT_DESC,CBP_RULE_NAME,CBP_OBJECT_TYPE,CBP_CODE_TYPE_ID,CBP_IMP_TYPE_ID,CBP_CREATED_TIMESTAMP,CBP_UPDATED_TIMESTAMP,CBP_ADD_PARAM_ALLOWED,IS_DEPRECATED,DS_STAGE_TYPE,DS_ORCH_STAGE_IDENTIFIER,IS_DUMMY,IS_LEGACY,CBP_OBJECT_SUB_TYPE,EXCEPTION_COLUMN,ALLOW_EXCEPTIONS) values (41000007,'Naming Convention for BOOMI - Map','Naming Convention for BOOMI - Map','BOOMI - Map',9100,16000,sysdate,sysdate,'N','N',null,null,'N','N',null,null,null);
Insert into CBP_RULE (CBP_RULE_ID,CBP_RULE_SHORT_DESC,CBP_RULE_NAME,CBP_OBJECT_TYPE,CBP_CODE_TYPE_ID,CBP_IMP_TYPE_ID,CBP_CREATED_TIMESTAMP,CBP_UPDATED_TIMESTAMP,CBP_ADD_PARAM_ALLOWED,IS_DEPRECATED,DS_STAGE_TYPE,DS_ORCH_STAGE_IDENTIFIER,IS_DUMMY,IS_LEGACY,CBP_OBJECT_SUB_TYPE,EXCEPTION_COLUMN,ALLOW_EXCEPTIONS) values (41000008,'Naming Convention for BOOMI - Process Script','Naming Convention for BOOMI - Process Script','BOOMI - Process Script',9100,16000,sysdate,sysdate,'N','N',null,null,'N','N',null,null,null);
Insert into CBP_RULE (CBP_RULE_ID,CBP_RULE_SHORT_DESC,CBP_RULE_NAME,CBP_OBJECT_TYPE,CBP_CODE_TYPE_ID,CBP_IMP_TYPE_ID,CBP_CREATED_TIMESTAMP,CBP_UPDATED_TIMESTAMP,CBP_ADD_PARAM_ALLOWED,IS_DEPRECATED,DS_STAGE_TYPE,DS_ORCH_STAGE_IDENTIFIER,IS_DUMMY,IS_LEGACY,CBP_OBJECT_SUB_TYPE,EXCEPTION_COLUMN,ALLOW_EXCEPTIONS) values (41000009,'Naming Convention for BOOMI - Process','Naming Convention for BOOMI - Process','BOOMI - Process',9100,16000,sysdate,sysdate,'N','N',null,null,'N','N',null,null,null);
Insert into CBP_RULE (CBP_RULE_ID,CBP_RULE_SHORT_DESC,CBP_RULE_NAME,CBP_OBJECT_TYPE,CBP_CODE_TYPE_ID,CBP_IMP_TYPE_ID,CBP_CREATED_TIMESTAMP,CBP_UPDATED_TIMESTAMP,CBP_ADD_PARAM_ALLOWED,IS_DEPRECATED,DS_STAGE_TYPE,DS_ORCH_STAGE_IDENTIFIER,IS_DUMMY,IS_LEGACY,CBP_OBJECT_SUB_TYPE,EXCEPTION_COLUMN,ALLOW_EXCEPTIONS) values (41000010,'Naming Convention for BOOMI - XML Profile','Naming Convention for BOOMI - XML Profile','BOOMI - XML Profile',9100,16000,sysdate,sysdate,'N','N',null,null,'N','N',null,null,null);
Insert into CBP_RULE (CBP_RULE_ID,CBP_RULE_SHORT_DESC,CBP_RULE_NAME,CBP_OBJECT_TYPE,CBP_CODE_TYPE_ID,CBP_IMP_TYPE_ID,CBP_CREATED_TIMESTAMP,CBP_UPDATED_TIMESTAMP,CBP_ADD_PARAM_ALLOWED,IS_DEPRECATED,DS_STAGE_TYPE,DS_ORCH_STAGE_IDENTIFIER,IS_DUMMY,IS_LEGACY,CBP_OBJECT_SUB_TYPE,EXCEPTION_COLUMN,ALLOW_EXCEPTIONS) values (41000011,'SQL Script in Database Profile - has Hard-coded Schema','SQL Script in Database Profile - has Hard-coded Schema','BOOMI - Database Profile',9100,1200,sysdate,sysdate,'N','N',null,null,'N','N',null,null,null);
Insert into CBP_RULE (CBP_RULE_ID,CBP_RULE_SHORT_DESC,CBP_RULE_NAME,CBP_OBJECT_TYPE,CBP_CODE_TYPE_ID,CBP_IMP_TYPE_ID,CBP_CREATED_TIMESTAMP,CBP_UPDATED_TIMESTAMP,CBP_ADD_PARAM_ALLOWED,IS_DEPRECATED,DS_STAGE_TYPE,DS_ORCH_STAGE_IDENTIFIER,IS_DUMMY,IS_LEGACY,CBP_OBJECT_SUB_TYPE,EXCEPTION_COLUMN,ALLOW_EXCEPTIONS) values (41000012,'SQL Script in Database Profile - has Too Many Joins','SQL Script in Database Profile - has Too Many Joins','BOOMI - Database Profile',9100,1200,sysdate,sysdate,'N','N',null,null,'N','N',null,null,null);
Insert into CBP_RULE (CBP_RULE_ID,CBP_RULE_SHORT_DESC,CBP_RULE_NAME,CBP_OBJECT_TYPE,CBP_CODE_TYPE_ID,CBP_IMP_TYPE_ID,CBP_CREATED_TIMESTAMP,CBP_UPDATED_TIMESTAMP,CBP_ADD_PARAM_ALLOWED,IS_DEPRECATED,DS_STAGE_TYPE,DS_ORCH_STAGE_IDENTIFIER,IS_DUMMY,IS_LEGACY,CBP_OBJECT_SUB_TYPE,EXCEPTION_COLUMN,ALLOW_EXCEPTIONS) values (41000013,'SQL Script in Database Profile - has Too Many Tables Used in the SQL','SQL Script in Database Profile - has Too Many Tables Used in the SQL','BOOMI - Database Profile',9100,1200,sysdate,sysdate,'N','N',null,null,'N','N',null,null,null);
Insert into CBP_RULE (CBP_RULE_ID,CBP_RULE_SHORT_DESC,CBP_RULE_NAME,CBP_OBJECT_TYPE,CBP_CODE_TYPE_ID,CBP_IMP_TYPE_ID,CBP_CREATED_TIMESTAMP,CBP_UPDATED_TIMESTAMP,CBP_ADD_PARAM_ALLOWED,IS_DEPRECATED,DS_STAGE_TYPE,DS_ORCH_STAGE_IDENTIFIER,IS_DUMMY,IS_LEGACY,CBP_OBJECT_SUB_TYPE,EXCEPTION_COLUMN,ALLOW_EXCEPTIONS) values (41000014,'SQL Script in Database Profile - has Too Many In-Line Views Used in the SQL','SQL Script in Database Profile - has Too Many In-Line Views Used in the SQL','BOOMI - Database Profile',9100,1200,sysdate,sysdate,'N','N',null,null,'N','N',null,null,null);
Insert into CBP_RULE (CBP_RULE_ID,CBP_RULE_SHORT_DESC,CBP_RULE_NAME,CBP_OBJECT_TYPE,CBP_CODE_TYPE_ID,CBP_IMP_TYPE_ID,CBP_CREATED_TIMESTAMP,CBP_UPDATED_TIMESTAMP,CBP_ADD_PARAM_ALLOWED,IS_DEPRECATED,DS_STAGE_TYPE,DS_ORCH_STAGE_IDENTIFIER,IS_DUMMY,IS_LEGACY,CBP_OBJECT_SUB_TYPE,EXCEPTION_COLUMN,ALLOW_EXCEPTIONS) values (41000015,'SQL Script in Database Profile - has Too Many Order By Clauses in the SQL','SQL Script in Database Profile - has Too Many Order By Clauses in the SQL','BOOMI - Database Profile',9100,1200,sysdate,sysdate,'N','N',null,null,'N','N',null,null,null);
Insert into CBP_RULE (CBP_RULE_ID,CBP_RULE_SHORT_DESC,CBP_RULE_NAME,CBP_OBJECT_TYPE,CBP_CODE_TYPE_ID,CBP_IMP_TYPE_ID,CBP_CREATED_TIMESTAMP,CBP_UPDATED_TIMESTAMP,CBP_ADD_PARAM_ALLOWED,IS_DEPRECATED,DS_STAGE_TYPE,DS_ORCH_STAGE_IDENTIFIER,IS_DUMMY,IS_LEGACY,CBP_OBJECT_SUB_TYPE,EXCEPTION_COLUMN,ALLOW_EXCEPTIONS) values (41000016,'SQL Script in Database Profile - has Too Many Colums in the Order By Clause in the SQL','SQL Script in Database Profile - has Too Many Colums in the Order By Clause in the SQL','BOOMI - Database Profile',9100,1200,sysdate,sysdate,'N','N',null,null,'N','N',null,null,null);
Insert into CBP_RULE (CBP_RULE_ID,CBP_RULE_SHORT_DESC,CBP_RULE_NAME,CBP_OBJECT_TYPE,CBP_CODE_TYPE_ID,CBP_IMP_TYPE_ID,CBP_CREATED_TIMESTAMP,CBP_UPDATED_TIMESTAMP,CBP_ADD_PARAM_ALLOWED,IS_DEPRECATED,DS_STAGE_TYPE,DS_ORCH_STAGE_IDENTIFIER,IS_DUMMY,IS_LEGACY,CBP_OBJECT_SUB_TYPE,EXCEPTION_COLUMN,ALLOW_EXCEPTIONS) values (41000017,'SQL Script in Database Profile - Use of Black Listed Table in the SQL','SQL Script in Database Profile - Use of Black Listed Table in the SQL','BOOMI - Database Profile',9100,1200,sysdate,sysdate,'N','N',null,null,'N','N',null,null,null);
Insert into CBP_RULE (CBP_RULE_ID,CBP_RULE_SHORT_DESC,CBP_RULE_NAME,CBP_OBJECT_TYPE,CBP_CODE_TYPE_ID,CBP_IMP_TYPE_ID,CBP_CREATED_TIMESTAMP,CBP_UPDATED_TIMESTAMP,CBP_ADD_PARAM_ALLOWED,IS_DEPRECATED,DS_STAGE_TYPE,DS_ORCH_STAGE_IDENTIFIER,IS_DUMMY,IS_LEGACY,CBP_OBJECT_SUB_TYPE,EXCEPTION_COLUMN,ALLOW_EXCEPTIONS) values (41000018,'SQL Script in Database Profile - Use of Large Table in the SQL','SQL Script in Database Profile - Use of Large Table in the SQL','BOOMI - Database Profile',9100,1200,sysdate,sysdate,'N','N',null,null,'N','N',null,null,null);
Insert into CBP_RULE (CBP_RULE_ID,CBP_RULE_SHORT_DESC,CBP_RULE_NAME,CBP_OBJECT_TYPE,CBP_CODE_TYPE_ID,CBP_IMP_TYPE_ID,CBP_CREATED_TIMESTAMP,CBP_UPDATED_TIMESTAMP,CBP_ADD_PARAM_ALLOWED,IS_DEPRECATED,DS_STAGE_TYPE,DS_ORCH_STAGE_IDENTIFIER,IS_DUMMY,IS_LEGACY,CBP_OBJECT_SUB_TYPE,EXCEPTION_COLUMN,ALLOW_EXCEPTIONS) values (41000021,'Missing Mandatory Description Tag in Cross Reference Table','Missing Mandatory Description Tag in Cross Reference Table','BOOMI - Cross Reference Table',9100,16000,sysdate,sysdate,'N',null,null,null,null,null,null,null,null);
Insert into CBP_RULE (CBP_RULE_ID,CBP_RULE_SHORT_DESC,CBP_RULE_NAME,CBP_OBJECT_TYPE,CBP_CODE_TYPE_ID,CBP_IMP_TYPE_ID,CBP_CREATED_TIMESTAMP,CBP_UPDATED_TIMESTAMP,CBP_ADD_PARAM_ALLOWED,IS_DEPRECATED,DS_STAGE_TYPE,DS_ORCH_STAGE_IDENTIFIER,IS_DUMMY,IS_LEGACY,CBP_OBJECT_SUB_TYPE,EXCEPTION_COLUMN,ALLOW_EXCEPTIONS) values (41000022,'Missing Mandatory Description Tag in Database Profile','Missing Mandatory Description Tag in Database Profile','BOOMI - Database Profile',9100,16000,sysdate,sysdate,'N',null,null,null,null,null,null,null,null);
Insert into CBP_RULE (CBP_RULE_ID,CBP_RULE_SHORT_DESC,CBP_RULE_NAME,CBP_OBJECT_TYPE,CBP_CODE_TYPE_ID,CBP_IMP_TYPE_ID,CBP_CREATED_TIMESTAMP,CBP_UPDATED_TIMESTAMP,CBP_ADD_PARAM_ALLOWED,IS_DEPRECATED,DS_STAGE_TYPE,DS_ORCH_STAGE_IDENTIFIER,IS_DUMMY,IS_LEGACY,CBP_OBJECT_SUB_TYPE,EXCEPTION_COLUMN,ALLOW_EXCEPTIONS) values (41000023,'Missing Mandatory Description Tag in Flat File Profile','Missing Mandatory Description Tag in Flat File Profile','BOOMI - Flat File Profile',9100,16000,sysdate,sysdate,'N',null,null,null,null,null,null,null,null);
Insert into CBP_RULE (CBP_RULE_ID,CBP_RULE_SHORT_DESC,CBP_RULE_NAME,CBP_OBJECT_TYPE,CBP_CODE_TYPE_ID,CBP_IMP_TYPE_ID,CBP_CREATED_TIMESTAMP,CBP_UPDATED_TIMESTAMP,CBP_ADD_PARAM_ALLOWED,IS_DEPRECATED,DS_STAGE_TYPE,DS_ORCH_STAGE_IDENTIFIER,IS_DUMMY,IS_LEGACY,CBP_OBJECT_SUB_TYPE,EXCEPTION_COLUMN,ALLOW_EXCEPTIONS) values (41000024,'Missing Mandatory Description Tag in JSON Profile','Missing Mandatory Description Tag in JSON Profile','BOOMI - JSON Profile',9100,16000,sysdate,sysdate,'N',null,null,null,null,null,null,null,null);
Insert into CBP_RULE (CBP_RULE_ID,CBP_RULE_SHORT_DESC,CBP_RULE_NAME,CBP_OBJECT_TYPE,CBP_CODE_TYPE_ID,CBP_IMP_TYPE_ID,CBP_CREATED_TIMESTAMP,CBP_UPDATED_TIMESTAMP,CBP_ADD_PARAM_ALLOWED,IS_DEPRECATED,DS_STAGE_TYPE,DS_ORCH_STAGE_IDENTIFIER,IS_DUMMY,IS_LEGACY,CBP_OBJECT_SUB_TYPE,EXCEPTION_COLUMN,ALLOW_EXCEPTIONS) values (41000025,'Missing Mandatory Description Tag in Map Function','Missing Mandatory Description Tag in Map Function','BOOMI - Map Function',9100,16000,sysdate,sysdate,'N',null,null,null,null,null,null,null,null);
Insert into CBP_RULE (CBP_RULE_ID,CBP_RULE_SHORT_DESC,CBP_RULE_NAME,CBP_OBJECT_TYPE,CBP_CODE_TYPE_ID,CBP_IMP_TYPE_ID,CBP_CREATED_TIMESTAMP,CBP_UPDATED_TIMESTAMP,CBP_ADD_PARAM_ALLOWED,IS_DEPRECATED,DS_STAGE_TYPE,DS_ORCH_STAGE_IDENTIFIER,IS_DUMMY,IS_LEGACY,CBP_OBJECT_SUB_TYPE,EXCEPTION_COLUMN,ALLOW_EXCEPTIONS) values (41000026,'Missing Mandatory Description Tag in Map Script','Missing Mandatory Description Tag in Map Script','BOOMI - Map Script',9100,16000,sysdate,sysdate,'N',null,null,null,null,null,null,null,null);
Insert into CBP_RULE (CBP_RULE_ID,CBP_RULE_SHORT_DESC,CBP_RULE_NAME,CBP_OBJECT_TYPE,CBP_CODE_TYPE_ID,CBP_IMP_TYPE_ID,CBP_CREATED_TIMESTAMP,CBP_UPDATED_TIMESTAMP,CBP_ADD_PARAM_ALLOWED,IS_DEPRECATED,DS_STAGE_TYPE,DS_ORCH_STAGE_IDENTIFIER,IS_DUMMY,IS_LEGACY,CBP_OBJECT_SUB_TYPE,EXCEPTION_COLUMN,ALLOW_EXCEPTIONS) values (41000027,'Missing Mandatory Description Tag in Map','Missing Mandatory Description Tag in Map','BOOMI - Map',9100,16000,sysdate,sysdate,'N',null,null,null,null,null,null,null,null);
Insert into CBP_RULE (CBP_RULE_ID,CBP_RULE_SHORT_DESC,CBP_RULE_NAME,CBP_OBJECT_TYPE,CBP_CODE_TYPE_ID,CBP_IMP_TYPE_ID,CBP_CREATED_TIMESTAMP,CBP_UPDATED_TIMESTAMP,CBP_ADD_PARAM_ALLOWED,IS_DEPRECATED,DS_STAGE_TYPE,DS_ORCH_STAGE_IDENTIFIER,IS_DUMMY,IS_LEGACY,CBP_OBJECT_SUB_TYPE,EXCEPTION_COLUMN,ALLOW_EXCEPTIONS) values (41000028,'Missing Mandatory Description Tag in Process Script','Missing Mandatory Description Tag in Process Script','BOOMI - Process Script',9100,16000,sysdate,sysdate,'N',null,null,null,null,null,null,null,null);
Insert into CBP_RULE (CBP_RULE_ID,CBP_RULE_SHORT_DESC,CBP_RULE_NAME,CBP_OBJECT_TYPE,CBP_CODE_TYPE_ID,CBP_IMP_TYPE_ID,CBP_CREATED_TIMESTAMP,CBP_UPDATED_TIMESTAMP,CBP_ADD_PARAM_ALLOWED,IS_DEPRECATED,DS_STAGE_TYPE,DS_ORCH_STAGE_IDENTIFIER,IS_DUMMY,IS_LEGACY,CBP_OBJECT_SUB_TYPE,EXCEPTION_COLUMN,ALLOW_EXCEPTIONS) values (41000029,'Missing Mandatory Description Tag in Process','Missing Mandatory Description Tag in Process','BOOMI - Process',9100,16000,sysdate,sysdate,'N',null,null,null,null,null,null,null,null);
Insert into CBP_RULE (CBP_RULE_ID,CBP_RULE_SHORT_DESC,CBP_RULE_NAME,CBP_OBJECT_TYPE,CBP_CODE_TYPE_ID,CBP_IMP_TYPE_ID,CBP_CREATED_TIMESTAMP,CBP_UPDATED_TIMESTAMP,CBP_ADD_PARAM_ALLOWED,IS_DEPRECATED,DS_STAGE_TYPE,DS_ORCH_STAGE_IDENTIFIER,IS_DUMMY,IS_LEGACY,CBP_OBJECT_SUB_TYPE,EXCEPTION_COLUMN,ALLOW_EXCEPTIONS) values (41000030,'Missing Mandatory Description Tag in XML Profile','Missing Mandatory Description Tag in XML Profile','BOOMI - XML Profile',9100,16000,sysdate,sysdate,'N',null,null,null,null,null,null,null,null);
Insert into CBP_RULE (CBP_RULE_ID,CBP_RULE_SHORT_DESC,CBP_RULE_NAME,CBP_OBJECT_TYPE,CBP_CODE_TYPE_ID,CBP_IMP_TYPE_ID,CBP_CREATED_TIMESTAMP,CBP_UPDATED_TIMESTAMP,CBP_ADD_PARAM_ALLOWED,IS_DEPRECATED,DS_STAGE_TYPE,DS_ORCH_STAGE_IDENTIFIER,IS_DUMMY,IS_LEGACY,CBP_OBJECT_SUB_TYPE,EXCEPTION_COLUMN,ALLOW_EXCEPTIONS) values (41000031,'Cross Reference Table without Description','Cross Reference Table without Description','BOOMI - Cross Reference Table',9100,16000,sysdate,sysdate,'N',null,null,null,null,null,null,null,null);
Insert into CBP_RULE (CBP_RULE_ID,CBP_RULE_SHORT_DESC,CBP_RULE_NAME,CBP_OBJECT_TYPE,CBP_CODE_TYPE_ID,CBP_IMP_TYPE_ID,CBP_CREATED_TIMESTAMP,CBP_UPDATED_TIMESTAMP,CBP_ADD_PARAM_ALLOWED,IS_DEPRECATED,DS_STAGE_TYPE,DS_ORCH_STAGE_IDENTIFIER,IS_DUMMY,IS_LEGACY,CBP_OBJECT_SUB_TYPE,EXCEPTION_COLUMN,ALLOW_EXCEPTIONS) values (41000032,'Database Profile without Description','Database Profile without Description','BOOMI - Database Profile',9100,16000,sysdate,sysdate,'N',null,null,null,null,null,null,null,null);
Insert into CBP_RULE (CBP_RULE_ID,CBP_RULE_SHORT_DESC,CBP_RULE_NAME,CBP_OBJECT_TYPE,CBP_CODE_TYPE_ID,CBP_IMP_TYPE_ID,CBP_CREATED_TIMESTAMP,CBP_UPDATED_TIMESTAMP,CBP_ADD_PARAM_ALLOWED,IS_DEPRECATED,DS_STAGE_TYPE,DS_ORCH_STAGE_IDENTIFIER,IS_DUMMY,IS_LEGACY,CBP_OBJECT_SUB_TYPE,EXCEPTION_COLUMN,ALLOW_EXCEPTIONS) values (41000033,'Flat File Profile without Description','Flat File Profile without Description','BOOMI - Flat File Profile',9100,16000,sysdate,sysdate,'N',null,null,null,null,null,null,null,null);
Insert into CBP_RULE (CBP_RULE_ID,CBP_RULE_SHORT_DESC,CBP_RULE_NAME,CBP_OBJECT_TYPE,CBP_CODE_TYPE_ID,CBP_IMP_TYPE_ID,CBP_CREATED_TIMESTAMP,CBP_UPDATED_TIMESTAMP,CBP_ADD_PARAM_ALLOWED,IS_DEPRECATED,DS_STAGE_TYPE,DS_ORCH_STAGE_IDENTIFIER,IS_DUMMY,IS_LEGACY,CBP_OBJECT_SUB_TYPE,EXCEPTION_COLUMN,ALLOW_EXCEPTIONS) values (41000034,'JSON Profile without Description','JSON Profile without Description','BOOMI - JSON Profile',9100,16000,sysdate,sysdate,'N',null,null,null,null,null,null,null,null);
Insert into CBP_RULE (CBP_RULE_ID,CBP_RULE_SHORT_DESC,CBP_RULE_NAME,CBP_OBJECT_TYPE,CBP_CODE_TYPE_ID,CBP_IMP_TYPE_ID,CBP_CREATED_TIMESTAMP,CBP_UPDATED_TIMESTAMP,CBP_ADD_PARAM_ALLOWED,IS_DEPRECATED,DS_STAGE_TYPE,DS_ORCH_STAGE_IDENTIFIER,IS_DUMMY,IS_LEGACY,CBP_OBJECT_SUB_TYPE,EXCEPTION_COLUMN,ALLOW_EXCEPTIONS) values (41000035,'Map Function without Description','Map Function without Description','BOOMI - Map Function',9100,16000,sysdate,sysdate,'N',null,null,null,null,null,null,null,null);
Insert into CBP_RULE (CBP_RULE_ID,CBP_RULE_SHORT_DESC,CBP_RULE_NAME,CBP_OBJECT_TYPE,CBP_CODE_TYPE_ID,CBP_IMP_TYPE_ID,CBP_CREATED_TIMESTAMP,CBP_UPDATED_TIMESTAMP,CBP_ADD_PARAM_ALLOWED,IS_DEPRECATED,DS_STAGE_TYPE,DS_ORCH_STAGE_IDENTIFIER,IS_DUMMY,IS_LEGACY,CBP_OBJECT_SUB_TYPE,EXCEPTION_COLUMN,ALLOW_EXCEPTIONS) values (41000036,'Map Script without Description','Map Script without Description','BOOMI - Map Script',9100,16000,sysdate,sysdate,'N',null,null,null,null,null,null,null,null);
Insert into CBP_RULE (CBP_RULE_ID,CBP_RULE_SHORT_DESC,CBP_RULE_NAME,CBP_OBJECT_TYPE,CBP_CODE_TYPE_ID,CBP_IMP_TYPE_ID,CBP_CREATED_TIMESTAMP,CBP_UPDATED_TIMESTAMP,CBP_ADD_PARAM_ALLOWED,IS_DEPRECATED,DS_STAGE_TYPE,DS_ORCH_STAGE_IDENTIFIER,IS_DUMMY,IS_LEGACY,CBP_OBJECT_SUB_TYPE,EXCEPTION_COLUMN,ALLOW_EXCEPTIONS) values (41000037,'Map without Description','Map without Description','BOOMI - Map',9100,16000,sysdate,sysdate,'N',null,null,null,null,null,null,null,null);
Insert into CBP_RULE (CBP_RULE_ID,CBP_RULE_SHORT_DESC,CBP_RULE_NAME,CBP_OBJECT_TYPE,CBP_CODE_TYPE_ID,CBP_IMP_TYPE_ID,CBP_CREATED_TIMESTAMP,CBP_UPDATED_TIMESTAMP,CBP_ADD_PARAM_ALLOWED,IS_DEPRECATED,DS_STAGE_TYPE,DS_ORCH_STAGE_IDENTIFIER,IS_DUMMY,IS_LEGACY,CBP_OBJECT_SUB_TYPE,EXCEPTION_COLUMN,ALLOW_EXCEPTIONS) values (41000038,'Process Script without Description','Process Script without Description','BOOMI - Process Script',9100,16000,sysdate,sysdate,'N',null,null,null,null,null,null,null,null);
Insert into CBP_RULE (CBP_RULE_ID,CBP_RULE_SHORT_DESC,CBP_RULE_NAME,CBP_OBJECT_TYPE,CBP_CODE_TYPE_ID,CBP_IMP_TYPE_ID,CBP_CREATED_TIMESTAMP,CBP_UPDATED_TIMESTAMP,CBP_ADD_PARAM_ALLOWED,IS_DEPRECATED,DS_STAGE_TYPE,DS_ORCH_STAGE_IDENTIFIER,IS_DUMMY,IS_LEGACY,CBP_OBJECT_SUB_TYPE,EXCEPTION_COLUMN,ALLOW_EXCEPTIONS) values (41000039,'Process without Description','Process without Description','BOOMI - Process',9100,16000,sysdate,sysdate,'N',null,null,null,null,null,null,null,null);
Insert into CBP_RULE (CBP_RULE_ID,CBP_RULE_SHORT_DESC,CBP_RULE_NAME,CBP_OBJECT_TYPE,CBP_CODE_TYPE_ID,CBP_IMP_TYPE_ID,CBP_CREATED_TIMESTAMP,CBP_UPDATED_TIMESTAMP,CBP_ADD_PARAM_ALLOWED,IS_DEPRECATED,DS_STAGE_TYPE,DS_ORCH_STAGE_IDENTIFIER,IS_DUMMY,IS_LEGACY,CBP_OBJECT_SUB_TYPE,EXCEPTION_COLUMN,ALLOW_EXCEPTIONS) values (41000040,'XML Profile without Description','XML Profile without Description','BOOMI - XML Profile',9100,16000,sysdate,sysdate,'N',null,null,null,null,null,null,null,null);
Insert into CBP_RULE (CBP_RULE_ID,CBP_RULE_SHORT_DESC,CBP_RULE_NAME,CBP_OBJECT_TYPE,CBP_CODE_TYPE_ID,CBP_IMP_TYPE_ID,CBP_CREATED_TIMESTAMP,CBP_UPDATED_TIMESTAMP,CBP_ADD_PARAM_ALLOWED,IS_DEPRECATED,DS_STAGE_TYPE,DS_ORCH_STAGE_IDENTIFIER,IS_DUMMY,IS_LEGACY,CBP_OBJECT_SUB_TYPE,EXCEPTION_COLUMN,ALLOW_EXCEPTIONS) values (41000041,'Use of Too Many User Defined Functions in Map','Use of Too Many User Defined Functions in Map','BOOMI - Map',9100,16000,sysdate,sysdate,'N','N',null,null,'N','N',null,null,null);
Insert into CBP_RULE (CBP_RULE_ID,CBP_RULE_SHORT_DESC,CBP_RULE_NAME,CBP_OBJECT_TYPE,CBP_CODE_TYPE_ID,CBP_IMP_TYPE_ID,CBP_CREATED_TIMESTAMP,CBP_UPDATED_TIMESTAMP,CBP_ADD_PARAM_ALLOWED,IS_DEPRECATED,DS_STAGE_TYPE,DS_ORCH_STAGE_IDENTIFIER,IS_DUMMY,IS_LEGACY,CBP_OBJECT_SUB_TYPE,EXCEPTION_COLUMN,ALLOW_EXCEPTIONS) values (41000042,'Use of Too Many SQL Lookups in Map','Use of Too Many SQL Lookups in Map','BOOMI - Map',9100,16000,sysdate,sysdate,'N','N',null,null,'N','N',null,null,null);
Insert into CBP_RULE (CBP_RULE_ID,CBP_RULE_SHORT_DESC,CBP_RULE_NAME,CBP_OBJECT_TYPE,CBP_CODE_TYPE_ID,CBP_IMP_TYPE_ID,CBP_CREATED_TIMESTAMP,CBP_UPDATED_TIMESTAMP,CBP_ADD_PARAM_ALLOWED,IS_DEPRECATED,DS_STAGE_TYPE,DS_ORCH_STAGE_IDENTIFIER,IS_DUMMY,IS_LEGACY,CBP_OBJECT_SUB_TYPE,EXCEPTION_COLUMN,ALLOW_EXCEPTIONS) values (41000043,'Use of Too Many Cross Reference Lookups in Map','Use of Too Many Cross Reference Lookups in Map','BOOMI - Map',9100,16000,sysdate,sysdate,'N','N',null,null,'N','N',null,null,null);
Insert into CBP_RULE (CBP_RULE_ID,CBP_RULE_SHORT_DESC,CBP_RULE_NAME,CBP_OBJECT_TYPE,CBP_CODE_TYPE_ID,CBP_IMP_TYPE_ID,CBP_CREATED_TIMESTAMP,CBP_UPDATED_TIMESTAMP,CBP_ADD_PARAM_ALLOWED,IS_DEPRECATED,DS_STAGE_TYPE,DS_ORCH_STAGE_IDENTIFIER,IS_DUMMY,IS_LEGACY,CBP_OBJECT_SUB_TYPE,EXCEPTION_COLUMN,ALLOW_EXCEPTIONS) values (41000044,'Use of Too Many Document Cache Lookups in Map','Use of Too Many Document Cache Lookups in Map','BOOMI - Map',9100,16000,sysdate,sysdate,'N','N',null,null,'N','N',null,null,null);
Insert into CBP_RULE (CBP_RULE_ID,CBP_RULE_SHORT_DESC,CBP_RULE_NAME,CBP_OBJECT_TYPE,CBP_CODE_TYPE_ID,CBP_IMP_TYPE_ID,CBP_CREATED_TIMESTAMP,CBP_UPDATED_TIMESTAMP,CBP_ADD_PARAM_ALLOWED,IS_DEPRECATED,DS_STAGE_TYPE,DS_ORCH_STAGE_IDENTIFIER,IS_DUMMY,IS_LEGACY,CBP_OBJECT_SUB_TYPE,EXCEPTION_COLUMN,ALLOW_EXCEPTIONS) values (41000045,'Use of Too Many Simple Lookups in Map','Use of Too Many Simple Lookups in Map','BOOMI - Map',9100,16000,sysdate,sysdate,'N','N',null,null,'N','N',null,null,null);
Insert into CBP_RULE (CBP_RULE_ID,CBP_RULE_SHORT_DESC,CBP_RULE_NAME,CBP_OBJECT_TYPE,CBP_CODE_TYPE_ID,CBP_IMP_TYPE_ID,CBP_CREATED_TIMESTAMP,CBP_UPDATED_TIMESTAMP,CBP_ADD_PARAM_ALLOWED,IS_DEPRECATED,DS_STAGE_TYPE,DS_ORCH_STAGE_IDENTIFIER,IS_DUMMY,IS_LEGACY,CBP_OBJECT_SUB_TYPE,EXCEPTION_COLUMN,ALLOW_EXCEPTIONS) values (41000046,'Use of Too Many Scripts in Map','Use of Too Many Scripts in Map','BOOMI - Map',9100,16000,sysdate,sysdate,'N','N',null,null,'N','N',null,null,null);
Insert into CBP_RULE (CBP_RULE_ID,CBP_RULE_SHORT_DESC,CBP_RULE_NAME,CBP_OBJECT_TYPE,CBP_CODE_TYPE_ID,CBP_IMP_TYPE_ID,CBP_CREATED_TIMESTAMP,CBP_UPDATED_TIMESTAMP,CBP_ADD_PARAM_ALLOWED,IS_DEPRECATED,DS_STAGE_TYPE,DS_ORCH_STAGE_IDENTIFIER,IS_DUMMY,IS_LEGACY,CBP_OBJECT_SUB_TYPE,EXCEPTION_COLUMN,ALLOW_EXCEPTIONS) values (41000047,'Use of Too Many Connector Calls in Map','Use of Too Many Connector Calls in Map','BOOMI - Map',9100,16000,sysdate,sysdate,'N','N',null,null,'N','N',null,null,null);
Insert into CBP_RULE (CBP_RULE_ID,CBP_RULE_SHORT_DESC,CBP_RULE_NAME,CBP_OBJECT_TYPE,CBP_CODE_TYPE_ID,CBP_IMP_TYPE_ID,CBP_CREATED_TIMESTAMP,CBP_UPDATED_TIMESTAMP,CBP_ADD_PARAM_ALLOWED,IS_DEPRECATED,DS_STAGE_TYPE,DS_ORCH_STAGE_IDENTIFIER,IS_DUMMY,IS_LEGACY,CBP_OBJECT_SUB_TYPE,EXCEPTION_COLUMN,ALLOW_EXCEPTIONS) values (41000048,'Use of Too Many Numeric Counts in Map','Use of Too Many Numeric Counts in Map','BOOMI - Map',9100,16000,sysdate,sysdate,'N','N',null,null,'N','N',null,null,null);
Insert into CBP_RULE (CBP_RULE_ID,CBP_RULE_SHORT_DESC,CBP_RULE_NAME,CBP_OBJECT_TYPE,CBP_CODE_TYPE_ID,CBP_IMP_TYPE_ID,CBP_CREATED_TIMESTAMP,CBP_UPDATED_TIMESTAMP,CBP_ADD_PARAM_ALLOWED,IS_DEPRECATED,DS_STAGE_TYPE,DS_ORCH_STAGE_IDENTIFIER,IS_DUMMY,IS_LEGACY,CBP_OBJECT_SUB_TYPE,EXCEPTION_COLUMN,ALLOW_EXCEPTIONS) values (41000049,'Use of Too Many Numeric Sums in Map','Use of Too Many Numeric Sums in Map','BOOMI - Map',9100,16000,sysdate,sysdate,'N','N',null,null,'N','N',null,null,null);
Insert into CBP_RULE (CBP_RULE_ID,CBP_RULE_SHORT_DESC,CBP_RULE_NAME,CBP_OBJECT_TYPE,CBP_CODE_TYPE_ID,CBP_IMP_TYPE_ID,CBP_CREATED_TIMESTAMP,CBP_UPDATED_TIMESTAMP,CBP_ADD_PARAM_ALLOWED,IS_DEPRECATED,DS_STAGE_TYPE,DS_ORCH_STAGE_IDENTIFIER,IS_DUMMY,IS_LEGACY,CBP_OBJECT_SUB_TYPE,EXCEPTION_COLUMN,ALLOW_EXCEPTIONS) values (41000050,'Use of Too Many Numeric Running Totals in Map','Use of Too Many Numeric Running Totals in Map','BOOMI - Map',9100,16000,sysdate,sysdate,'N','N',null,null,'N','N',null,null,null);
Insert into CBP_RULE (CBP_RULE_ID,CBP_RULE_SHORT_DESC,CBP_RULE_NAME,CBP_OBJECT_TYPE,CBP_CODE_TYPE_ID,CBP_IMP_TYPE_ID,CBP_CREATED_TIMESTAMP,CBP_UPDATED_TIMESTAMP,CBP_ADD_PARAM_ALLOWED,IS_DEPRECATED,DS_STAGE_TYPE,DS_ORCH_STAGE_IDENTIFIER,IS_DUMMY,IS_LEGACY,CBP_OBJECT_SUB_TYPE,EXCEPTION_COLUMN,ALLOW_EXCEPTIONS) values (41000051,'Use of Too Many Numeric Sequential Values in Map','Use of Too Many Numeric Sequential Values in Map','BOOMI - Map',9100,16000,sysdate,sysdate,'N','N',null,null,'N','N',null,null,null);
Insert into CBP_RULE (CBP_RULE_ID,CBP_RULE_SHORT_DESC,CBP_RULE_NAME,CBP_OBJECT_TYPE,CBP_CODE_TYPE_ID,CBP_IMP_TYPE_ID,CBP_CREATED_TIMESTAMP,CBP_UPDATED_TIMESTAMP,CBP_ADD_PARAM_ALLOWED,IS_DEPRECATED,DS_STAGE_TYPE,DS_ORCH_STAGE_IDENTIFIER,IS_DUMMY,IS_LEGACY,CBP_OBJECT_SUB_TYPE,EXCEPTION_COLUMN,ALLOW_EXCEPTIONS) values (41000052,'Use of Too Many Funcations in Map','Use of Too Many Funcations in Map','BOOMI - Map',9100,16000,sysdate,sysdate,'N','N',null,null,'N','N',null,null,null);
-- CBP_PARAMETER
Insert into CBP_PARAMETER (CBP_PARAMETER_ID,CBP_PARAMETER_NAME,CBP_PARAMETER_DEFAULT_VALUE,CBP_PARAMETER_SITE_VALUE,CBP_PARAMETER_DESCRIPTION,CBP_PARAMETER_KEYWORD,CBP_PARAMETER_PLACE_HOLDER,CBP_PARAMETER_DATA_TYPE,CBP_PATTERN_ID,CBP_CREATED_TIMESTAMP,CBP_UPDATED_TIMESTAMP,CBP_CONFIGURABLE,CBP_IS_PROJECT_SPECIFIC,IS_EXCEPTION,IS_LIST,IS_REGEX) values (41000001,'Naming Convention for Cross Reference Table','^(crossRef_)',null,'Naming Convention for Cross Reference Table',null,null,'STRING',2000,sysdate,sysdate,'Y','N',null,null,null);
Insert into CBP_PARAMETER (CBP_PARAMETER_ID,CBP_PARAMETER_NAME,CBP_PARAMETER_DEFAULT_VALUE,CBP_PARAMETER_SITE_VALUE,CBP_PARAMETER_DESCRIPTION,CBP_PARAMETER_KEYWORD,CBP_PARAMETER_PLACE_HOLDER,CBP_PARAMETER_DATA_TYPE,CBP_PATTERN_ID,CBP_CREATED_TIMESTAMP,CBP_UPDATED_TIMESTAMP,CBP_CONFIGURABLE,CBP_IS_PROJECT_SPECIFIC,IS_EXCEPTION,IS_LIST,IS_REGEX) values (41000002,'Naming Convention for Database Profile','^(dbProfile_)',null,'Naming Convention for Database Profile',null,null,'STRING',2000,sysdate,sysdate,'Y','N',null,null,null);
Insert into CBP_PARAMETER (CBP_PARAMETER_ID,CBP_PARAMETER_NAME,CBP_PARAMETER_DEFAULT_VALUE,CBP_PARAMETER_SITE_VALUE,CBP_PARAMETER_DESCRIPTION,CBP_PARAMETER_KEYWORD,CBP_PARAMETER_PLACE_HOLDER,CBP_PARAMETER_DATA_TYPE,CBP_PATTERN_ID,CBP_CREATED_TIMESTAMP,CBP_UPDATED_TIMESTAMP,CBP_CONFIGURABLE,CBP_IS_PROJECT_SPECIFIC,IS_EXCEPTION,IS_LIST,IS_REGEX) values (41000003,'Naming Convention for Flat File Profile','^(flatFileProfile_)',null,'Naming Convention for Flat File Profile',null,null,'STRING',2000,sysdate,sysdate,'Y','N',null,null,null);
Insert into CBP_PARAMETER (CBP_PARAMETER_ID,CBP_PARAMETER_NAME,CBP_PARAMETER_DEFAULT_VALUE,CBP_PARAMETER_SITE_VALUE,CBP_PARAMETER_DESCRIPTION,CBP_PARAMETER_KEYWORD,CBP_PARAMETER_PLACE_HOLDER,CBP_PARAMETER_DATA_TYPE,CBP_PATTERN_ID,CBP_CREATED_TIMESTAMP,CBP_UPDATED_TIMESTAMP,CBP_CONFIGURABLE,CBP_IS_PROJECT_SPECIFIC,IS_EXCEPTION,IS_LIST,IS_REGEX) values (41000004,'Naming Convention for JSON Profile','^(JSONProfile_)',null,'Naming Convention for JSON Profile',null,null,'STRING',2000,sysdate,sysdate,'Y','N',null,null,null);
Insert into CBP_PARAMETER (CBP_PARAMETER_ID,CBP_PARAMETER_NAME,CBP_PARAMETER_DEFAULT_VALUE,CBP_PARAMETER_SITE_VALUE,CBP_PARAMETER_DESCRIPTION,CBP_PARAMETER_KEYWORD,CBP_PARAMETER_PLACE_HOLDER,CBP_PARAMETER_DATA_TYPE,CBP_PATTERN_ID,CBP_CREATED_TIMESTAMP,CBP_UPDATED_TIMESTAMP,CBP_CONFIGURABLE,CBP_IS_PROJECT_SPECIFIC,IS_EXCEPTION,IS_LIST,IS_REGEX) values (41000005,'Naming Convention for BOOMI - Map Function','^(mpFun_)',null,'Naming Convention for BOOMI - Map Function',null,null,'STRING',2000,sysdate,sysdate,'Y','N',null,null,null);
Insert into CBP_PARAMETER (CBP_PARAMETER_ID,CBP_PARAMETER_NAME,CBP_PARAMETER_DEFAULT_VALUE,CBP_PARAMETER_SITE_VALUE,CBP_PARAMETER_DESCRIPTION,CBP_PARAMETER_KEYWORD,CBP_PARAMETER_PLACE_HOLDER,CBP_PARAMETER_DATA_TYPE,CBP_PATTERN_ID,CBP_CREATED_TIMESTAMP,CBP_UPDATED_TIMESTAMP,CBP_CONFIGURABLE,CBP_IS_PROJECT_SPECIFIC,IS_EXCEPTION,IS_LIST,IS_REGEX) values (41000006,'Naming Convention for BOOMI - Map Script','^(mpScript_)',null,'Naming Convention for BOOMI - Map Script',null,null,'STRING',2000,sysdate,sysdate,'Y','N',null,null,null);
Insert into CBP_PARAMETER (CBP_PARAMETER_ID,CBP_PARAMETER_NAME,CBP_PARAMETER_DEFAULT_VALUE,CBP_PARAMETER_SITE_VALUE,CBP_PARAMETER_DESCRIPTION,CBP_PARAMETER_KEYWORD,CBP_PARAMETER_PLACE_HOLDER,CBP_PARAMETER_DATA_TYPE,CBP_PATTERN_ID,CBP_CREATED_TIMESTAMP,CBP_UPDATED_TIMESTAMP,CBP_CONFIGURABLE,CBP_IS_PROJECT_SPECIFIC,IS_EXCEPTION,IS_LIST,IS_REGEX) values (41000007,'Naming Convention for BOOMI - Map','^(mp_)',null,'Naming Convention for BOOMI - Map',null,null,'STRING',2000,sysdate,sysdate,'Y','N',null,null,null);
Insert into CBP_PARAMETER (CBP_PARAMETER_ID,CBP_PARAMETER_NAME,CBP_PARAMETER_DEFAULT_VALUE,CBP_PARAMETER_SITE_VALUE,CBP_PARAMETER_DESCRIPTION,CBP_PARAMETER_KEYWORD,CBP_PARAMETER_PLACE_HOLDER,CBP_PARAMETER_DATA_TYPE,CBP_PATTERN_ID,CBP_CREATED_TIMESTAMP,CBP_UPDATED_TIMESTAMP,CBP_CONFIGURABLE,CBP_IS_PROJECT_SPECIFIC,IS_EXCEPTION,IS_LIST,IS_REGEX) values (41000008,'Naming Convention for BOOMI - Process Script','^(processScript_)',null,'Naming Convention for BOOMI - Process Script',null,null,'STRING',2000,sysdate,sysdate,'Y','N',null,null,null);
Insert into CBP_PARAMETER (CBP_PARAMETER_ID,CBP_PARAMETER_NAME,CBP_PARAMETER_DEFAULT_VALUE,CBP_PARAMETER_SITE_VALUE,CBP_PARAMETER_DESCRIPTION,CBP_PARAMETER_KEYWORD,CBP_PARAMETER_PLACE_HOLDER,CBP_PARAMETER_DATA_TYPE,CBP_PATTERN_ID,CBP_CREATED_TIMESTAMP,CBP_UPDATED_TIMESTAMP,CBP_CONFIGURABLE,CBP_IS_PROJECT_SPECIFIC,IS_EXCEPTION,IS_LIST,IS_REGEX) values (41000009,'Naming Convention for BOOMI - Process','^(process_)',null,'Naming Convention for BOOMI - Process',null,null,'STRING',2000,sysdate,sysdate,'Y','N',null,null,null);
Insert into CBP_PARAMETER (CBP_PARAMETER_ID,CBP_PARAMETER_NAME,CBP_PARAMETER_DEFAULT_VALUE,CBP_PARAMETER_SITE_VALUE,CBP_PARAMETER_DESCRIPTION,CBP_PARAMETER_KEYWORD,CBP_PARAMETER_PLACE_HOLDER,CBP_PARAMETER_DATA_TYPE,CBP_PATTERN_ID,CBP_CREATED_TIMESTAMP,CBP_UPDATED_TIMESTAMP,CBP_CONFIGURABLE,CBP_IS_PROJECT_SPECIFIC,IS_EXCEPTION,IS_LIST,IS_REGEX) values (41000010,'Naming Convention for BOOMI - XML Profile','^(XMLProfile_)',null,'Naming Convention for BOOMI - XML Profile',null,null,'STRING',2000,sysdate,sysdate,'Y','N',null,null,null);
Insert into CBP_PARAMETER (CBP_PARAMETER_ID,CBP_PARAMETER_NAME,CBP_PARAMETER_DEFAULT_VALUE,CBP_PARAMETER_SITE_VALUE,CBP_PARAMETER_DESCRIPTION,CBP_PARAMETER_KEYWORD,CBP_PARAMETER_PLACE_HOLDER,CBP_PARAMETER_DATA_TYPE,CBP_PATTERN_ID,CBP_CREATED_TIMESTAMP,CBP_UPDATED_TIMESTAMP,CBP_CONFIGURABLE,CBP_IS_PROJECT_SPECIFIC,IS_EXCEPTION,IS_LIST,IS_REGEX) values (41000012,'SQL Script in Database Profile - Number of Joins Used in a Query','1',null,'SQL Script in Database Profile - Number of Joins Used in a Query',null,'COEURDATA_31000012','NUMBER',null,sysdate,sysdate,'Y','N',null,null,null);
Insert into CBP_PARAMETER (CBP_PARAMETER_ID,CBP_PARAMETER_NAME,CBP_PARAMETER_DEFAULT_VALUE,CBP_PARAMETER_SITE_VALUE,CBP_PARAMETER_DESCRIPTION,CBP_PARAMETER_KEYWORD,CBP_PARAMETER_PLACE_HOLDER,CBP_PARAMETER_DATA_TYPE,CBP_PATTERN_ID,CBP_CREATED_TIMESTAMP,CBP_UPDATED_TIMESTAMP,CBP_CONFIGURABLE,CBP_IS_PROJECT_SPECIFIC,IS_EXCEPTION,IS_LIST,IS_REGEX) values (41000013,'SQL Script in Database Profile - Maximum Number of Tables Used in the SQL','1',null,'SQL Script in Database Profile - Maximum Number of Tables Used in the SQL',null,'COEURDATA_31000013','NUMBER',null,sysdate,sysdate,'Y','N',null,null,null);
Insert into CBP_PARAMETER (CBP_PARAMETER_ID,CBP_PARAMETER_NAME,CBP_PARAMETER_DEFAULT_VALUE,CBP_PARAMETER_SITE_VALUE,CBP_PARAMETER_DESCRIPTION,CBP_PARAMETER_KEYWORD,CBP_PARAMETER_PLACE_HOLDER,CBP_PARAMETER_DATA_TYPE,CBP_PATTERN_ID,CBP_CREATED_TIMESTAMP,CBP_UPDATED_TIMESTAMP,CBP_CONFIGURABLE,CBP_IS_PROJECT_SPECIFIC,IS_EXCEPTION,IS_LIST,IS_REGEX) values (41000014,'SQL Script in Database Profile - Maximum Number of In-line Views Used in a Query','1',null,'SQL Script in Database Profile - Maximum Number of In-line Views Used in a Query',null,'COEURDATA_31000014','NUMBER',null,sysdate,sysdate,'Y','N',null,null,null);
Insert into CBP_PARAMETER (CBP_PARAMETER_ID,CBP_PARAMETER_NAME,CBP_PARAMETER_DEFAULT_VALUE,CBP_PARAMETER_SITE_VALUE,CBP_PARAMETER_DESCRIPTION,CBP_PARAMETER_KEYWORD,CBP_PARAMETER_PLACE_HOLDER,CBP_PARAMETER_DATA_TYPE,CBP_PATTERN_ID,CBP_CREATED_TIMESTAMP,CBP_UPDATED_TIMESTAMP,CBP_CONFIGURABLE,CBP_IS_PROJECT_SPECIFIC,IS_EXCEPTION,IS_LIST,IS_REGEX) values (41000015,'SQL Script in Database Profile - Number of Order By Clauses Used in a Query','1',null,'SQL Script in Database Profile - Number of Order By Clauses Used in a Query',null,'COEURDATA_31000015','NUMBER',null,sysdate,sysdate,'Y','N',null,null,null);
Insert into CBP_PARAMETER (CBP_PARAMETER_ID,CBP_PARAMETER_NAME,CBP_PARAMETER_DEFAULT_VALUE,CBP_PARAMETER_SITE_VALUE,CBP_PARAMETER_DESCRIPTION,CBP_PARAMETER_KEYWORD,CBP_PARAMETER_PLACE_HOLDER,CBP_PARAMETER_DATA_TYPE,CBP_PATTERN_ID,CBP_CREATED_TIMESTAMP,CBP_UPDATED_TIMESTAMP,CBP_CONFIGURABLE,CBP_IS_PROJECT_SPECIFIC,IS_EXCEPTION,IS_LIST,IS_REGEX) values (41000016,'SQL Script in Database Profile - Maximum Number of Columns in the Order By Clause in the SQL','1',null,'SQL Script in Database Profile - Maximum Number of Columns in the Order By Clause in the SQL',null,'COEURDATA_31000016','NUMBER',null,sysdate,sysdate,'Y','N',null,null,null);
Insert into CBP_PARAMETER (CBP_PARAMETER_ID,CBP_PARAMETER_NAME,CBP_PARAMETER_DEFAULT_VALUE,CBP_PARAMETER_SITE_VALUE,CBP_PARAMETER_DESCRIPTION,CBP_PARAMETER_KEYWORD,CBP_PARAMETER_PLACE_HOLDER,CBP_PARAMETER_DATA_TYPE,CBP_PATTERN_ID,CBP_CREATED_TIMESTAMP,CBP_UPDATED_TIMESTAMP,CBP_CONFIGURABLE,CBP_IS_PROJECT_SPECIFIC,IS_EXCEPTION,IS_LIST,IS_REGEX) values (41000021,'Mandatory Description Tag in Cross Reference Table','VALUE_NOT_SET',null,'Mandatory Description Tag in Cross Reference Table',null,null,'STRING',2000,sysdate,sysdate,'Y','N',null,null,null);
Insert into CBP_PARAMETER (CBP_PARAMETER_ID,CBP_PARAMETER_NAME,CBP_PARAMETER_DEFAULT_VALUE,CBP_PARAMETER_SITE_VALUE,CBP_PARAMETER_DESCRIPTION,CBP_PARAMETER_KEYWORD,CBP_PARAMETER_PLACE_HOLDER,CBP_PARAMETER_DATA_TYPE,CBP_PATTERN_ID,CBP_CREATED_TIMESTAMP,CBP_UPDATED_TIMESTAMP,CBP_CONFIGURABLE,CBP_IS_PROJECT_SPECIFIC,IS_EXCEPTION,IS_LIST,IS_REGEX) values (41000022,'Mandatory Description Tag in Database Profile','VALUE_NOT_SET',null,'Mandatory Description Tag in Database Profile',null,null,'STRING',2000,sysdate,sysdate,'Y','N',null,null,null);
Insert into CBP_PARAMETER (CBP_PARAMETER_ID,CBP_PARAMETER_NAME,CBP_PARAMETER_DEFAULT_VALUE,CBP_PARAMETER_SITE_VALUE,CBP_PARAMETER_DESCRIPTION,CBP_PARAMETER_KEYWORD,CBP_PARAMETER_PLACE_HOLDER,CBP_PARAMETER_DATA_TYPE,CBP_PATTERN_ID,CBP_CREATED_TIMESTAMP,CBP_UPDATED_TIMESTAMP,CBP_CONFIGURABLE,CBP_IS_PROJECT_SPECIFIC,IS_EXCEPTION,IS_LIST,IS_REGEX) values (41000023,'Mandatory Description Tag in Flat File Profile','VALUE_NOT_SET',null,'Mandatory Description Tag in Flat File Profile',null,null,'STRING',2000,sysdate,sysdate,'Y','N',null,null,null);
Insert into CBP_PARAMETER (CBP_PARAMETER_ID,CBP_PARAMETER_NAME,CBP_PARAMETER_DEFAULT_VALUE,CBP_PARAMETER_SITE_VALUE,CBP_PARAMETER_DESCRIPTION,CBP_PARAMETER_KEYWORD,CBP_PARAMETER_PLACE_HOLDER,CBP_PARAMETER_DATA_TYPE,CBP_PATTERN_ID,CBP_CREATED_TIMESTAMP,CBP_UPDATED_TIMESTAMP,CBP_CONFIGURABLE,CBP_IS_PROJECT_SPECIFIC,IS_EXCEPTION,IS_LIST,IS_REGEX) values (41000024,'Mandatory Description Tag in JSON Profile','VALUE_NOT_SET',null,'Mandatory Description Tag in JSON Profile',null,null,'STRING',2000,sysdate,sysdate,'Y','N',null,null,null);
Insert into CBP_PARAMETER (CBP_PARAMETER_ID,CBP_PARAMETER_NAME,CBP_PARAMETER_DEFAULT_VALUE,CBP_PARAMETER_SITE_VALUE,CBP_PARAMETER_DESCRIPTION,CBP_PARAMETER_KEYWORD,CBP_PARAMETER_PLACE_HOLDER,CBP_PARAMETER_DATA_TYPE,CBP_PATTERN_ID,CBP_CREATED_TIMESTAMP,CBP_UPDATED_TIMESTAMP,CBP_CONFIGURABLE,CBP_IS_PROJECT_SPECIFIC,IS_EXCEPTION,IS_LIST,IS_REGEX) values (41000025,'Mandatory Description Tag in Map Function','VALUE_NOT_SET',null,'Mandatory Description Tag in Map Function',null,null,'STRING',2000,sysdate,sysdate,'Y','N',null,null,null);
Insert into CBP_PARAMETER (CBP_PARAMETER_ID,CBP_PARAMETER_NAME,CBP_PARAMETER_DEFAULT_VALUE,CBP_PARAMETER_SITE_VALUE,CBP_PARAMETER_DESCRIPTION,CBP_PARAMETER_KEYWORD,CBP_PARAMETER_PLACE_HOLDER,CBP_PARAMETER_DATA_TYPE,CBP_PATTERN_ID,CBP_CREATED_TIMESTAMP,CBP_UPDATED_TIMESTAMP,CBP_CONFIGURABLE,CBP_IS_PROJECT_SPECIFIC,IS_EXCEPTION,IS_LIST,IS_REGEX) values (41000026,'Mandatory Description Tag in Map Script','VALUE_NOT_SET',null,'Mandatory Description Tag in Map Script',null,null,'STRING',2000,sysdate,sysdate,'Y','N',null,null,null);
Insert into CBP_PARAMETER (CBP_PARAMETER_ID,CBP_PARAMETER_NAME,CBP_PARAMETER_DEFAULT_VALUE,CBP_PARAMETER_SITE_VALUE,CBP_PARAMETER_DESCRIPTION,CBP_PARAMETER_KEYWORD,CBP_PARAMETER_PLACE_HOLDER,CBP_PARAMETER_DATA_TYPE,CBP_PATTERN_ID,CBP_CREATED_TIMESTAMP,CBP_UPDATED_TIMESTAMP,CBP_CONFIGURABLE,CBP_IS_PROJECT_SPECIFIC,IS_EXCEPTION,IS_LIST,IS_REGEX) values (41000027,'Mandatory Description Tag in Map','VALUE_NOT_SET',null,'Mandatory Description Tag in Map',null,null,'STRING',2000,sysdate,sysdate,'Y','N',null,null,null);
Insert into CBP_PARAMETER (CBP_PARAMETER_ID,CBP_PARAMETER_NAME,CBP_PARAMETER_DEFAULT_VALUE,CBP_PARAMETER_SITE_VALUE,CBP_PARAMETER_DESCRIPTION,CBP_PARAMETER_KEYWORD,CBP_PARAMETER_PLACE_HOLDER,CBP_PARAMETER_DATA_TYPE,CBP_PATTERN_ID,CBP_CREATED_TIMESTAMP,CBP_UPDATED_TIMESTAMP,CBP_CONFIGURABLE,CBP_IS_PROJECT_SPECIFIC,IS_EXCEPTION,IS_LIST,IS_REGEX) values (41000028,'Mandatory Description Tag in Process Script','VALUE_NOT_SET',null,'Mandatory Description Tag in Process Script',null,null,'STRING',2000,sysdate,sysdate,'Y','N',null,null,null);
Insert into CBP_PARAMETER (CBP_PARAMETER_ID,CBP_PARAMETER_NAME,CBP_PARAMETER_DEFAULT_VALUE,CBP_PARAMETER_SITE_VALUE,CBP_PARAMETER_DESCRIPTION,CBP_PARAMETER_KEYWORD,CBP_PARAMETER_PLACE_HOLDER,CBP_PARAMETER_DATA_TYPE,CBP_PATTERN_ID,CBP_CREATED_TIMESTAMP,CBP_UPDATED_TIMESTAMP,CBP_CONFIGURABLE,CBP_IS_PROJECT_SPECIFIC,IS_EXCEPTION,IS_LIST,IS_REGEX) values (41000029,'Mandatory Description Tag in Process','VALUE_NOT_SET',null,'Mandatory Description Tag in Process',null,null,'STRING',2000,sysdate,sysdate,'Y','N',null,null,null);
Insert into CBP_PARAMETER (CBP_PARAMETER_ID,CBP_PARAMETER_NAME,CBP_PARAMETER_DEFAULT_VALUE,CBP_PARAMETER_SITE_VALUE,CBP_PARAMETER_DESCRIPTION,CBP_PARAMETER_KEYWORD,CBP_PARAMETER_PLACE_HOLDER,CBP_PARAMETER_DATA_TYPE,CBP_PATTERN_ID,CBP_CREATED_TIMESTAMP,CBP_UPDATED_TIMESTAMP,CBP_CONFIGURABLE,CBP_IS_PROJECT_SPECIFIC,IS_EXCEPTION,IS_LIST,IS_REGEX) values (41000030,'Mandatory Description Tag in XML Profile','VALUE_NOT_SET',null,'Mandatory Description Tag in XML Profile',null,null,'STRING',2000,sysdate,sysdate,'Y','N',null,null,null);
Insert into CBP_PARAMETER (CBP_PARAMETER_ID,CBP_PARAMETER_NAME,CBP_PARAMETER_DEFAULT_VALUE,CBP_PARAMETER_SITE_VALUE,CBP_PARAMETER_DESCRIPTION,CBP_PARAMETER_KEYWORD,CBP_PARAMETER_PLACE_HOLDER,CBP_PARAMETER_DATA_TYPE,CBP_PATTERN_ID,CBP_CREATED_TIMESTAMP,CBP_UPDATED_TIMESTAMP,CBP_CONFIGURABLE,CBP_IS_PROJECT_SPECIFIC,IS_EXCEPTION,IS_LIST,IS_REGEX) values (41000041,'Maximum Number of User Defined Functions in Map','1',null,'Maximum Number of User Defined Functions in Map',null,'COEURDATA_MAX_User Defined Functions in Map','NUMBER',null,sysdate,sysdate,'Y','N',null,null,null);
Insert into CBP_PARAMETER (CBP_PARAMETER_ID,CBP_PARAMETER_NAME,CBP_PARAMETER_DEFAULT_VALUE,CBP_PARAMETER_SITE_VALUE,CBP_PARAMETER_DESCRIPTION,CBP_PARAMETER_KEYWORD,CBP_PARAMETER_PLACE_HOLDER,CBP_PARAMETER_DATA_TYPE,CBP_PATTERN_ID,CBP_CREATED_TIMESTAMP,CBP_UPDATED_TIMESTAMP,CBP_CONFIGURABLE,CBP_IS_PROJECT_SPECIFIC,IS_EXCEPTION,IS_LIST,IS_REGEX) values (41000042,'Maximum Number of SQL Lookups in Map','1',null,'Maximum Number of SQL Lookups in Map',null,'COEURDATA_MAX_SQL Lookups in Map','NUMBER',null,sysdate,sysdate,'Y','N',null,null,null);
Insert into CBP_PARAMETER (CBP_PARAMETER_ID,CBP_PARAMETER_NAME,CBP_PARAMETER_DEFAULT_VALUE,CBP_PARAMETER_SITE_VALUE,CBP_PARAMETER_DESCRIPTION,CBP_PARAMETER_KEYWORD,CBP_PARAMETER_PLACE_HOLDER,CBP_PARAMETER_DATA_TYPE,CBP_PATTERN_ID,CBP_CREATED_TIMESTAMP,CBP_UPDATED_TIMESTAMP,CBP_CONFIGURABLE,CBP_IS_PROJECT_SPECIFIC,IS_EXCEPTION,IS_LIST,IS_REGEX) values (41000043,'Maximum Number of Cross Reference Lookups in Map','1',null,'Maximum Number of Cross Reference Lookups in Map',null,'COEURDATA_MAX_Cross Reference Lookups in Map','NUMBER',null,sysdate,sysdate,'Y','N',null,null,null);
Insert into CBP_PARAMETER (CBP_PARAMETER_ID,CBP_PARAMETER_NAME,CBP_PARAMETER_DEFAULT_VALUE,CBP_PARAMETER_SITE_VALUE,CBP_PARAMETER_DESCRIPTION,CBP_PARAMETER_KEYWORD,CBP_PARAMETER_PLACE_HOLDER,CBP_PARAMETER_DATA_TYPE,CBP_PATTERN_ID,CBP_CREATED_TIMESTAMP,CBP_UPDATED_TIMESTAMP,CBP_CONFIGURABLE,CBP_IS_PROJECT_SPECIFIC,IS_EXCEPTION,IS_LIST,IS_REGEX) values (41000044,'Maximum Number of Document Cache Lookups in Map','1',null,'Maximum Number of Document Cache Lookups in Map',null,'COEURDATA_MAX_Document Cache Lookups in Map','NUMBER',null,sysdate,sysdate,'Y','N',null,null,null);
Insert into CBP_PARAMETER (CBP_PARAMETER_ID,CBP_PARAMETER_NAME,CBP_PARAMETER_DEFAULT_VALUE,CBP_PARAMETER_SITE_VALUE,CBP_PARAMETER_DESCRIPTION,CBP_PARAMETER_KEYWORD,CBP_PARAMETER_PLACE_HOLDER,CBP_PARAMETER_DATA_TYPE,CBP_PATTERN_ID,CBP_CREATED_TIMESTAMP,CBP_UPDATED_TIMESTAMP,CBP_CONFIGURABLE,CBP_IS_PROJECT_SPECIFIC,IS_EXCEPTION,IS_LIST,IS_REGEX) values (41000045,'Maximum Number of Simple Lookups in Map','1',null,'Maximum Number of Simple Lookups in Map',null,'COEURDATA_MAX_Simple Lookups in Map','NUMBER',null,sysdate,sysdate,'Y','N',null,null,null);
Insert into CBP_PARAMETER (CBP_PARAMETER_ID,CBP_PARAMETER_NAME,CBP_PARAMETER_DEFAULT_VALUE,CBP_PARAMETER_SITE_VALUE,CBP_PARAMETER_DESCRIPTION,CBP_PARAMETER_KEYWORD,CBP_PARAMETER_PLACE_HOLDER,CBP_PARAMETER_DATA_TYPE,CBP_PATTERN_ID,CBP_CREATED_TIMESTAMP,CBP_UPDATED_TIMESTAMP,CBP_CONFIGURABLE,CBP_IS_PROJECT_SPECIFIC,IS_EXCEPTION,IS_LIST,IS_REGEX) values (41000046,'Maximum Number of Scripts in Map','1',null,'Maximum Number of Scripts in Map',null,'COEURDATA_MAX_Scriptings in Map','NUMBER',null,sysdate,sysdate,'Y','N',null,null,null);
Insert into CBP_PARAMETER (CBP_PARAMETER_ID,CBP_PARAMETER_NAME,CBP_PARAMETER_DEFAULT_VALUE,CBP_PARAMETER_SITE_VALUE,CBP_PARAMETER_DESCRIPTION,CBP_PARAMETER_KEYWORD,CBP_PARAMETER_PLACE_HOLDER,CBP_PARAMETER_DATA_TYPE,CBP_PATTERN_ID,CBP_CREATED_TIMESTAMP,CBP_UPDATED_TIMESTAMP,CBP_CONFIGURABLE,CBP_IS_PROJECT_SPECIFIC,IS_EXCEPTION,IS_LIST,IS_REGEX) values (41000047,'Maximum Number of Connector Calls in Map','1',null,'Maximum Number of Connector Calls in Map',null,'COEURDATA_MAX_Scriptings in Map','NUMBER',null,sysdate,sysdate,'Y','N',null,null,null);
Insert into CBP_PARAMETER (CBP_PARAMETER_ID,CBP_PARAMETER_NAME,CBP_PARAMETER_DEFAULT_VALUE,CBP_PARAMETER_SITE_VALUE,CBP_PARAMETER_DESCRIPTION,CBP_PARAMETER_KEYWORD,CBP_PARAMETER_PLACE_HOLDER,CBP_PARAMETER_DATA_TYPE,CBP_PATTERN_ID,CBP_CREATED_TIMESTAMP,CBP_UPDATED_TIMESTAMP,CBP_CONFIGURABLE,CBP_IS_PROJECT_SPECIFIC,IS_EXCEPTION,IS_LIST,IS_REGEX) values (41000048,'Maximum Number of Numeric Counts in Map','1',null,'Maximum Number of Numeric Counts in Map',null,'COEURDATA_MAX_Scriptings in Map','NUMBER',null,sysdate,sysdate,'Y','N',null,null,null);
Insert into CBP_PARAMETER (CBP_PARAMETER_ID,CBP_PARAMETER_NAME,CBP_PARAMETER_DEFAULT_VALUE,CBP_PARAMETER_SITE_VALUE,CBP_PARAMETER_DESCRIPTION,CBP_PARAMETER_KEYWORD,CBP_PARAMETER_PLACE_HOLDER,CBP_PARAMETER_DATA_TYPE,CBP_PATTERN_ID,CBP_CREATED_TIMESTAMP,CBP_UPDATED_TIMESTAMP,CBP_CONFIGURABLE,CBP_IS_PROJECT_SPECIFIC,IS_EXCEPTION,IS_LIST,IS_REGEX) values (41000049,'Maximum Number of Numeric Sums in Map','1',null,'Maximum Number of Numeric Sums in Map',null,'COEURDATA_MAX_Scriptings in Map','NUMBER',null,sysdate,sysdate,'Y','N',null,null,null);
Insert into CBP_PARAMETER (CBP_PARAMETER_ID,CBP_PARAMETER_NAME,CBP_PARAMETER_DEFAULT_VALUE,CBP_PARAMETER_SITE_VALUE,CBP_PARAMETER_DESCRIPTION,CBP_PARAMETER_KEYWORD,CBP_PARAMETER_PLACE_HOLDER,CBP_PARAMETER_DATA_TYPE,CBP_PATTERN_ID,CBP_CREATED_TIMESTAMP,CBP_UPDATED_TIMESTAMP,CBP_CONFIGURABLE,CBP_IS_PROJECT_SPECIFIC,IS_EXCEPTION,IS_LIST,IS_REGEX) values (41000050,'Maximum Number of Numeric Running Totals in Map','1',null,'Maximum Number of Numeric Running Totals in Map',null,'COEURDATA_MAX_Scriptings in Map','NUMBER',null,sysdate,sysdate,'Y','N',null,null,null);
Insert into CBP_PARAMETER (CBP_PARAMETER_ID,CBP_PARAMETER_NAME,CBP_PARAMETER_DEFAULT_VALUE,CBP_PARAMETER_SITE_VALUE,CBP_PARAMETER_DESCRIPTION,CBP_PARAMETER_KEYWORD,CBP_PARAMETER_PLACE_HOLDER,CBP_PARAMETER_DATA_TYPE,CBP_PATTERN_ID,CBP_CREATED_TIMESTAMP,CBP_UPDATED_TIMESTAMP,CBP_CONFIGURABLE,CBP_IS_PROJECT_SPECIFIC,IS_EXCEPTION,IS_LIST,IS_REGEX) values (41000051,'Maximum Number of Numeric Sequential Values in Map','1',null,'Maximum Number of Numeric Sequential Values in Map',null,'COEURDATA_MAX_Scriptings in Map','NUMBER',null,sysdate,sysdate,'Y','N',null,null,null);
Insert into CBP_PARAMETER (CBP_PARAMETER_ID,CBP_PARAMETER_NAME,CBP_PARAMETER_DEFAULT_VALUE,CBP_PARAMETER_SITE_VALUE,CBP_PARAMETER_DESCRIPTION,CBP_PARAMETER_KEYWORD,CBP_PARAMETER_PLACE_HOLDER,CBP_PARAMETER_DATA_TYPE,CBP_PATTERN_ID,CBP_CREATED_TIMESTAMP,CBP_UPDATED_TIMESTAMP,CBP_CONFIGURABLE,CBP_IS_PROJECT_SPECIFIC,IS_EXCEPTION,IS_LIST,IS_REGEX) values (41000052,'Maximum Number of Funcations in Map','1',null,'Maximum Number of Funcations in Map',null,'COEURDATA_MAX_Scriptings in Map','NUMBER',null,sysdate,sysdate,'Y','N',null,null,null);
-- CBP_RULE_PARAMETER
Insert into CBP_RULE_PARAMETER (CBP_RULE_ID,CBP_PARAMETER_ID,CBP_CREATED_TIMESTAMP,CBP_UPDATED_TIMESTAMP) values (41000001,41000001,sysdate,sysdate);
Insert into CBP_RULE_PARAMETER (CBP_RULE_ID,CBP_PARAMETER_ID,CBP_CREATED_TIMESTAMP,CBP_UPDATED_TIMESTAMP) values (41000002,41000002,sysdate,sysdate);
Insert into CBP_RULE_PARAMETER (CBP_RULE_ID,CBP_PARAMETER_ID,CBP_CREATED_TIMESTAMP,CBP_UPDATED_TIMESTAMP) values (41000003,41000003,sysdate,sysdate);
Insert into CBP_RULE_PARAMETER (CBP_RULE_ID,CBP_PARAMETER_ID,CBP_CREATED_TIMESTAMP,CBP_UPDATED_TIMESTAMP) values (41000004,41000004,sysdate,sysdate);
Insert into CBP_RULE_PARAMETER (CBP_RULE_ID,CBP_PARAMETER_ID,CBP_CREATED_TIMESTAMP,CBP_UPDATED_TIMESTAMP) values (41000005,41000005,sysdate,sysdate);
Insert into CBP_RULE_PARAMETER (CBP_RULE_ID,CBP_PARAMETER_ID,CBP_CREATED_TIMESTAMP,CBP_UPDATED_TIMESTAMP) values (41000006,41000006,sysdate,sysdate);
Insert into CBP_RULE_PARAMETER (CBP_RULE_ID,CBP_PARAMETER_ID,CBP_CREATED_TIMESTAMP,CBP_UPDATED_TIMESTAMP) values (41000007,41000007,sysdate,sysdate);
Insert into CBP_RULE_PARAMETER (CBP_RULE_ID,CBP_PARAMETER_ID,CBP_CREATED_TIMESTAMP,CBP_UPDATED_TIMESTAMP) values (41000008,41000008,sysdate,sysdate);
Insert into CBP_RULE_PARAMETER (CBP_RULE_ID,CBP_PARAMETER_ID,CBP_CREATED_TIMESTAMP,CBP_UPDATED_TIMESTAMP) values (41000009,41000009,sysdate,sysdate);
Insert into CBP_RULE_PARAMETER (CBP_RULE_ID,CBP_PARAMETER_ID,CBP_CREATED_TIMESTAMP,CBP_UPDATED_TIMESTAMP) values (41000010,41000010,sysdate,sysdate);
Insert into CBP_RULE_PARAMETER (CBP_RULE_ID,CBP_PARAMETER_ID,CBP_CREATED_TIMESTAMP,CBP_UPDATED_TIMESTAMP) values (41000012,41000012,sysdate,sysdate);
Insert into CBP_RULE_PARAMETER (CBP_RULE_ID,CBP_PARAMETER_ID,CBP_CREATED_TIMESTAMP,CBP_UPDATED_TIMESTAMP) values (41000013,41000013,sysdate,sysdate);
Insert into CBP_RULE_PARAMETER (CBP_RULE_ID,CBP_PARAMETER_ID,CBP_CREATED_TIMESTAMP,CBP_UPDATED_TIMESTAMP) values (41000014,41000014,sysdate,sysdate);
Insert into CBP_RULE_PARAMETER (CBP_RULE_ID,CBP_PARAMETER_ID,CBP_CREATED_TIMESTAMP,CBP_UPDATED_TIMESTAMP) values (41000015,41000015,sysdate,sysdate);
Insert into CBP_RULE_PARAMETER (CBP_RULE_ID,CBP_PARAMETER_ID,CBP_CREATED_TIMESTAMP,CBP_UPDATED_TIMESTAMP) values (41000016,41000016,sysdate,sysdate);
Insert into CBP_RULE_PARAMETER (CBP_RULE_ID,CBP_PARAMETER_ID,CBP_CREATED_TIMESTAMP,CBP_UPDATED_TIMESTAMP) values (41000021,41000021,sysdate,sysdate);
Insert into CBP_RULE_PARAMETER (CBP_RULE_ID,CBP_PARAMETER_ID,CBP_CREATED_TIMESTAMP,CBP_UPDATED_TIMESTAMP) values (41000022,41000022,sysdate,sysdate);
Insert into CBP_RULE_PARAMETER (CBP_RULE_ID,CBP_PARAMETER_ID,CBP_CREATED_TIMESTAMP,CBP_UPDATED_TIMESTAMP) values (41000023,41000023,sysdate,sysdate);
Insert into CBP_RULE_PARAMETER (CBP_RULE_ID,CBP_PARAMETER_ID,CBP_CREATED_TIMESTAMP,CBP_UPDATED_TIMESTAMP) values (41000024,41000024,sysdate,sysdate);
Insert into CBP_RULE_PARAMETER (CBP_RULE_ID,CBP_PARAMETER_ID,CBP_CREATED_TIMESTAMP,CBP_UPDATED_TIMESTAMP) values (41000025,41000025,sysdate,sysdate);
Insert into CBP_RULE_PARAMETER (CBP_RULE_ID,CBP_PARAMETER_ID,CBP_CREATED_TIMESTAMP,CBP_UPDATED_TIMESTAMP) values (41000026,41000026,sysdate,sysdate);
Insert into CBP_RULE_PARAMETER (CBP_RULE_ID,CBP_PARAMETER_ID,CBP_CREATED_TIMESTAMP,CBP_UPDATED_TIMESTAMP) values (41000027,41000027,sysdate,sysdate);
Insert into CBP_RULE_PARAMETER (CBP_RULE_ID,CBP_PARAMETER_ID,CBP_CREATED_TIMESTAMP,CBP_UPDATED_TIMESTAMP) values (41000028,41000028,sysdate,sysdate);
Insert into CBP_RULE_PARAMETER (CBP_RULE_ID,CBP_PARAMETER_ID,CBP_CREATED_TIMESTAMP,CBP_UPDATED_TIMESTAMP) values (41000029,41000029,sysdate,sysdate);
Insert into CBP_RULE_PARAMETER (CBP_RULE_ID,CBP_PARAMETER_ID,CBP_CREATED_TIMESTAMP,CBP_UPDATED_TIMESTAMP) values (41000030,41000030,sysdate,sysdate);
Insert into CBP_RULE_PARAMETER (CBP_RULE_ID,CBP_PARAMETER_ID,CBP_CREATED_TIMESTAMP,CBP_UPDATED_TIMESTAMP) values (41000041,41000041,sysdate,sysdate);
Insert into CBP_RULE_PARAMETER (CBP_RULE_ID,CBP_PARAMETER_ID,CBP_CREATED_TIMESTAMP,CBP_UPDATED_TIMESTAMP) values (41000042,41000042,sysdate,sysdate);
Insert into CBP_RULE_PARAMETER (CBP_RULE_ID,CBP_PARAMETER_ID,CBP_CREATED_TIMESTAMP,CBP_UPDATED_TIMESTAMP) values (41000043,41000043,sysdate,sysdate);
Insert into CBP_RULE_PARAMETER (CBP_RULE_ID,CBP_PARAMETER_ID,CBP_CREATED_TIMESTAMP,CBP_UPDATED_TIMESTAMP) values (41000044,41000044,sysdate,sysdate);
Insert into CBP_RULE_PARAMETER (CBP_RULE_ID,CBP_PARAMETER_ID,CBP_CREATED_TIMESTAMP,CBP_UPDATED_TIMESTAMP) values (41000045,41000045,sysdate,sysdate);
Insert into CBP_RULE_PARAMETER (CBP_RULE_ID,CBP_PARAMETER_ID,CBP_CREATED_TIMESTAMP,CBP_UPDATED_TIMESTAMP) values (41000046,41000046,sysdate,sysdate);
Insert into CBP_RULE_PARAMETER (CBP_RULE_ID,CBP_PARAMETER_ID,CBP_CREATED_TIMESTAMP,CBP_UPDATED_TIMESTAMP) values (41000047,41000047,sysdate,sysdate);
Insert into CBP_RULE_PARAMETER (CBP_RULE_ID,CBP_PARAMETER_ID,CBP_CREATED_TIMESTAMP,CBP_UPDATED_TIMESTAMP) values (41000048,41000048,sysdate,sysdate);
Insert into CBP_RULE_PARAMETER (CBP_RULE_ID,CBP_PARAMETER_ID,CBP_CREATED_TIMESTAMP,CBP_UPDATED_TIMESTAMP) values (41000049,41000049,sysdate,sysdate);
Insert into CBP_RULE_PARAMETER (CBP_RULE_ID,CBP_PARAMETER_ID,CBP_CREATED_TIMESTAMP,CBP_UPDATED_TIMESTAMP) values (41000050,41000050,sysdate,sysdate);
Insert into CBP_RULE_PARAMETER (CBP_RULE_ID,CBP_PARAMETER_ID,CBP_CREATED_TIMESTAMP,CBP_UPDATED_TIMESTAMP) values (41000051,41000051,sysdate,sysdate);
Insert into CBP_RULE_PARAMETER (CBP_RULE_ID,CBP_PARAMETER_ID,CBP_CREATED_TIMESTAMP,CBP_UPDATED_TIMESTAMP) values (41000052,41000052,sysdate,sysdate);
commit;