Insert into CBP_RULE (CBP_RULE_ID,CBP_RULE_SHORT_DESC,CBP_RULE_NAME,CBP_OBJECT_TYPE,CBP_CODE_TYPE_ID,CBP_IMP_TYPE_ID,CBP_CREATED_TIMESTAMP,CBP_UPDATED_TIMESTAMP,CBP_ADD_PARAM_ALLOWED,IS_DEPRECATED,DS_STAGE_TYPE,DS_ORCH_STAGE_IDENTIFIER,IS_DUMMY,IS_LEGACY,CBP_OBJECT_SUB_TYPE,EXCEPTION_COLUMN,ALLOW_EXCEPTIONS) values (99999999101,'Naming Convention Package','Naming Convention Package','Package',2,3,to_date('18-MAR-22','DD-MON-RR'),to_date('18-MAR-22','DD-MON-RR'),'N','N',null,null,null,null,null,null,null);
Insert into CBP_RULE (CBP_RULE_ID,CBP_RULE_SHORT_DESC,CBP_RULE_NAME,CBP_OBJECT_TYPE,CBP_CODE_TYPE_ID,CBP_IMP_TYPE_ID,CBP_CREATED_TIMESTAMP,CBP_UPDATED_TIMESTAMP,CBP_ADD_PARAM_ALLOWED,IS_DEPRECATED,DS_STAGE_TYPE,DS_ORCH_STAGE_IDENTIFIER,IS_DUMMY,IS_LEGACY,CBP_OBJECT_SUB_TYPE,EXCEPTION_COLUMN,ALLOW_EXCEPTIONS) values (99999999102,'Naming Convention Mapping','Naming Convention Mapping','Mapping',2,3,to_date('18-MAR-22','DD-MON-RR'),to_date('18-MAR-22','DD-MON-RR'),'N','N',null,null,null,null,null,null,null);
Insert into CBP_RULE (CBP_RULE_ID,CBP_RULE_SHORT_DESC,CBP_RULE_NAME,CBP_OBJECT_TYPE,CBP_CODE_TYPE_ID,CBP_IMP_TYPE_ID,CBP_CREATED_TIMESTAMP,CBP_UPDATED_TIMESTAMP,CBP_ADD_PARAM_ALLOWED,IS_DEPRECATED,DS_STAGE_TYPE,DS_ORCH_STAGE_IDENTIFIER,IS_DUMMY,IS_LEGACY,CBP_OBJECT_SUB_TYPE,EXCEPTION_COLUMN,ALLOW_EXCEPTIONS) values (99999999103,'Naming Convention Procedure','Naming Convention Procedure','Procedure',2,3,to_date('18-MAR-22','DD-MON-RR'),to_date('18-MAR-22','DD-MON-RR'),'N','N',null,null,null,null,null,null,null);
Insert into CBP_RULE (CBP_RULE_ID,CBP_RULE_SHORT_DESC,CBP_RULE_NAME,CBP_OBJECT_TYPE,CBP_CODE_TYPE_ID,CBP_IMP_TYPE_ID,CBP_CREATED_TIMESTAMP,CBP_UPDATED_TIMESTAMP,CBP_ADD_PARAM_ALLOWED,IS_DEPRECATED,DS_STAGE_TYPE,DS_ORCH_STAGE_IDENTIFIER,IS_DUMMY,IS_LEGACY,CBP_OBJECT_SUB_TYPE,EXCEPTION_COLUMN,ALLOW_EXCEPTIONS) values (99999999104,'Naming Convention Variable','Naming Convention Variable','Variable',2,3,to_date('18-MAR-22','DD-MON-RR'),to_date('18-MAR-22','DD-MON-RR'),'N','N',null,null,null,null,null,null,null);
Insert into CBP_RULE (CBP_RULE_ID,CBP_RULE_SHORT_DESC,CBP_RULE_NAME,CBP_OBJECT_TYPE,CBP_CODE_TYPE_ID,CBP_IMP_TYPE_ID,CBP_CREATED_TIMESTAMP,CBP_UPDATED_TIMESTAMP,CBP_ADD_PARAM_ALLOWED,IS_DEPRECATED,DS_STAGE_TYPE,DS_ORCH_STAGE_IDENTIFIER,IS_DUMMY,IS_LEGACY,CBP_OBJECT_SUB_TYPE,EXCEPTION_COLUMN,ALLOW_EXCEPTIONS) values (99999999105,'Naming Convention Datastore','Naming Convention Datastore','Model',2,3,to_date('18-MAR-22','DD-MON-RR'),to_date('18-MAR-22','DD-MON-RR'),'N','N',null,null,null,null,null,null,null);
Insert into CBP_RULE (CBP_RULE_ID,CBP_RULE_SHORT_DESC,CBP_RULE_NAME,CBP_OBJECT_TYPE,CBP_CODE_TYPE_ID,CBP_IMP_TYPE_ID,CBP_CREATED_TIMESTAMP,CBP_UPDATED_TIMESTAMP,CBP_ADD_PARAM_ALLOWED,IS_DEPRECATED,DS_STAGE_TYPE,DS_ORCH_STAGE_IDENTIFIER,IS_DUMMY,IS_LEGACY,CBP_OBJECT_SUB_TYPE,EXCEPTION_COLUMN,ALLOW_EXCEPTIONS) values (99999999106,'Naming Convention Load Plan','Naming Convention Load Plan','Load Plan',2,3,to_date('18-MAR-22','DD-MON-RR'),to_date('18-MAR-22','DD-MON-RR'),'N','N',null,null,null,null,null,null,null);
Insert into CBP_RULE (CBP_RULE_ID,CBP_RULE_SHORT_DESC,CBP_RULE_NAME,CBP_OBJECT_TYPE,CBP_CODE_TYPE_ID,CBP_IMP_TYPE_ID,CBP_CREATED_TIMESTAMP,CBP_UPDATED_TIMESTAMP,CBP_ADD_PARAM_ALLOWED,IS_DEPRECATED,DS_STAGE_TYPE,DS_ORCH_STAGE_IDENTIFIER,IS_DUMMY,IS_LEGACY,CBP_OBJECT_SUB_TYPE,EXCEPTION_COLUMN,ALLOW_EXCEPTIONS) values (99999999107,'Naming Convention Senario','Naming Convention Senario','Scenario',2,3,to_date('18-MAR-22','DD-MON-RR'),to_date('18-MAR-22','DD-MON-RR'),'N','N',null,null,null,null,null,null,null);
Insert into CBP_RULE (CBP_RULE_ID,CBP_RULE_SHORT_DESC,CBP_RULE_NAME,CBP_OBJECT_TYPE,CBP_CODE_TYPE_ID,CBP_IMP_TYPE_ID,CBP_CREATED_TIMESTAMP,CBP_UPDATED_TIMESTAMP,CBP_ADD_PARAM_ALLOWED,IS_DEPRECATED,DS_STAGE_TYPE,DS_ORCH_STAGE_IDENTIFIER,IS_DUMMY,IS_LEGACY,CBP_OBJECT_SUB_TYPE,EXCEPTION_COLUMN,ALLOW_EXCEPTIONS) values (99999999108,'Datastore with identical name exists in different Models with same Logical Schema','Datastore with identical name exists in different Models with same Logical Schema','Model',2,1,to_date('18-MAR-22','DD-MON-RR'),to_date('18-MAR-22','DD-MON-RR'),'N','N',null,null,null,null,null,null,null);
Insert into CBP_RULE (CBP_RULE_ID,CBP_RULE_SHORT_DESC,CBP_RULE_NAME,CBP_OBJECT_TYPE,CBP_CODE_TYPE_ID,CBP_IMP_TYPE_ID,CBP_CREATED_TIMESTAMP,CBP_UPDATED_TIMESTAMP,CBP_ADD_PARAM_ALLOWED,IS_DEPRECATED,DS_STAGE_TYPE,DS_ORCH_STAGE_IDENTIFIER,IS_DUMMY,IS_LEGACY,CBP_OBJECT_SUB_TYPE,EXCEPTION_COLUMN,ALLOW_EXCEPTIONS) values (99999999109,'Package contains Scenario step with Version not set to -1 (Latest Version of Scenario may not be used)','Package contains Scenario step with Version not set to -1 (Latest Version of Scenario may not be used)','Package',2,1,to_date('18-MAR-22','DD-MON-RR'),to_date('18-MAR-22','DD-MON-RR'),'N','N',null,null,null,null,null,null,null);
Insert into CBP_RULE (CBP_RULE_ID,CBP_RULE_SHORT_DESC,CBP_RULE_NAME,CBP_OBJECT_TYPE,CBP_CODE_TYPE_ID,CBP_IMP_TYPE_ID,CBP_CREATED_TIMESTAMP,CBP_UPDATED_TIMESTAMP,CBP_ADD_PARAM_ALLOWED,IS_DEPRECATED,DS_STAGE_TYPE,DS_ORCH_STAGE_IDENTIFIER,IS_DUMMY,IS_LEGACY,CBP_OBJECT_SUB_TYPE,EXCEPTION_COLUMN,ALLOW_EXCEPTIONS) values (99999999110,'Mapping contains more than one Datasets','Mapping contains more than one Datasets','Mapping',2,1,to_date('18-MAR-22','DD-MON-RR'),to_date('18-MAR-22','DD-MON-RR'),'N','N',null,null,null,null,null,null,null);
Insert into CBP_RULE (CBP_RULE_ID,CBP_RULE_SHORT_DESC,CBP_RULE_NAME,CBP_OBJECT_TYPE,CBP_CODE_TYPE_ID,CBP_IMP_TYPE_ID,CBP_CREATED_TIMESTAMP,CBP_UPDATED_TIMESTAMP,CBP_ADD_PARAM_ALLOWED,IS_DEPRECATED,DS_STAGE_TYPE,DS_ORCH_STAGE_IDENTIFIER,IS_DUMMY,IS_LEGACY,CBP_OBJECT_SUB_TYPE,EXCEPTION_COLUMN,ALLOW_EXCEPTIONS) values (99999999111,'Too many Lookups in Mapping','Too many Lookups in Mapping','Mapping',2,1,to_date('18-MAR-22','DD-MON-RR'),to_date('18-MAR-22','DD-MON-RR'),'N','N',null,null,null,null,null,null,null);
Insert into CBP_RULE (CBP_RULE_ID,CBP_RULE_SHORT_DESC,CBP_RULE_NAME,CBP_OBJECT_TYPE,CBP_CODE_TYPE_ID,CBP_IMP_TYPE_ID,CBP_CREATED_TIMESTAMP,CBP_UPDATED_TIMESTAMP,CBP_ADD_PARAM_ALLOWED,IS_DEPRECATED,DS_STAGE_TYPE,DS_ORCH_STAGE_IDENTIFIER,IS_DUMMY,IS_LEGACY,CBP_OBJECT_SUB_TYPE,EXCEPTION_COLUMN,ALLOW_EXCEPTIONS) values (99999999112,'Too many Source Data Stores in Mapping','Too many Source Data Stores in Mapping','Mapping',2,1,to_date('18-MAR-22','DD-MON-RR'),to_date('18-MAR-22','DD-MON-RR'),'N','N',null,null,null,null,null,null,null);
Insert into CBP_RULE (CBP_RULE_ID,CBP_RULE_SHORT_DESC,CBP_RULE_NAME,CBP_OBJECT_TYPE,CBP_CODE_TYPE_ID,CBP_IMP_TYPE_ID,CBP_CREATED_TIMESTAMP,CBP_UPDATED_TIMESTAMP,CBP_ADD_PARAM_ALLOWED,IS_DEPRECATED,DS_STAGE_TYPE,DS_ORCH_STAGE_IDENTIFIER,IS_DUMMY,IS_LEGACY,CBP_OBJECT_SUB_TYPE,EXCEPTION_COLUMN,ALLOW_EXCEPTIONS) values (99999999114,'Mapping has Joins with Join Type set to Full Outer Join','Mapping has Joins with Join Type set to Full Outer Join','Mapping',2,1,to_date('18-MAR-22','DD-MON-RR'),to_date('18-MAR-22','DD-MON-RR'),'N','N',null,null,null,null,null,null,null);
Insert into CBP_RULE (CBP_RULE_ID,CBP_RULE_SHORT_DESC,CBP_RULE_NAME,CBP_OBJECT_TYPE,CBP_CODE_TYPE_ID,CBP_IMP_TYPE_ID,CBP_CREATED_TIMESTAMP,CBP_UPDATED_TIMESTAMP,CBP_ADD_PARAM_ALLOWED,IS_DEPRECATED,DS_STAGE_TYPE,DS_ORCH_STAGE_IDENTIFIER,IS_DUMMY,IS_LEGACY,CBP_OBJECT_SUB_TYPE,EXCEPTION_COLUMN,ALLOW_EXCEPTIONS) values (99999999116,'Use of Distinct Component in Mapping','Use of Distinct Component in Mapping','Mapping',2,1,to_date('18-MAR-22','DD-MON-RR'),to_date('18-MAR-22','DD-MON-RR'),'N','N',null,null,null,null,null,null,null);
Insert into CBP_RULE (CBP_RULE_ID,CBP_RULE_SHORT_DESC,CBP_RULE_NAME,CBP_OBJECT_TYPE,CBP_CODE_TYPE_ID,CBP_IMP_TYPE_ID,CBP_CREATED_TIMESTAMP,CBP_UPDATED_TIMESTAMP,CBP_ADD_PARAM_ALLOWED,IS_DEPRECATED,DS_STAGE_TYPE,DS_ORCH_STAGE_IDENTIFIER,IS_DUMMY,IS_LEGACY,CBP_OBJECT_SUB_TYPE,EXCEPTION_COLUMN,ALLOW_EXCEPTIONS) values (99999999117,'Knowledge Module without Description','Knowledge Module without Description','Knowledge Module',2,1,to_date('18-MAR-22','DD-MON-RR'),to_date('18-MAR-22','DD-MON-RR'),'N','N',null,null,null,null,null,null,null);
Insert into CBP_RULE (CBP_RULE_ID,CBP_RULE_SHORT_DESC,CBP_RULE_NAME,CBP_OBJECT_TYPE,CBP_CODE_TYPE_ID,CBP_IMP_TYPE_ID,CBP_CREATED_TIMESTAMP,CBP_UPDATED_TIMESTAMP,CBP_ADD_PARAM_ALLOWED,IS_DEPRECATED,DS_STAGE_TYPE,DS_ORCH_STAGE_IDENTIFIER,IS_DUMMY,IS_LEGACY,CBP_OBJECT_SUB_TYPE,EXCEPTION_COLUMN,ALLOW_EXCEPTIONS) values (99999999118,'Procedure without Description','Procedure without Description','Procedure',2,1,to_date('18-MAR-22','DD-MON-RR'),to_date('18-MAR-22','DD-MON-RR'),'N','N',null,null,null,null,null,null,null);
Insert into CBP_RULE (CBP_RULE_ID,CBP_RULE_SHORT_DESC,CBP_RULE_NAME,CBP_OBJECT_TYPE,CBP_CODE_TYPE_ID,CBP_IMP_TYPE_ID,CBP_CREATED_TIMESTAMP,CBP_UPDATED_TIMESTAMP,CBP_ADD_PARAM_ALLOWED,IS_DEPRECATED,DS_STAGE_TYPE,DS_ORCH_STAGE_IDENTIFIER,IS_DUMMY,IS_LEGACY,CBP_OBJECT_SUB_TYPE,EXCEPTION_COLUMN,ALLOW_EXCEPTIONS) values (99999999120,'Procedure has Task with Ignore Errors  Checked','Procedure has Task with Ignore Errors  Checked','Procedure',2,1,to_date('18-MAR-22','DD-MON-RR'),to_date('18-MAR-22','DD-MON-RR'),'N','N',null,null,null,null,null,null,null);
Insert into CBP_RULE (CBP_RULE_ID,CBP_RULE_SHORT_DESC,CBP_RULE_NAME,CBP_OBJECT_TYPE,CBP_CODE_TYPE_ID,CBP_IMP_TYPE_ID,CBP_CREATED_TIMESTAMP,CBP_UPDATED_TIMESTAMP,CBP_ADD_PARAM_ALLOWED,IS_DEPRECATED,DS_STAGE_TYPE,DS_ORCH_STAGE_IDENTIFIER,IS_DUMMY,IS_LEGACY,CBP_OBJECT_SUB_TYPE,EXCEPTION_COLUMN,ALLOW_EXCEPTIONS) values (99999999122,'Procedure has Multi-Connections Enabled but No Source Technology defined','Procedure has Multi-Connections Enabled but No Source Technology defined','Procedure',2,1,to_date('18-MAR-22','DD-MON-RR'),to_date('18-MAR-22','DD-MON-RR'),'N','N',null,null,null,null,null,null,null);
Insert into CBP_RULE (CBP_RULE_ID,CBP_RULE_SHORT_DESC,CBP_RULE_NAME,CBP_OBJECT_TYPE,CBP_CODE_TYPE_ID,CBP_IMP_TYPE_ID,CBP_CREATED_TIMESTAMP,CBP_UPDATED_TIMESTAMP,CBP_ADD_PARAM_ALLOWED,IS_DEPRECATED,DS_STAGE_TYPE,DS_ORCH_STAGE_IDENTIFIER,IS_DUMMY,IS_LEGACY,CBP_OBJECT_SUB_TYPE,EXCEPTION_COLUMN,ALLOW_EXCEPTIONS) values (99999999125,'Procedure has Task placeholder without actual Command in it','Procedure has Task placeholder without actual Command in it','Procedure',2,1,to_date('18-MAR-22','DD-MON-RR'),to_date('18-MAR-22','DD-MON-RR'),'N','N',null,null,null,null,null,null,null);
Insert into CBP_RULE (CBP_RULE_ID,CBP_RULE_SHORT_DESC,CBP_RULE_NAME,CBP_OBJECT_TYPE,CBP_CODE_TYPE_ID,CBP_IMP_TYPE_ID,CBP_CREATED_TIMESTAMP,CBP_UPDATED_TIMESTAMP,CBP_ADD_PARAM_ALLOWED,IS_DEPRECATED,DS_STAGE_TYPE,DS_ORCH_STAGE_IDENTIFIER,IS_DUMMY,IS_LEGACY,CBP_OBJECT_SUB_TYPE,EXCEPTION_COLUMN,ALLOW_EXCEPTIONS) values (99999999127,'Procedure without Version','Procedure without Version','Procedure',2,1,to_date('18-MAR-22','DD-MON-RR'),to_date('18-MAR-22','DD-MON-RR'),'N','N',null,null,null,null,null,null,null);
Insert into CBP_RULE (CBP_RULE_ID,CBP_RULE_SHORT_DESC,CBP_RULE_NAME,CBP_OBJECT_TYPE,CBP_CODE_TYPE_ID,CBP_IMP_TYPE_ID,CBP_CREATED_TIMESTAMP,CBP_UPDATED_TIMESTAMP,CBP_ADD_PARAM_ALLOWED,IS_DEPRECATED,DS_STAGE_TYPE,DS_ORCH_STAGE_IDENTIFIER,IS_DUMMY,IS_LEGACY,CBP_OBJECT_SUB_TYPE,EXCEPTION_COLUMN,ALLOW_EXCEPTIONS) values (99999999128,'Missing Mandatory Documentation Tag in Procedure Description','Missing Mandatory Documentation Tag in Procedure Description','Procedure',2,1100,to_date('18-MAR-22','DD-MON-RR'),to_date('18-MAR-22','DD-MON-RR'),'Y','N',null,null,null,null,null,null,null);
Insert into CBP_RULE (CBP_RULE_ID,CBP_RULE_SHORT_DESC,CBP_RULE_NAME,CBP_OBJECT_TYPE,CBP_CODE_TYPE_ID,CBP_IMP_TYPE_ID,CBP_CREATED_TIMESTAMP,CBP_UPDATED_TIMESTAMP,CBP_ADD_PARAM_ALLOWED,IS_DEPRECATED,DS_STAGE_TYPE,DS_ORCH_STAGE_IDENTIFIER,IS_DUMMY,IS_LEGACY,CBP_OBJECT_SUB_TYPE,EXCEPTION_COLUMN,ALLOW_EXCEPTIONS) values (99999999129,'Free Search on Procedure Command on Target - Any Keyword Found','Free Search on Procedure Command on Target - Any Keyword Found','Procedure',2,10,to_date('18-MAR-22','DD-MON-RR'),to_date('18-MAR-22','DD-MON-RR'),'Y','N',null,null,null,null,null,null,null);
Insert into CBP_RULE (CBP_RULE_ID,CBP_RULE_SHORT_DESC,CBP_RULE_NAME,CBP_OBJECT_TYPE,CBP_CODE_TYPE_ID,CBP_IMP_TYPE_ID,CBP_CREATED_TIMESTAMP,CBP_UPDATED_TIMESTAMP,CBP_ADD_PARAM_ALLOWED,IS_DEPRECATED,DS_STAGE_TYPE,DS_ORCH_STAGE_IDENTIFIER,IS_DUMMY,IS_LEGACY,CBP_OBJECT_SUB_TYPE,EXCEPTION_COLUMN,ALLOW_EXCEPTIONS) values (99999999130,'Free Search on Procedure Command on Target - Any Keyword Not Found','Free Search on Procedure Command on Target - Any Keyword Not Found','Procedure',2,1100,to_date('18-MAR-22','DD-MON-RR'),to_date('18-MAR-22','DD-MON-RR'),'Y','N',null,null,null,null,null,null,null);
Insert into CBP_RULE (CBP_RULE_ID,CBP_RULE_SHORT_DESC,CBP_RULE_NAME,CBP_OBJECT_TYPE,CBP_CODE_TYPE_ID,CBP_IMP_TYPE_ID,CBP_CREATED_TIMESTAMP,CBP_UPDATED_TIMESTAMP,CBP_ADD_PARAM_ALLOWED,IS_DEPRECATED,DS_STAGE_TYPE,DS_ORCH_STAGE_IDENTIFIER,IS_DUMMY,IS_LEGACY,CBP_OBJECT_SUB_TYPE,EXCEPTION_COLUMN,ALLOW_EXCEPTIONS) values (99999999131,'Free Search on Procedure Command on Source - Any Keyword Found','Free Search on Procedure Command on Source - Any Keyword Found','Procedure',2,10,to_date('18-MAR-22','DD-MON-RR'),to_date('18-MAR-22','DD-MON-RR'),'Y','N',null,null,null,null,null,null,null);
Insert into CBP_RULE (CBP_RULE_ID,CBP_RULE_SHORT_DESC,CBP_RULE_NAME,CBP_OBJECT_TYPE,CBP_CODE_TYPE_ID,CBP_IMP_TYPE_ID,CBP_CREATED_TIMESTAMP,CBP_UPDATED_TIMESTAMP,CBP_ADD_PARAM_ALLOWED,IS_DEPRECATED,DS_STAGE_TYPE,DS_ORCH_STAGE_IDENTIFIER,IS_DUMMY,IS_LEGACY,CBP_OBJECT_SUB_TYPE,EXCEPTION_COLUMN,ALLOW_EXCEPTIONS) values (99999999132,'Free Search on Procedure Command on Source - Any Keyword Not Found','Free Search on Procedure Command on Source - Any Keyword Not Found','Procedure',2,1100,to_date('18-MAR-22','DD-MON-RR'),to_date('18-MAR-22','DD-MON-RR'),'Y','N',null,null,null,null,null,null,null);
Insert into CBP_RULE (CBP_RULE_ID,CBP_RULE_SHORT_DESC,CBP_RULE_NAME,CBP_OBJECT_TYPE,CBP_CODE_TYPE_ID,CBP_IMP_TYPE_ID,CBP_CREATED_TIMESTAMP,CBP_UPDATED_TIMESTAMP,CBP_ADD_PARAM_ALLOWED,IS_DEPRECATED,DS_STAGE_TYPE,DS_ORCH_STAGE_IDENTIFIER,IS_DUMMY,IS_LEGACY,CBP_OBJECT_SUB_TYPE,EXCEPTION_COLUMN,ALLOW_EXCEPTIONS) values (99999999133,'Missing Mandatory Task(s) in Procedure','Missing Mandatory Task(s) in Procedure','Procedure',2,1100,to_date('18-MAR-22','DD-MON-RR'),to_date('18-MAR-22','DD-MON-RR'),'Y','N',null,null,null,null,null,null,null);
Insert into CBP_RULE (CBP_RULE_ID,CBP_RULE_SHORT_DESC,CBP_RULE_NAME,CBP_OBJECT_TYPE,CBP_CODE_TYPE_ID,CBP_IMP_TYPE_ID,CBP_CREATED_TIMESTAMP,CBP_UPDATED_TIMESTAMP,CBP_ADD_PARAM_ALLOWED,IS_DEPRECATED,DS_STAGE_TYPE,DS_ORCH_STAGE_IDENTIFIER,IS_DUMMY,IS_LEGACY,CBP_OBJECT_SUB_TYPE,EXCEPTION_COLUMN,ALLOW_EXCEPTIONS) values (99999999135,'Knowledge Module has Task with Ignore Errors Checked','Knowledge Module has Task with Ignore Errors Checked','Knowledge Module',2,1,to_date('18-MAR-22','DD-MON-RR'),to_date('18-MAR-22','DD-MON-RR'),'N','N',null,null,null,null,null,null,null);
Insert into CBP_RULE (CBP_RULE_ID,CBP_RULE_SHORT_DESC,CBP_RULE_NAME,CBP_OBJECT_TYPE,CBP_CODE_TYPE_ID,CBP_IMP_TYPE_ID,CBP_CREATED_TIMESTAMP,CBP_UPDATED_TIMESTAMP,CBP_ADD_PARAM_ALLOWED,IS_DEPRECATED,DS_STAGE_TYPE,DS_ORCH_STAGE_IDENTIFIER,IS_DUMMY,IS_LEGACY,CBP_OBJECT_SUB_TYPE,EXCEPTION_COLUMN,ALLOW_EXCEPTIONS) values (99999999136,'Knowledge Module has No Target Technology defined','Knowledge Module has No Target Technology defined','Knowledge Module',2,1,to_date('18-MAR-22','DD-MON-RR'),to_date('18-MAR-22','DD-MON-RR'),'N','N',null,null,null,null,null,null,null);
Insert into CBP_RULE (CBP_RULE_ID,CBP_RULE_SHORT_DESC,CBP_RULE_NAME,CBP_OBJECT_TYPE,CBP_CODE_TYPE_ID,CBP_IMP_TYPE_ID,CBP_CREATED_TIMESTAMP,CBP_UPDATED_TIMESTAMP,CBP_ADD_PARAM_ALLOWED,IS_DEPRECATED,DS_STAGE_TYPE,DS_ORCH_STAGE_IDENTIFIER,IS_DUMMY,IS_LEGACY,CBP_OBJECT_SUB_TYPE,EXCEPTION_COLUMN,ALLOW_EXCEPTIONS) values (99999999137,'Knowledge Module has Multi-Connections Enabled but No Source Technology defined','Knowledge Module has Multi-Connections Enabled but No Source Technology defined','Knowledge Module',2,1,to_date('18-MAR-22','DD-MON-RR'),to_date('18-MAR-22','DD-MON-RR'),'N','N',null,null,null,null,null,null,null);
Insert into CBP_RULE (CBP_RULE_ID,CBP_RULE_SHORT_DESC,CBP_RULE_NAME,CBP_OBJECT_TYPE,CBP_CODE_TYPE_ID,CBP_IMP_TYPE_ID,CBP_CREATED_TIMESTAMP,CBP_UPDATED_TIMESTAMP,CBP_ADD_PARAM_ALLOWED,IS_DEPRECATED,DS_STAGE_TYPE,DS_ORCH_STAGE_IDENTIFIER,IS_DUMMY,IS_LEGACY,CBP_OBJECT_SUB_TYPE,EXCEPTION_COLUMN,ALLOW_EXCEPTIONS) values (99999999140,'Knowledge Module has Command placeholder without actual Command in it','Knowledge Module has Command placeholder without actual Command in it','Knowledge Module',2,1,to_date('18-MAR-22','DD-MON-RR'),to_date('18-MAR-22','DD-MON-RR'),'N','N',null,null,null,null,null,null,null);
Insert into CBP_RULE (CBP_RULE_ID,CBP_RULE_SHORT_DESC,CBP_RULE_NAME,CBP_OBJECT_TYPE,CBP_CODE_TYPE_ID,CBP_IMP_TYPE_ID,CBP_CREATED_TIMESTAMP,CBP_UPDATED_TIMESTAMP,CBP_ADD_PARAM_ALLOWED,IS_DEPRECATED,DS_STAGE_TYPE,DS_ORCH_STAGE_IDENTIFIER,IS_DUMMY,IS_LEGACY,CBP_OBJECT_SUB_TYPE,EXCEPTION_COLUMN,ALLOW_EXCEPTIONS) values (99999999142,'Knowledge Module without Version','Knowledge Module without Version','Knowledge Module',2,1,to_date('18-MAR-22','DD-MON-RR'),to_date('18-MAR-22','DD-MON-RR'),'N','N',null,null,null,null,null,null,null);
Insert into CBP_RULE (CBP_RULE_ID,CBP_RULE_SHORT_DESC,CBP_RULE_NAME,CBP_OBJECT_TYPE,CBP_CODE_TYPE_ID,CBP_IMP_TYPE_ID,CBP_CREATED_TIMESTAMP,CBP_UPDATED_TIMESTAMP,CBP_ADD_PARAM_ALLOWED,IS_DEPRECATED,DS_STAGE_TYPE,DS_ORCH_STAGE_IDENTIFIER,IS_DUMMY,IS_LEGACY,CBP_OBJECT_SUB_TYPE,EXCEPTION_COLUMN,ALLOW_EXCEPTIONS) values (99999999143,'Missing Mandatory Documentation Tag in Knowledge Module Description','Missing Mandatory Documentation Tag in Knowledge Module Description','Knowledge Module',2,1100,to_date('18-MAR-22','DD-MON-RR'),to_date('18-MAR-22','DD-MON-RR'),'Y','N',null,null,null,null,null,null,null);
Insert into CBP_RULE (CBP_RULE_ID,CBP_RULE_SHORT_DESC,CBP_RULE_NAME,CBP_OBJECT_TYPE,CBP_CODE_TYPE_ID,CBP_IMP_TYPE_ID,CBP_CREATED_TIMESTAMP,CBP_UPDATED_TIMESTAMP,CBP_ADD_PARAM_ALLOWED,IS_DEPRECATED,DS_STAGE_TYPE,DS_ORCH_STAGE_IDENTIFIER,IS_DUMMY,IS_LEGACY,CBP_OBJECT_SUB_TYPE,EXCEPTION_COLUMN,ALLOW_EXCEPTIONS) values (99999999144,'Free Search on Knowledge Module Command on Target - Any Keyword Found','Free Search on Knowledge Module Command on Target - Any Keyword Found','Knowledge Module',2,10,to_date('18-MAR-22','DD-MON-RR'),to_date('18-MAR-22','DD-MON-RR'),'Y','N',null,null,null,null,null,null,null);
Insert into CBP_RULE (CBP_RULE_ID,CBP_RULE_SHORT_DESC,CBP_RULE_NAME,CBP_OBJECT_TYPE,CBP_CODE_TYPE_ID,CBP_IMP_TYPE_ID,CBP_CREATED_TIMESTAMP,CBP_UPDATED_TIMESTAMP,CBP_ADD_PARAM_ALLOWED,IS_DEPRECATED,DS_STAGE_TYPE,DS_ORCH_STAGE_IDENTIFIER,IS_DUMMY,IS_LEGACY,CBP_OBJECT_SUB_TYPE,EXCEPTION_COLUMN,ALLOW_EXCEPTIONS) values (99999999145,'Free Search on Knowledge Module Command on Target - Any Keyword Not Found','Free Search on Knowledge Module Command on Target - Any Keyword Not Found','Knowledge Module',2,1100,to_date('18-MAR-22','DD-MON-RR'),to_date('18-MAR-22','DD-MON-RR'),'Y','N',null,null,null,null,null,null,null);
Insert into CBP_RULE (CBP_RULE_ID,CBP_RULE_SHORT_DESC,CBP_RULE_NAME,CBP_OBJECT_TYPE,CBP_CODE_TYPE_ID,CBP_IMP_TYPE_ID,CBP_CREATED_TIMESTAMP,CBP_UPDATED_TIMESTAMP,CBP_ADD_PARAM_ALLOWED,IS_DEPRECATED,DS_STAGE_TYPE,DS_ORCH_STAGE_IDENTIFIER,IS_DUMMY,IS_LEGACY,CBP_OBJECT_SUB_TYPE,EXCEPTION_COLUMN,ALLOW_EXCEPTIONS) values (99999999146,'Free Search on Knowledge Module Command on Source - Any Keyword Found','Free Search on Knowledge Module Command on Source - Any Keyword Found','Knowledge Module',2,10,to_date('18-MAR-22','DD-MON-RR'),to_date('18-MAR-22','DD-MON-RR'),'Y','N',null,null,null,null,null,null,null);
Insert into CBP_RULE (CBP_RULE_ID,CBP_RULE_SHORT_DESC,CBP_RULE_NAME,CBP_OBJECT_TYPE,CBP_CODE_TYPE_ID,CBP_IMP_TYPE_ID,CBP_CREATED_TIMESTAMP,CBP_UPDATED_TIMESTAMP,CBP_ADD_PARAM_ALLOWED,IS_DEPRECATED,DS_STAGE_TYPE,DS_ORCH_STAGE_IDENTIFIER,IS_DUMMY,IS_LEGACY,CBP_OBJECT_SUB_TYPE,EXCEPTION_COLUMN,ALLOW_EXCEPTIONS) values (99999999147,'Free Search on Knowledge Module Command on Source - Any Keyword Not Found','Free Search on Knowledge Module Command on Source - Any Keyword Not Found','Knowledge Module',2,1100,to_date('18-MAR-22','DD-MON-RR'),to_date('18-MAR-22','DD-MON-RR'),'Y','N',null,null,null,null,null,null,null);
Insert into CBP_RULE (CBP_RULE_ID,CBP_RULE_SHORT_DESC,CBP_RULE_NAME,CBP_OBJECT_TYPE,CBP_CODE_TYPE_ID,CBP_IMP_TYPE_ID,CBP_CREATED_TIMESTAMP,CBP_UPDATED_TIMESTAMP,CBP_ADD_PARAM_ALLOWED,IS_DEPRECATED,DS_STAGE_TYPE,DS_ORCH_STAGE_IDENTIFIER,IS_DUMMY,IS_LEGACY,CBP_OBJECT_SUB_TYPE,EXCEPTION_COLUMN,ALLOW_EXCEPTIONS) values (99999999148,'Missing Mandatory Task(s) in Knowledge Module','Missing Mandatory Task(s) in Knowledge Module','Knowledge Module',2,1100,to_date('18-MAR-22','DD-MON-RR'),to_date('18-MAR-22','DD-MON-RR'),'Y','N',null,null,null,null,null,null,null);
Insert into CBP_RULE (CBP_RULE_ID,CBP_RULE_SHORT_DESC,CBP_RULE_NAME,CBP_OBJECT_TYPE,CBP_CODE_TYPE_ID,CBP_IMP_TYPE_ID,CBP_CREATED_TIMESTAMP,CBP_UPDATED_TIMESTAMP,CBP_ADD_PARAM_ALLOWED,IS_DEPRECATED,DS_STAGE_TYPE,DS_ORCH_STAGE_IDENTIFIER,IS_DUMMY,IS_LEGACY,CBP_OBJECT_SUB_TYPE,EXCEPTION_COLUMN,ALLOW_EXCEPTIONS) values (99999999149,'Mapping without Version','Mapping without Version','Mapping',2,1,to_date('18-MAR-22','DD-MON-RR'),to_date('18-MAR-22','DD-MON-RR'),'N','N',null,null,null,null,null,null,null);
Insert into CBP_RULE (CBP_RULE_ID,CBP_RULE_SHORT_DESC,CBP_RULE_NAME,CBP_OBJECT_TYPE,CBP_CODE_TYPE_ID,CBP_IMP_TYPE_ID,CBP_CREATED_TIMESTAMP,CBP_UPDATED_TIMESTAMP,CBP_ADD_PARAM_ALLOWED,IS_DEPRECATED,DS_STAGE_TYPE,DS_ORCH_STAGE_IDENTIFIER,IS_DUMMY,IS_LEGACY,CBP_OBJECT_SUB_TYPE,EXCEPTION_COLUMN,ALLOW_EXCEPTIONS) values (99999999150,'Free Search on Mapping Lookup Expression - Any Keyword Found','Free Search on Mapping Lookup Expression - Any Keyword Found','Mapping',2,10,to_date('18-MAR-22','DD-MON-RR'),to_date('18-MAR-22','DD-MON-RR'),'Y','N',null,null,null,null,null,null,null);
Insert into CBP_RULE (CBP_RULE_ID,CBP_RULE_SHORT_DESC,CBP_RULE_NAME,CBP_OBJECT_TYPE,CBP_CODE_TYPE_ID,CBP_IMP_TYPE_ID,CBP_CREATED_TIMESTAMP,CBP_UPDATED_TIMESTAMP,CBP_ADD_PARAM_ALLOWED,IS_DEPRECATED,DS_STAGE_TYPE,DS_ORCH_STAGE_IDENTIFIER,IS_DUMMY,IS_LEGACY,CBP_OBJECT_SUB_TYPE,EXCEPTION_COLUMN,ALLOW_EXCEPTIONS) values (99999999151,'Free Search on Mapping Join Expression - Any Keyword Found','Free Search on Mapping Join Expression - Any Keyword Found','Mapping',2,10,to_date('18-MAR-22','DD-MON-RR'),to_date('18-MAR-22','DD-MON-RR'),'Y','N',null,null,null,null,null,null,null);
Insert into CBP_RULE (CBP_RULE_ID,CBP_RULE_SHORT_DESC,CBP_RULE_NAME,CBP_OBJECT_TYPE,CBP_CODE_TYPE_ID,CBP_IMP_TYPE_ID,CBP_CREATED_TIMESTAMP,CBP_UPDATED_TIMESTAMP,CBP_ADD_PARAM_ALLOWED,IS_DEPRECATED,DS_STAGE_TYPE,DS_ORCH_STAGE_IDENTIFIER,IS_DUMMY,IS_LEGACY,CBP_OBJECT_SUB_TYPE,EXCEPTION_COLUMN,ALLOW_EXCEPTIONS) values (99999999152,'Free Search on Mapping Filter Expression - Any Keyword Found','Free Search on Mapping Filter Expression - Any Keyword Found','Mapping',2,10,to_date('18-MAR-22','DD-MON-RR'),to_date('18-MAR-22','DD-MON-RR'),'Y','N',null,null,null,null,null,null,null);
Insert into CBP_RULE (CBP_RULE_ID,CBP_RULE_SHORT_DESC,CBP_RULE_NAME,CBP_OBJECT_TYPE,CBP_CODE_TYPE_ID,CBP_IMP_TYPE_ID,CBP_CREATED_TIMESTAMP,CBP_UPDATED_TIMESTAMP,CBP_ADD_PARAM_ALLOWED,IS_DEPRECATED,DS_STAGE_TYPE,DS_ORCH_STAGE_IDENTIFIER,IS_DUMMY,IS_LEGACY,CBP_OBJECT_SUB_TYPE,EXCEPTION_COLUMN,ALLOW_EXCEPTIONS) values (99999999153,'Free Search on Mapping Expression - Any Keyword Found','Free Search on Mapping Expression - Any Keyword Found','Mapping',2,10,to_date('18-MAR-22','DD-MON-RR'),to_date('18-MAR-22','DD-MON-RR'),'Y','N',null,null,null,null,null,null,null);
Insert into CBP_RULE (CBP_RULE_ID,CBP_RULE_SHORT_DESC,CBP_RULE_NAME,CBP_OBJECT_TYPE,CBP_CODE_TYPE_ID,CBP_IMP_TYPE_ID,CBP_CREATED_TIMESTAMP,CBP_UPDATED_TIMESTAMP,CBP_ADD_PARAM_ALLOWED,IS_DEPRECATED,DS_STAGE_TYPE,DS_ORCH_STAGE_IDENTIFIER,IS_DUMMY,IS_LEGACY,CBP_OBJECT_SUB_TYPE,EXCEPTION_COLUMN,ALLOW_EXCEPTIONS) values (99999999154,'Mapping without Description','Mapping without Description','Mapping',2,1,to_date('18-MAR-22','DD-MON-RR'),to_date('18-MAR-22','DD-MON-RR'),'N','N',null,null,null,null,null,null,null);
Insert into CBP_RULE (CBP_RULE_ID,CBP_RULE_SHORT_DESC,CBP_RULE_NAME,CBP_OBJECT_TYPE,CBP_CODE_TYPE_ID,CBP_IMP_TYPE_ID,CBP_CREATED_TIMESTAMP,CBP_UPDATED_TIMESTAMP,CBP_ADD_PARAM_ALLOWED,IS_DEPRECATED,DS_STAGE_TYPE,DS_ORCH_STAGE_IDENTIFIER,IS_DUMMY,IS_LEGACY,CBP_OBJECT_SUB_TYPE,EXCEPTION_COLUMN,ALLOW_EXCEPTIONS) values (99999999155,'Missing Mandatory Documentation Tag in Mapping Description','Missing Mandatory Documentation Tag in Mapping Description','Mapping',2,1100,to_date('18-MAR-22','DD-MON-RR'),to_date('18-MAR-22','DD-MON-RR'),'Y','N',null,null,null,null,null,null,null);
Insert into CBP_RULE (CBP_RULE_ID,CBP_RULE_SHORT_DESC,CBP_RULE_NAME,CBP_OBJECT_TYPE,CBP_CODE_TYPE_ID,CBP_IMP_TYPE_ID,CBP_CREATED_TIMESTAMP,CBP_UPDATED_TIMESTAMP,CBP_ADD_PARAM_ALLOWED,IS_DEPRECATED,DS_STAGE_TYPE,DS_ORCH_STAGE_IDENTIFIER,IS_DUMMY,IS_LEGACY,CBP_OBJECT_SUB_TYPE,EXCEPTION_COLUMN,ALLOW_EXCEPTIONS) values (99999999156,'Mapping without Progress Marker','Mapping without Progress Marker','Mapping',2,1,to_date('18-MAR-22','DD-MON-RR'),to_date('18-MAR-22','DD-MON-RR'),'N','N',null,null,null,null,null,null,null);
Insert into CBP_RULE (CBP_RULE_ID,CBP_RULE_SHORT_DESC,CBP_RULE_NAME,CBP_OBJECT_TYPE,CBP_CODE_TYPE_ID,CBP_IMP_TYPE_ID,CBP_CREATED_TIMESTAMP,CBP_UPDATED_TIMESTAMP,CBP_ADD_PARAM_ALLOWED,IS_DEPRECATED,DS_STAGE_TYPE,DS_ORCH_STAGE_IDENTIFIER,IS_DUMMY,IS_LEGACY,CBP_OBJECT_SUB_TYPE,EXCEPTION_COLUMN,ALLOW_EXCEPTIONS) values (99999999157,'Mapping Progress Marker is not Set to Done ','Mapping Progress Marker is not Set to Done ','Mapping',2,1,to_date('18-MAR-22','DD-MON-RR'),to_date('18-MAR-22','DD-MON-RR'),'N','N',null,null,null,null,null,null,null);
Insert into CBP_RULE (CBP_RULE_ID,CBP_RULE_SHORT_DESC,CBP_RULE_NAME,CBP_OBJECT_TYPE,CBP_CODE_TYPE_ID,CBP_IMP_TYPE_ID,CBP_CREATED_TIMESTAMP,CBP_UPDATED_TIMESTAMP,CBP_ADD_PARAM_ALLOWED,IS_DEPRECATED,DS_STAGE_TYPE,DS_ORCH_STAGE_IDENTIFIER,IS_DUMMY,IS_LEGACY,CBP_OBJECT_SUB_TYPE,EXCEPTION_COLUMN,ALLOW_EXCEPTIONS) values (99999999158,'Package without Progress Marker','Package without Progress Marker','Package',2,1,to_date('18-MAR-22','DD-MON-RR'),to_date('18-MAR-22','DD-MON-RR'),'N','N',null,null,null,null,null,null,null);
Insert into CBP_RULE (CBP_RULE_ID,CBP_RULE_SHORT_DESC,CBP_RULE_NAME,CBP_OBJECT_TYPE,CBP_CODE_TYPE_ID,CBP_IMP_TYPE_ID,CBP_CREATED_TIMESTAMP,CBP_UPDATED_TIMESTAMP,CBP_ADD_PARAM_ALLOWED,IS_DEPRECATED,DS_STAGE_TYPE,DS_ORCH_STAGE_IDENTIFIER,IS_DUMMY,IS_LEGACY,CBP_OBJECT_SUB_TYPE,EXCEPTION_COLUMN,ALLOW_EXCEPTIONS) values (99999999159,'Package Progress Marker is not Set to Done ','Package Progress Marker is not Set to Done ','Package',2,1,to_date('18-MAR-22','DD-MON-RR'),to_date('18-MAR-22','DD-MON-RR'),'N','N',null,null,null,null,null,null,null);
Insert into CBP_RULE (CBP_RULE_ID,CBP_RULE_SHORT_DESC,CBP_RULE_NAME,CBP_OBJECT_TYPE,CBP_CODE_TYPE_ID,CBP_IMP_TYPE_ID,CBP_CREATED_TIMESTAMP,CBP_UPDATED_TIMESTAMP,CBP_ADD_PARAM_ALLOWED,IS_DEPRECATED,DS_STAGE_TYPE,DS_ORCH_STAGE_IDENTIFIER,IS_DUMMY,IS_LEGACY,CBP_OBJECT_SUB_TYPE,EXCEPTION_COLUMN,ALLOW_EXCEPTIONS) values (99999999160,'Procedure without Progress Marker','Procedure without Progress Marker','Procedure',2,1,to_date('18-MAR-22','DD-MON-RR'),to_date('18-MAR-22','DD-MON-RR'),'N','N',null,null,null,null,null,null,null);
Insert into CBP_RULE (CBP_RULE_ID,CBP_RULE_SHORT_DESC,CBP_RULE_NAME,CBP_OBJECT_TYPE,CBP_CODE_TYPE_ID,CBP_IMP_TYPE_ID,CBP_CREATED_TIMESTAMP,CBP_UPDATED_TIMESTAMP,CBP_ADD_PARAM_ALLOWED,IS_DEPRECATED,DS_STAGE_TYPE,DS_ORCH_STAGE_IDENTIFIER,IS_DUMMY,IS_LEGACY,CBP_OBJECT_SUB_TYPE,EXCEPTION_COLUMN,ALLOW_EXCEPTIONS) values (99999999161,'Procedure Progress Marker is not Set to Done ','Procedure Progress Marker is not Set to Done ','Procedure',2,1,to_date('18-MAR-22','DD-MON-RR'),to_date('18-MAR-22','DD-MON-RR'),'N','N',null,null,null,null,null,null,null);
Insert into CBP_RULE (CBP_RULE_ID,CBP_RULE_SHORT_DESC,CBP_RULE_NAME,CBP_OBJECT_TYPE,CBP_CODE_TYPE_ID,CBP_IMP_TYPE_ID,CBP_CREATED_TIMESTAMP,CBP_UPDATED_TIMESTAMP,CBP_ADD_PARAM_ALLOWED,IS_DEPRECATED,DS_STAGE_TYPE,DS_ORCH_STAGE_IDENTIFIER,IS_DUMMY,IS_LEGACY,CBP_OBJECT_SUB_TYPE,EXCEPTION_COLUMN,ALLOW_EXCEPTIONS) values (99999999162,'Mapping has Updated Timestamp greater than Updated Timestamp of associated Scenario (latest version)','Mapping has Updated Timestamp greater than Updated Timestamp of associated Scenario (latest version)','Mapping',2,1,to_date('18-MAR-22','DD-MON-RR'),to_date('18-MAR-22','DD-MON-RR'),'N','N',null,null,null,null,null,null,null);
Insert into CBP_RULE (CBP_RULE_ID,CBP_RULE_SHORT_DESC,CBP_RULE_NAME,CBP_OBJECT_TYPE,CBP_CODE_TYPE_ID,CBP_IMP_TYPE_ID,CBP_CREATED_TIMESTAMP,CBP_UPDATED_TIMESTAMP,CBP_ADD_PARAM_ALLOWED,IS_DEPRECATED,DS_STAGE_TYPE,DS_ORCH_STAGE_IDENTIFIER,IS_DUMMY,IS_LEGACY,CBP_OBJECT_SUB_TYPE,EXCEPTION_COLUMN,ALLOW_EXCEPTIONS) values (99999999163,'Package has Updated Timestamp greater than Updated Timestamp of associated Scenario (latest version)','Package has Updated Timestamp greater than Updated Timestamp of associated Scenario (latest version)','Package',2,1,to_date('18-MAR-22','DD-MON-RR'),to_date('18-MAR-22','DD-MON-RR'),'N','N',null,null,null,null,null,null,null);
Insert into CBP_RULE (CBP_RULE_ID,CBP_RULE_SHORT_DESC,CBP_RULE_NAME,CBP_OBJECT_TYPE,CBP_CODE_TYPE_ID,CBP_IMP_TYPE_ID,CBP_CREATED_TIMESTAMP,CBP_UPDATED_TIMESTAMP,CBP_ADD_PARAM_ALLOWED,IS_DEPRECATED,DS_STAGE_TYPE,DS_ORCH_STAGE_IDENTIFIER,IS_DUMMY,IS_LEGACY,CBP_OBJECT_SUB_TYPE,EXCEPTION_COLUMN,ALLOW_EXCEPTIONS) values (99999999164,'Procedure has Updated Timestamp greater than Updated Timestamp of associated Scenario (latest version)','Procedure has Updated Timestamp greater than Updated Timestamp of associated Scenario (latest version)','Procedure',2,1,to_date('18-MAR-22','DD-MON-RR'),to_date('18-MAR-22','DD-MON-RR'),'N','N',null,null,null,null,null,null,null);
Insert into CBP_RULE (CBP_RULE_ID,CBP_RULE_SHORT_DESC,CBP_RULE_NAME,CBP_OBJECT_TYPE,CBP_CODE_TYPE_ID,CBP_IMP_TYPE_ID,CBP_CREATED_TIMESTAMP,CBP_UPDATED_TIMESTAMP,CBP_ADD_PARAM_ALLOWED,IS_DEPRECATED,DS_STAGE_TYPE,DS_ORCH_STAGE_IDENTIFIER,IS_DUMMY,IS_LEGACY,CBP_OBJECT_SUB_TYPE,EXCEPTION_COLUMN,ALLOW_EXCEPTIONS) values (99999999165,'Variable has Updated Timestamp greater than Updated Timestamp of associated Scenario (latest version)','Variable has Updated Timestamp greater than Updated Timestamp of associated Scenario (latest version)','Variable',2,1,to_date('18-MAR-22','DD-MON-RR'),to_date('18-MAR-22','DD-MON-RR'),'N','N',null,null,null,null,null,null,null);
Insert into CBP_RULE (CBP_RULE_ID,CBP_RULE_SHORT_DESC,CBP_RULE_NAME,CBP_OBJECT_TYPE,CBP_CODE_TYPE_ID,CBP_IMP_TYPE_ID,CBP_CREATED_TIMESTAMP,CBP_UPDATED_TIMESTAMP,CBP_ADD_PARAM_ALLOWED,IS_DEPRECATED,DS_STAGE_TYPE,DS_ORCH_STAGE_IDENTIFIER,IS_DUMMY,IS_LEGACY,CBP_OBJECT_SUB_TYPE,EXCEPTION_COLUMN,ALLOW_EXCEPTIONS) values (99999999166,'Load Plan has disabled steps','Load Plan has disabled steps','Load Plan',2,1,to_date('18-MAR-22','DD-MON-RR'),to_date('18-MAR-22','DD-MON-RR'),'N','N',null,null,null,null,null,null,null);
Insert into CBP_RULE (CBP_RULE_ID,CBP_RULE_SHORT_DESC,CBP_RULE_NAME,CBP_OBJECT_TYPE,CBP_CODE_TYPE_ID,CBP_IMP_TYPE_ID,CBP_CREATED_TIMESTAMP,CBP_UPDATED_TIMESTAMP,CBP_ADD_PARAM_ALLOWED,IS_DEPRECATED,DS_STAGE_TYPE,DS_ORCH_STAGE_IDENTIFIER,IS_DUMMY,IS_LEGACY,CBP_OBJECT_SUB_TYPE,EXCEPTION_COLUMN,ALLOW_EXCEPTIONS) values (99999999167,'Load Plan has step with Exception Behavior Not set to Run Exception and Raise','Load Plan has step with Exception Behavior Not set to Run Exception and Raise','Load Plan',2,1,to_date('18-MAR-22','DD-MON-RR'),to_date('18-MAR-22','DD-MON-RR'),'N','N',null,null,null,null,null,null,null);
Insert into CBP_RULE (CBP_RULE_ID,CBP_RULE_SHORT_DESC,CBP_RULE_NAME,CBP_OBJECT_TYPE,CBP_CODE_TYPE_ID,CBP_IMP_TYPE_ID,CBP_CREATED_TIMESTAMP,CBP_UPDATED_TIMESTAMP,CBP_ADD_PARAM_ALLOWED,IS_DEPRECATED,DS_STAGE_TYPE,DS_ORCH_STAGE_IDENTIFIER,IS_DUMMY,IS_LEGACY,CBP_OBJECT_SUB_TYPE,EXCEPTION_COLUMN,ALLOW_EXCEPTIONS) values (99999999168,'Load Plan Parallel has step Restart Type Not set to Restart from failed children','Load Plan Parallel has step Restart Type Not set to Restart from failed children','Load Plan',2,1,to_date('18-MAR-22','DD-MON-RR'),to_date('18-MAR-22','DD-MON-RR'),'N','N',null,null,null,null,null,null,null);
Insert into CBP_RULE (CBP_RULE_ID,CBP_RULE_SHORT_DESC,CBP_RULE_NAME,CBP_OBJECT_TYPE,CBP_CODE_TYPE_ID,CBP_IMP_TYPE_ID,CBP_CREATED_TIMESTAMP,CBP_UPDATED_TIMESTAMP,CBP_ADD_PARAM_ALLOWED,IS_DEPRECATED,DS_STAGE_TYPE,DS_ORCH_STAGE_IDENTIFIER,IS_DUMMY,IS_LEGACY,CBP_OBJECT_SUB_TYPE,EXCEPTION_COLUMN,ALLOW_EXCEPTIONS) values (99999999169,'Load Plan with Serial step Restart Type Not set to Restart from failure','Load Plan with Serial step Restart Type Not set to Restart from failure','Load Plan',2,1,to_date('18-MAR-22','DD-MON-RR'),to_date('18-MAR-22','DD-MON-RR'),'N','N',null,null,null,null,null,null,null);
Insert into CBP_RULE (CBP_RULE_ID,CBP_RULE_SHORT_DESC,CBP_RULE_NAME,CBP_OBJECT_TYPE,CBP_CODE_TYPE_ID,CBP_IMP_TYPE_ID,CBP_CREATED_TIMESTAMP,CBP_UPDATED_TIMESTAMP,CBP_ADD_PARAM_ALLOWED,IS_DEPRECATED,DS_STAGE_TYPE,DS_ORCH_STAGE_IDENTIFIER,IS_DUMMY,IS_LEGACY,CBP_OBJECT_SUB_TYPE,EXCEPTION_COLUMN,ALLOW_EXCEPTIONS) values (99999999170,'Load Plan with Run Scenario step Restart Type Not set to Restart from failed step','Load Plan with Run Scenario step Restart Type Not set to Restart from failed step','Load Plan',2,1,to_date('18-MAR-22','DD-MON-RR'),to_date('18-MAR-22','DD-MON-RR'),'N','N',null,null,null,null,null,null,null);
Insert into CBP_RULE (CBP_RULE_ID,CBP_RULE_SHORT_DESC,CBP_RULE_NAME,CBP_OBJECT_TYPE,CBP_CODE_TYPE_ID,CBP_IMP_TYPE_ID,CBP_CREATED_TIMESTAMP,CBP_UPDATED_TIMESTAMP,CBP_ADD_PARAM_ALLOWED,IS_DEPRECATED,DS_STAGE_TYPE,DS_ORCH_STAGE_IDENTIFIER,IS_DUMMY,IS_LEGACY,CBP_OBJECT_SUB_TYPE,EXCEPTION_COLUMN,ALLOW_EXCEPTIONS) values (99999999171,'Naming Convention Sequence','Naming Convention Sequence','Sequence',2,3,to_date('18-MAR-22','DD-MON-RR'),to_date('18-MAR-22','DD-MON-RR'),'N','N',null,null,null,null,null,null,null);
Insert into CBP_RULE (CBP_RULE_ID,CBP_RULE_SHORT_DESC,CBP_RULE_NAME,CBP_OBJECT_TYPE,CBP_CODE_TYPE_ID,CBP_IMP_TYPE_ID,CBP_CREATED_TIMESTAMP,CBP_UPDATED_TIMESTAMP,CBP_ADD_PARAM_ALLOWED,IS_DEPRECATED,DS_STAGE_TYPE,DS_ORCH_STAGE_IDENTIFIER,IS_DUMMY,IS_LEGACY,CBP_OBJECT_SUB_TYPE,EXCEPTION_COLUMN,ALLOW_EXCEPTIONS) values (99999999172,'Sequence Configuration is not Standard','Sequence Configuration is not Standard','Sequence',2,1,to_date('18-MAR-22','DD-MON-RR'),to_date('18-MAR-22','DD-MON-RR'),'N','N',null,null,null,null,null,null,null);
Insert into CBP_RULE (CBP_RULE_ID,CBP_RULE_SHORT_DESC,CBP_RULE_NAME,CBP_OBJECT_TYPE,CBP_CODE_TYPE_ID,CBP_IMP_TYPE_ID,CBP_CREATED_TIMESTAMP,CBP_UPDATED_TIMESTAMP,CBP_ADD_PARAM_ALLOWED,IS_DEPRECATED,DS_STAGE_TYPE,DS_ORCH_STAGE_IDENTIFIER,IS_DUMMY,IS_LEGACY,CBP_OBJECT_SUB_TYPE,EXCEPTION_COLUMN,ALLOW_EXCEPTIONS) values (99999999173,'Sequence Configuration is not Specific','Sequence Configuration is not Specific','Sequence',2,1,to_date('18-MAR-22','DD-MON-RR'),to_date('18-MAR-22','DD-MON-RR'),'N','N',null,null,null,null,null,null,null);
Insert into CBP_RULE (CBP_RULE_ID,CBP_RULE_SHORT_DESC,CBP_RULE_NAME,CBP_OBJECT_TYPE,CBP_CODE_TYPE_ID,CBP_IMP_TYPE_ID,CBP_CREATED_TIMESTAMP,CBP_UPDATED_TIMESTAMP,CBP_ADD_PARAM_ALLOWED,IS_DEPRECATED,DS_STAGE_TYPE,DS_ORCH_STAGE_IDENTIFIER,IS_DUMMY,IS_LEGACY,CBP_OBJECT_SUB_TYPE,EXCEPTION_COLUMN,ALLOW_EXCEPTIONS) values (99999999174,'Sequence Configuration is not Native','Sequence Configuration is not Native','Sequence',2,1,to_date('18-MAR-22','DD-MON-RR'),to_date('18-MAR-22','DD-MON-RR'),'N','N',null,null,null,null,null,null,null);
Insert into CBP_RULE (CBP_RULE_ID,CBP_RULE_SHORT_DESC,CBP_RULE_NAME,CBP_OBJECT_TYPE,CBP_CODE_TYPE_ID,CBP_IMP_TYPE_ID,CBP_CREATED_TIMESTAMP,CBP_UPDATED_TIMESTAMP,CBP_ADD_PARAM_ALLOWED,IS_DEPRECATED,DS_STAGE_TYPE,DS_ORCH_STAGE_IDENTIFIER,IS_DUMMY,IS_LEGACY,CBP_OBJECT_SUB_TYPE,EXCEPTION_COLUMN,ALLOW_EXCEPTIONS) values (99999999175,'Missing Mandatory Documentation Tag in Package Description','Missing Mandatory Documentation Tag in Package Description','Package',2,1100,to_date('18-MAR-22','DD-MON-RR'),to_date('18-MAR-22','DD-MON-RR'),'Y','N',null,null,null,null,null,null,null);
Insert into CBP_RULE (CBP_RULE_ID,CBP_RULE_SHORT_DESC,CBP_RULE_NAME,CBP_OBJECT_TYPE,CBP_CODE_TYPE_ID,CBP_IMP_TYPE_ID,CBP_CREATED_TIMESTAMP,CBP_UPDATED_TIMESTAMP,CBP_ADD_PARAM_ALLOWED,IS_DEPRECATED,DS_STAGE_TYPE,DS_ORCH_STAGE_IDENTIFIER,IS_DUMMY,IS_LEGACY,CBP_OBJECT_SUB_TYPE,EXCEPTION_COLUMN,ALLOW_EXCEPTIONS) values (99999999176,'Package without Description','Package without Description','Package',2,1,to_date('18-MAR-22','DD-MON-RR'),to_date('18-MAR-22','DD-MON-RR'),'N','N',null,null,null,null,null,null,null);
Insert into CBP_RULE (CBP_RULE_ID,CBP_RULE_SHORT_DESC,CBP_RULE_NAME,CBP_OBJECT_TYPE,CBP_CODE_TYPE_ID,CBP_IMP_TYPE_ID,CBP_CREATED_TIMESTAMP,CBP_UPDATED_TIMESTAMP,CBP_ADD_PARAM_ALLOWED,IS_DEPRECATED,DS_STAGE_TYPE,DS_ORCH_STAGE_IDENTIFIER,IS_DUMMY,IS_LEGACY,CBP_OBJECT_SUB_TYPE,EXCEPTION_COLUMN,ALLOW_EXCEPTIONS) values (99999999177,'Package without Version','Package without Version','Package',2,1,to_date('18-MAR-22','DD-MON-RR'),to_date('18-MAR-22','DD-MON-RR'),'N','N',null,null,null,null,null,null,null);
Insert into CBP_RULE (CBP_RULE_ID,CBP_RULE_SHORT_DESC,CBP_RULE_NAME,CBP_OBJECT_TYPE,CBP_CODE_TYPE_ID,CBP_IMP_TYPE_ID,CBP_CREATED_TIMESTAMP,CBP_UPDATED_TIMESTAMP,CBP_ADD_PARAM_ALLOWED,IS_DEPRECATED,DS_STAGE_TYPE,DS_ORCH_STAGE_IDENTIFIER,IS_DUMMY,IS_LEGACY,CBP_OBJECT_SUB_TYPE,EXCEPTION_COLUMN,ALLOW_EXCEPTIONS) values (99999999178,'Model without Version','Model without Version','Model',2,1,to_date('18-MAR-22','DD-MON-RR'),to_date('18-MAR-22','DD-MON-RR'),'N','N',null,null,null,null,null,null,null);
Insert into CBP_RULE (CBP_RULE_ID,CBP_RULE_SHORT_DESC,CBP_RULE_NAME,CBP_OBJECT_TYPE,CBP_CODE_TYPE_ID,CBP_IMP_TYPE_ID,CBP_CREATED_TIMESTAMP,CBP_UPDATED_TIMESTAMP,CBP_ADD_PARAM_ALLOWED,IS_DEPRECATED,DS_STAGE_TYPE,DS_ORCH_STAGE_IDENTIFIER,IS_DUMMY,IS_LEGACY,CBP_OBJECT_SUB_TYPE,EXCEPTION_COLUMN,ALLOW_EXCEPTIONS) values (99999999179,'Model without Description','Model without Description','Model',2,1,to_date('18-MAR-22','DD-MON-RR'),to_date('18-MAR-22','DD-MON-RR'),'N','N',null,null,null,null,null,null,null);
Insert into CBP_RULE (CBP_RULE_ID,CBP_RULE_SHORT_DESC,CBP_RULE_NAME,CBP_OBJECT_TYPE,CBP_CODE_TYPE_ID,CBP_IMP_TYPE_ID,CBP_CREATED_TIMESTAMP,CBP_UPDATED_TIMESTAMP,CBP_ADD_PARAM_ALLOWED,IS_DEPRECATED,DS_STAGE_TYPE,DS_ORCH_STAGE_IDENTIFIER,IS_DUMMY,IS_LEGACY,CBP_OBJECT_SUB_TYPE,EXCEPTION_COLUMN,ALLOW_EXCEPTIONS) values (99999999180,'Missing Mandatory Documentation Tag in Model Description','Missing Mandatory Documentation Tag in Model Description','Model',2,1100,to_date('18-MAR-22','DD-MON-RR'),to_date('18-MAR-22','DD-MON-RR'),'Y','N',null,null,null,null,null,null,null);
Insert into CBP_RULE (CBP_RULE_ID,CBP_RULE_SHORT_DESC,CBP_RULE_NAME,CBP_OBJECT_TYPE,CBP_CODE_TYPE_ID,CBP_IMP_TYPE_ID,CBP_CREATED_TIMESTAMP,CBP_UPDATED_TIMESTAMP,CBP_ADD_PARAM_ALLOWED,IS_DEPRECATED,DS_STAGE_TYPE,DS_ORCH_STAGE_IDENTIFIER,IS_DUMMY,IS_LEGACY,CBP_OBJECT_SUB_TYPE,EXCEPTION_COLUMN,ALLOW_EXCEPTIONS) values (99999999181,'Load Plan without Version','Load Plan without Version','Load Plan',2,1,to_date('18-MAR-22','DD-MON-RR'),to_date('18-MAR-22','DD-MON-RR'),'N','N',null,null,null,null,null,null,null);
Insert into CBP_RULE (CBP_RULE_ID,CBP_RULE_SHORT_DESC,CBP_RULE_NAME,CBP_OBJECT_TYPE,CBP_CODE_TYPE_ID,CBP_IMP_TYPE_ID,CBP_CREATED_TIMESTAMP,CBP_UPDATED_TIMESTAMP,CBP_ADD_PARAM_ALLOWED,IS_DEPRECATED,DS_STAGE_TYPE,DS_ORCH_STAGE_IDENTIFIER,IS_DUMMY,IS_LEGACY,CBP_OBJECT_SUB_TYPE,EXCEPTION_COLUMN,ALLOW_EXCEPTIONS) values (99999999187,'Datastore does not have Mandatory Audit Column(s)','Datastore does not have Mandatory Audit Column(s)','Model',2,1100,to_date('18-MAR-22','DD-MON-RR'),to_date('18-MAR-22','DD-MON-RR'),'Y','N',null,null,null,null,null,null,null);
Insert into CBP_RULE (CBP_RULE_ID,CBP_RULE_SHORT_DESC,CBP_RULE_NAME,CBP_OBJECT_TYPE,CBP_CODE_TYPE_ID,CBP_IMP_TYPE_ID,CBP_CREATED_TIMESTAMP,CBP_UPDATED_TIMESTAMP,CBP_ADD_PARAM_ALLOWED,IS_DEPRECATED,DS_STAGE_TYPE,DS_ORCH_STAGE_IDENTIFIER,IS_DUMMY,IS_LEGACY,CBP_OBJECT_SUB_TYPE,EXCEPTION_COLUMN,ALLOW_EXCEPTIONS) values (99999999202,'Project Folder without Version','Project Folder without Version','Folder - Project',2,1,to_date('18-MAR-22','DD-MON-RR'),to_date('18-MAR-22','DD-MON-RR'),'N','N',null,null,null,null,null,null,null);
Insert into CBP_RULE (CBP_RULE_ID,CBP_RULE_SHORT_DESC,CBP_RULE_NAME,CBP_OBJECT_TYPE,CBP_CODE_TYPE_ID,CBP_IMP_TYPE_ID,CBP_CREATED_TIMESTAMP,CBP_UPDATED_TIMESTAMP,CBP_ADD_PARAM_ALLOWED,IS_DEPRECATED,DS_STAGE_TYPE,DS_ORCH_STAGE_IDENTIFIER,IS_DUMMY,IS_LEGACY,CBP_OBJECT_SUB_TYPE,EXCEPTION_COLUMN,ALLOW_EXCEPTIONS) values (99999999203,'Model Folder without Version','Model Folder without Version','Folder - Model',2,1,to_date('18-MAR-22','DD-MON-RR'),to_date('18-MAR-22','DD-MON-RR'),'N','N',null,null,null,null,null,null,null);
Insert into CBP_RULE (CBP_RULE_ID,CBP_RULE_SHORT_DESC,CBP_RULE_NAME,CBP_OBJECT_TYPE,CBP_CODE_TYPE_ID,CBP_IMP_TYPE_ID,CBP_CREATED_TIMESTAMP,CBP_UPDATED_TIMESTAMP,CBP_ADD_PARAM_ALLOWED,IS_DEPRECATED,DS_STAGE_TYPE,DS_ORCH_STAGE_IDENTIFIER,IS_DUMMY,IS_LEGACY,CBP_OBJECT_SUB_TYPE,EXCEPTION_COLUMN,ALLOW_EXCEPTIONS) values (99999999204,'Scenario without Description','Scenario without Description','Scenario',2,1,to_date('18-MAR-22','DD-MON-RR'),to_date('18-MAR-22','DD-MON-RR'),'N','N',null,null,null,null,null,null,null);
Insert into CBP_RULE (CBP_RULE_ID,CBP_RULE_SHORT_DESC,CBP_RULE_NAME,CBP_OBJECT_TYPE,CBP_CODE_TYPE_ID,CBP_IMP_TYPE_ID,CBP_CREATED_TIMESTAMP,CBP_UPDATED_TIMESTAMP,CBP_ADD_PARAM_ALLOWED,IS_DEPRECATED,DS_STAGE_TYPE,DS_ORCH_STAGE_IDENTIFIER,IS_DUMMY,IS_LEGACY,CBP_OBJECT_SUB_TYPE,EXCEPTION_COLUMN,ALLOW_EXCEPTIONS) values (99999999205,'Missing Mandatory Documentation Tag in Scenario Description','Missing Mandatory Documentation Tag in Scenario Description','Scenario',2,1100,to_date('18-MAR-22','DD-MON-RR'),to_date('18-MAR-22','DD-MON-RR'),'Y','N',null,null,null,null,null,null,null);
Insert into CBP_RULE (CBP_RULE_ID,CBP_RULE_SHORT_DESC,CBP_RULE_NAME,CBP_OBJECT_TYPE,CBP_CODE_TYPE_ID,CBP_IMP_TYPE_ID,CBP_CREATED_TIMESTAMP,CBP_UPDATED_TIMESTAMP,CBP_ADD_PARAM_ALLOWED,IS_DEPRECATED,DS_STAGE_TYPE,DS_ORCH_STAGE_IDENTIFIER,IS_DUMMY,IS_LEGACY,CBP_OBJECT_SUB_TYPE,EXCEPTION_COLUMN,ALLOW_EXCEPTIONS) values (99999999206,'Load Plan without Description','Load Plan without Description','Load Plan',2,1,to_date('18-MAR-22','DD-MON-RR'),to_date('18-MAR-22','DD-MON-RR'),'N','N',null,null,null,null,null,null,null);
Insert into CBP_RULE (CBP_RULE_ID,CBP_RULE_SHORT_DESC,CBP_RULE_NAME,CBP_OBJECT_TYPE,CBP_CODE_TYPE_ID,CBP_IMP_TYPE_ID,CBP_CREATED_TIMESTAMP,CBP_UPDATED_TIMESTAMP,CBP_ADD_PARAM_ALLOWED,IS_DEPRECATED,DS_STAGE_TYPE,DS_ORCH_STAGE_IDENTIFIER,IS_DUMMY,IS_LEGACY,CBP_OBJECT_SUB_TYPE,EXCEPTION_COLUMN,ALLOW_EXCEPTIONS) values (99999999207,'Missing Mandatory Documentation Tag in Load Plan Description','Missing Mandatory Documentation Tag in Load Plan Description','Load Plan',2,1100,to_date('18-MAR-22','DD-MON-RR'),to_date('18-MAR-22','DD-MON-RR'),'Y','N',null,null,null,null,null,null,null);
Insert into CBP_RULE (CBP_RULE_ID,CBP_RULE_SHORT_DESC,CBP_RULE_NAME,CBP_OBJECT_TYPE,CBP_CODE_TYPE_ID,CBP_IMP_TYPE_ID,CBP_CREATED_TIMESTAMP,CBP_UPDATED_TIMESTAMP,CBP_ADD_PARAM_ALLOWED,IS_DEPRECATED,DS_STAGE_TYPE,DS_ORCH_STAGE_IDENTIFIER,IS_DUMMY,IS_LEGACY,CBP_OBJECT_SUB_TYPE,EXCEPTION_COLUMN,ALLOW_EXCEPTIONS) values (99999999208,'Naming Convention Mapping (Including Shortcut) - Multiple Prefixes','Naming Convention Mapping (Including Shortcut) - Multiple Prefixes','Mapping',2,1000,to_date('18-MAR-22','DD-MON-RR'),to_date('18-MAR-22','DD-MON-RR'),'N','N',null,null,null,null,null,null,null);
Insert into CBP_RULE (CBP_RULE_ID,CBP_RULE_SHORT_DESC,CBP_RULE_NAME,CBP_OBJECT_TYPE,CBP_CODE_TYPE_ID,CBP_IMP_TYPE_ID,CBP_CREATED_TIMESTAMP,CBP_UPDATED_TIMESTAMP,CBP_ADD_PARAM_ALLOWED,IS_DEPRECATED,DS_STAGE_TYPE,DS_ORCH_STAGE_IDENTIFIER,IS_DUMMY,IS_LEGACY,CBP_OBJECT_SUB_TYPE,EXCEPTION_COLUMN,ALLOW_EXCEPTIONS) values (99999999209,'Naming Convention Package (Including Shortcut) - Multiple Prefixes','Naming Convention Package (Including Shortcut) - Multiple Prefixes','Package',2,1000,to_date('18-MAR-22','DD-MON-RR'),to_date('18-MAR-22','DD-MON-RR'),'N','N',null,null,null,null,null,null,null);
Insert into CBP_RULE (CBP_RULE_ID,CBP_RULE_SHORT_DESC,CBP_RULE_NAME,CBP_OBJECT_TYPE,CBP_CODE_TYPE_ID,CBP_IMP_TYPE_ID,CBP_CREATED_TIMESTAMP,CBP_UPDATED_TIMESTAMP,CBP_ADD_PARAM_ALLOWED,IS_DEPRECATED,DS_STAGE_TYPE,DS_ORCH_STAGE_IDENTIFIER,IS_DUMMY,IS_LEGACY,CBP_OBJECT_SUB_TYPE,EXCEPTION_COLUMN,ALLOW_EXCEPTIONS) values (99999999210,'Naming Convention Procedure (Including Shortcut) - Multiple Prefixes','Naming Convention Procedure (Including Shortcut) - Multiple Prefixes','Procedure',2,1000,to_date('18-MAR-22','DD-MON-RR'),to_date('18-MAR-22','DD-MON-RR'),'N','N',null,null,null,null,null,null,null);
Insert into CBP_RULE (CBP_RULE_ID,CBP_RULE_SHORT_DESC,CBP_RULE_NAME,CBP_OBJECT_TYPE,CBP_CODE_TYPE_ID,CBP_IMP_TYPE_ID,CBP_CREATED_TIMESTAMP,CBP_UPDATED_TIMESTAMP,CBP_ADD_PARAM_ALLOWED,IS_DEPRECATED,DS_STAGE_TYPE,DS_ORCH_STAGE_IDENTIFIER,IS_DUMMY,IS_LEGACY,CBP_OBJECT_SUB_TYPE,EXCEPTION_COLUMN,ALLOW_EXCEPTIONS) values (99999999211,'Naming Convention Datastore (Including Shortcut) - Multiple Prefixes','Naming Convention Datastore (Including Shortcut) - Multiple Prefixes','Model',2,1000,to_date('18-MAR-22','DD-MON-RR'),to_date('18-MAR-22','DD-MON-RR'),'N','N',null,null,null,null,null,null,null);
Insert into CBP_RULE (CBP_RULE_ID,CBP_RULE_SHORT_DESC,CBP_RULE_NAME,CBP_OBJECT_TYPE,CBP_CODE_TYPE_ID,CBP_IMP_TYPE_ID,CBP_CREATED_TIMESTAMP,CBP_UPDATED_TIMESTAMP,CBP_ADD_PARAM_ALLOWED,IS_DEPRECATED,DS_STAGE_TYPE,DS_ORCH_STAGE_IDENTIFIER,IS_DUMMY,IS_LEGACY,CBP_OBJECT_SUB_TYPE,EXCEPTION_COLUMN,ALLOW_EXCEPTIONS) values (99999999212,'Mapping - Mapping Expression is Big and Complex','Mapping - Mapping Expression is Big and Complex','Mapping',2,1,to_date('18-MAR-22','DD-MON-RR'),to_date('18-MAR-22','DD-MON-RR'),'N','N',null,null,null,null,null,null,null);
Insert into CBP_RULE (CBP_RULE_ID,CBP_RULE_SHORT_DESC,CBP_RULE_NAME,CBP_OBJECT_TYPE,CBP_CODE_TYPE_ID,CBP_IMP_TYPE_ID,CBP_CREATED_TIMESTAMP,CBP_UPDATED_TIMESTAMP,CBP_ADD_PARAM_ALLOWED,IS_DEPRECATED,DS_STAGE_TYPE,DS_ORCH_STAGE_IDENTIFIER,IS_DUMMY,IS_LEGACY,CBP_OBJECT_SUB_TYPE,EXCEPTION_COLUMN,ALLOW_EXCEPTIONS) values (99999999214,'Mapping has No Check Knowledge Module (CKM) applied - Compromising Data Quality','Mapping has No Check Knowledge Module (CKM) applied - Compromising Data Quality','Mapping',2,1,to_date('18-MAR-22','DD-MON-RR'),to_date('18-MAR-22','DD-MON-RR'),'N','N',null,null,null,null,null,null,null);
Insert into CBP_RULE (CBP_RULE_ID,CBP_RULE_SHORT_DESC,CBP_RULE_NAME,CBP_OBJECT_TYPE,CBP_CODE_TYPE_ID,CBP_IMP_TYPE_ID,CBP_CREATED_TIMESTAMP,CBP_UPDATED_TIMESTAMP,CBP_ADD_PARAM_ALLOWED,IS_DEPRECATED,DS_STAGE_TYPE,DS_ORCH_STAGE_IDENTIFIER,IS_DUMMY,IS_LEGACY,CBP_OBJECT_SUB_TYPE,EXCEPTION_COLUMN,ALLOW_EXCEPTIONS) values (99999999215,'Mapping - Latest Scenario not been Successfully ran on Repository at least once or No Scenario exists','Mapping - Latest Scenario not been Successfully ran on Repository at least once or No Scenario exists','Mapping',2,1,to_date('18-MAR-22','DD-MON-RR'),to_date('18-MAR-22','DD-MON-RR'),'N','N',null,null,null,null,null,null,null);
Insert into CBP_RULE (CBP_RULE_ID,CBP_RULE_SHORT_DESC,CBP_RULE_NAME,CBP_OBJECT_TYPE,CBP_CODE_TYPE_ID,CBP_IMP_TYPE_ID,CBP_CREATED_TIMESTAMP,CBP_UPDATED_TIMESTAMP,CBP_ADD_PARAM_ALLOWED,IS_DEPRECATED,DS_STAGE_TYPE,DS_ORCH_STAGE_IDENTIFIER,IS_DUMMY,IS_LEGACY,CBP_OBJECT_SUB_TYPE,EXCEPTION_COLUMN,ALLOW_EXCEPTIONS) values (99999999216,'Naming Convention User Functions','Naming Convention User Functions','User Function',2,3,to_date('18-MAR-22','DD-MON-RR'),to_date('18-MAR-22','DD-MON-RR'),'N','N',null,null,null,null,null,null,null);
Insert into CBP_RULE (CBP_RULE_ID,CBP_RULE_SHORT_DESC,CBP_RULE_NAME,CBP_OBJECT_TYPE,CBP_CODE_TYPE_ID,CBP_IMP_TYPE_ID,CBP_CREATED_TIMESTAMP,CBP_UPDATED_TIMESTAMP,CBP_ADD_PARAM_ALLOWED,IS_DEPRECATED,DS_STAGE_TYPE,DS_ORCH_STAGE_IDENTIFIER,IS_DUMMY,IS_LEGACY,CBP_OBJECT_SUB_TYPE,EXCEPTION_COLUMN,ALLOW_EXCEPTIONS) values (99999999217,'Load Plan and Scenario Folder without Description','Load Plan and Scenario Folder without Description','Folder - Load Plan and Scenario',2,1,to_date('18-MAR-22','DD-MON-RR'),to_date('18-MAR-22','DD-MON-RR'),'N','N',null,null,null,null,null,null,null);
Insert into CBP_RULE (CBP_RULE_ID,CBP_RULE_SHORT_DESC,CBP_RULE_NAME,CBP_OBJECT_TYPE,CBP_CODE_TYPE_ID,CBP_IMP_TYPE_ID,CBP_CREATED_TIMESTAMP,CBP_UPDATED_TIMESTAMP,CBP_ADD_PARAM_ALLOWED,IS_DEPRECATED,DS_STAGE_TYPE,DS_ORCH_STAGE_IDENTIFIER,IS_DUMMY,IS_LEGACY,CBP_OBJECT_SUB_TYPE,EXCEPTION_COLUMN,ALLOW_EXCEPTIONS) values (99999999221,'Scenario - Too many Tables Used in a Query','Scenario - Too many Tables Used in a Query','Scenario',2,1200,to_date('18-MAR-22','DD-MON-RR'),to_date('18-MAR-22','DD-MON-RR'),'N','N',null,null,null,null,null,null,null);
Insert into CBP_RULE (CBP_RULE_ID,CBP_RULE_SHORT_DESC,CBP_RULE_NAME,CBP_OBJECT_TYPE,CBP_CODE_TYPE_ID,CBP_IMP_TYPE_ID,CBP_CREATED_TIMESTAMP,CBP_UPDATED_TIMESTAMP,CBP_ADD_PARAM_ALLOWED,IS_DEPRECATED,DS_STAGE_TYPE,DS_ORCH_STAGE_IDENTIFIER,IS_DUMMY,IS_LEGACY,CBP_OBJECT_SUB_TYPE,EXCEPTION_COLUMN,ALLOW_EXCEPTIONS) values (99999999222,'Scenario - Too many Joins Used in a Query','Scenario - Too many Joins Used in a Query','Scenario',2,1200,to_date('18-MAR-22','DD-MON-RR'),to_date('18-MAR-22','DD-MON-RR'),'N','N',null,null,null,null,null,null,null);
Insert into CBP_RULE (CBP_RULE_ID,CBP_RULE_SHORT_DESC,CBP_RULE_NAME,CBP_OBJECT_TYPE,CBP_CODE_TYPE_ID,CBP_IMP_TYPE_ID,CBP_CREATED_TIMESTAMP,CBP_UPDATED_TIMESTAMP,CBP_ADD_PARAM_ALLOWED,IS_DEPRECATED,DS_STAGE_TYPE,DS_ORCH_STAGE_IDENTIFIER,IS_DUMMY,IS_LEGACY,CBP_OBJECT_SUB_TYPE,EXCEPTION_COLUMN,ALLOW_EXCEPTIONS) values (99999999223,'Scenario - Too many In-line Views Used in a Query','Scenario - Too many In-line Views Used in a Query','Scenario',2,1200,to_date('18-MAR-22','DD-MON-RR'),to_date('18-MAR-22','DD-MON-RR'),'N','N',null,null,null,null,null,null,null);
Insert into CBP_RULE (CBP_RULE_ID,CBP_RULE_SHORT_DESC,CBP_RULE_NAME,CBP_OBJECT_TYPE,CBP_CODE_TYPE_ID,CBP_IMP_TYPE_ID,CBP_CREATED_TIMESTAMP,CBP_UPDATED_TIMESTAMP,CBP_ADD_PARAM_ALLOWED,IS_DEPRECATED,DS_STAGE_TYPE,DS_ORCH_STAGE_IDENTIFIER,IS_DUMMY,IS_LEGACY,CBP_OBJECT_SUB_TYPE,EXCEPTION_COLUMN,ALLOW_EXCEPTIONS) values (99999999224,'Scenario - Too many Columns in the Order By Clauses in a Query','Scenario - Too many Columns in the Order By Clauses in a Query','Scenario',2,1200,to_date('18-MAR-22','DD-MON-RR'),to_date('18-MAR-22','DD-MON-RR'),'N','N',null,null,null,null,null,null,null);
Insert into CBP_RULE (CBP_RULE_ID,CBP_RULE_SHORT_DESC,CBP_RULE_NAME,CBP_OBJECT_TYPE,CBP_CODE_TYPE_ID,CBP_IMP_TYPE_ID,CBP_CREATED_TIMESTAMP,CBP_UPDATED_TIMESTAMP,CBP_ADD_PARAM_ALLOWED,IS_DEPRECATED,DS_STAGE_TYPE,DS_ORCH_STAGE_IDENTIFIER,IS_DUMMY,IS_LEGACY,CBP_OBJECT_SUB_TYPE,EXCEPTION_COLUMN,ALLOW_EXCEPTIONS) values (99999999225,'Scenario - Too many Order By Clauses in a Query','Scenario - Too many Order By Clauses in a Query','Scenario',2,1200,to_date('18-MAR-22','DD-MON-RR'),to_date('18-MAR-22','DD-MON-RR'),'N','N',null,null,null,null,null,null,null);
Insert into CBP_RULE (CBP_RULE_ID,CBP_RULE_SHORT_DESC,CBP_RULE_NAME,CBP_OBJECT_TYPE,CBP_CODE_TYPE_ID,CBP_IMP_TYPE_ID,CBP_CREATED_TIMESTAMP,CBP_UPDATED_TIMESTAMP,CBP_ADD_PARAM_ALLOWED,IS_DEPRECATED,DS_STAGE_TYPE,DS_ORCH_STAGE_IDENTIFIER,IS_DUMMY,IS_LEGACY,CBP_OBJECT_SUB_TYPE,EXCEPTION_COLUMN,ALLOW_EXCEPTIONS) values (99999999226,'Scenario - has Hard-coded Schema','Scenario - has Hard-coded Schema','Scenario',2,1200,to_date('18-MAR-22','DD-MON-RR'),to_date('18-MAR-22','DD-MON-RR'),'N','N',null,null,null,null,null,null,null);

Insert into CBP_PARAMETER (CBP_PARAMETER_ID,CBP_PARAMETER_NAME,CBP_PARAMETER_DEFAULT_VALUE,CBP_PARAMETER_SITE_VALUE,CBP_PARAMETER_DESCRIPTION,CBP_PARAMETER_KEYWORD,CBP_PARAMETER_PLACE_HOLDER,CBP_PARAMETER_DATA_TYPE,CBP_PATTERN_ID,CBP_CREATED_TIMESTAMP,CBP_UPDATED_TIMESTAMP,CBP_CONFIGURABLE,CBP_IS_PROJECT_SPECIFIC,IS_EXCEPTION,IS_LIST,IS_REGEX) values (99999999111,'Naming Convention Package - Prefix','pack_',null,'Naming Convention Package - Prefix',null,'COEURDATA_PACK_NAME_CONVENTION_PREFIX','STRING',15,to_date('18-MAR-22','DD-MON-RR'),to_date('18-MAR-22','DD-MON-RR'),'Y','N',null,null,null);
Insert into CBP_PARAMETER (CBP_PARAMETER_ID,CBP_PARAMETER_NAME,CBP_PARAMETER_DEFAULT_VALUE,CBP_PARAMETER_SITE_VALUE,CBP_PARAMETER_DESCRIPTION,CBP_PARAMETER_KEYWORD,CBP_PARAMETER_PLACE_HOLDER,CBP_PARAMETER_DATA_TYPE,CBP_PATTERN_ID,CBP_CREATED_TIMESTAMP,CBP_UPDATED_TIMESTAMP,CBP_CONFIGURABLE,CBP_IS_PROJECT_SPECIFIC,IS_EXCEPTION,IS_LIST,IS_REGEX) values (99999999112,'Naming Convention Package - Suffix',null,null,'Naming Convention Package - Suffix',null,'COEURDATA_PACK_NAME_CONVENTION_SUFFIX','STRING',25,to_date('18-MAR-22','DD-MON-RR'),to_date('18-MAR-22','DD-MON-RR'),'Y','N',null,null,null);
Insert into CBP_PARAMETER (CBP_PARAMETER_ID,CBP_PARAMETER_NAME,CBP_PARAMETER_DEFAULT_VALUE,CBP_PARAMETER_SITE_VALUE,CBP_PARAMETER_DESCRIPTION,CBP_PARAMETER_KEYWORD,CBP_PARAMETER_PLACE_HOLDER,CBP_PARAMETER_DATA_TYPE,CBP_PATTERN_ID,CBP_CREATED_TIMESTAMP,CBP_UPDATED_TIMESTAMP,CBP_CONFIGURABLE,CBP_IS_PROJECT_SPECIFIC,IS_EXCEPTION,IS_LIST,IS_REGEX) values (99999999113,'Naming Convention Mapping - Prefix','int_',null,'Naming Convention Mapping - Prefix',null,'COEURDATA_INT_NAME_CONVENTION_PREFIX','STRING',15,to_date('18-MAR-22','DD-MON-RR'),to_date('18-MAR-22','DD-MON-RR'),'Y','N',null,null,null);
Insert into CBP_PARAMETER (CBP_PARAMETER_ID,CBP_PARAMETER_NAME,CBP_PARAMETER_DEFAULT_VALUE,CBP_PARAMETER_SITE_VALUE,CBP_PARAMETER_DESCRIPTION,CBP_PARAMETER_KEYWORD,CBP_PARAMETER_PLACE_HOLDER,CBP_PARAMETER_DATA_TYPE,CBP_PATTERN_ID,CBP_CREATED_TIMESTAMP,CBP_UPDATED_TIMESTAMP,CBP_CONFIGURABLE,CBP_IS_PROJECT_SPECIFIC,IS_EXCEPTION,IS_LIST,IS_REGEX) values (99999999114,'Naming Convention Mapping - Suffix',null,null,'Naming Convention Mapping - Suffix',null,'COEURDATA_INT_NAME_CONVENTION_SUFFIX','STRING',25,to_date('18-MAR-22','DD-MON-RR'),to_date('18-MAR-22','DD-MON-RR'),'Y','N',null,null,null);
Insert into CBP_PARAMETER (CBP_PARAMETER_ID,CBP_PARAMETER_NAME,CBP_PARAMETER_DEFAULT_VALUE,CBP_PARAMETER_SITE_VALUE,CBP_PARAMETER_DESCRIPTION,CBP_PARAMETER_KEYWORD,CBP_PARAMETER_PLACE_HOLDER,CBP_PARAMETER_DATA_TYPE,CBP_PATTERN_ID,CBP_CREATED_TIMESTAMP,CBP_UPDATED_TIMESTAMP,CBP_CONFIGURABLE,CBP_IS_PROJECT_SPECIFIC,IS_EXCEPTION,IS_LIST,IS_REGEX) values (99999999115,'Naming Convention Procedure - Prefix','proc_',null,'Naming Convention Procedure - Prefix',null,'COEURDATA_PROC_NAME_CONVENTION_PREFIX','STRING',15,to_date('18-MAR-22','DD-MON-RR'),to_date('18-MAR-22','DD-MON-RR'),'Y','N',null,null,null);
Insert into CBP_PARAMETER (CBP_PARAMETER_ID,CBP_PARAMETER_NAME,CBP_PARAMETER_DEFAULT_VALUE,CBP_PARAMETER_SITE_VALUE,CBP_PARAMETER_DESCRIPTION,CBP_PARAMETER_KEYWORD,CBP_PARAMETER_PLACE_HOLDER,CBP_PARAMETER_DATA_TYPE,CBP_PATTERN_ID,CBP_CREATED_TIMESTAMP,CBP_UPDATED_TIMESTAMP,CBP_CONFIGURABLE,CBP_IS_PROJECT_SPECIFIC,IS_EXCEPTION,IS_LIST,IS_REGEX) values (99999999116,'Naming Convention Procedure - Suffix',null,null,'Naming Convention Procedure - Suffix',null,'COEURDATA_PROC_NAME_CONVENTION_SUFFIX','STRING',25,to_date('18-MAR-22','DD-MON-RR'),to_date('18-MAR-22','DD-MON-RR'),'Y','N',null,null,null);
Insert into CBP_PARAMETER (CBP_PARAMETER_ID,CBP_PARAMETER_NAME,CBP_PARAMETER_DEFAULT_VALUE,CBP_PARAMETER_SITE_VALUE,CBP_PARAMETER_DESCRIPTION,CBP_PARAMETER_KEYWORD,CBP_PARAMETER_PLACE_HOLDER,CBP_PARAMETER_DATA_TYPE,CBP_PATTERN_ID,CBP_CREATED_TIMESTAMP,CBP_UPDATED_TIMESTAMP,CBP_CONFIGURABLE,CBP_IS_PROJECT_SPECIFIC,IS_EXCEPTION,IS_LIST,IS_REGEX) values (99999999117,'Naming Convention Variable - Prefix','var_',null,'Naming Convention Variable - Prefix',null,'COEURDATA_VAR_NAME_CONVENTION_PREFIX','STRING',15,to_date('18-MAR-22','DD-MON-RR'),to_date('18-MAR-22','DD-MON-RR'),'Y','N',null,null,null);
Insert into CBP_PARAMETER (CBP_PARAMETER_ID,CBP_PARAMETER_NAME,CBP_PARAMETER_DEFAULT_VALUE,CBP_PARAMETER_SITE_VALUE,CBP_PARAMETER_DESCRIPTION,CBP_PARAMETER_KEYWORD,CBP_PARAMETER_PLACE_HOLDER,CBP_PARAMETER_DATA_TYPE,CBP_PATTERN_ID,CBP_CREATED_TIMESTAMP,CBP_UPDATED_TIMESTAMP,CBP_CONFIGURABLE,CBP_IS_PROJECT_SPECIFIC,IS_EXCEPTION,IS_LIST,IS_REGEX) values (99999999118,'Naming Convention Variable - Suffix',null,null,'Naming Convention Variable - Suffix',null,'COEURDATA_VAR_NAME_CONVENTION_SUFFIX','STRING',25,to_date('18-MAR-22','DD-MON-RR'),to_date('18-MAR-22','DD-MON-RR'),'Y','N',null,null,null);
Insert into CBP_PARAMETER (CBP_PARAMETER_ID,CBP_PARAMETER_NAME,CBP_PARAMETER_DEFAULT_VALUE,CBP_PARAMETER_SITE_VALUE,CBP_PARAMETER_DESCRIPTION,CBP_PARAMETER_KEYWORD,CBP_PARAMETER_PLACE_HOLDER,CBP_PARAMETER_DATA_TYPE,CBP_PATTERN_ID,CBP_CREATED_TIMESTAMP,CBP_UPDATED_TIMESTAMP,CBP_CONFIGURABLE,CBP_IS_PROJECT_SPECIFIC,IS_EXCEPTION,IS_LIST,IS_REGEX) values (99999999119,'Naming Convention Datastore - Prefix','VALUE_NOT_SET',null,'Naming Convention Datastore - Prefix',null,'COEURDATA_DS_NAME_CONVENTION_PREFIX','STRING',15,to_date('18-MAR-22','DD-MON-RR'),to_date('18-MAR-22','DD-MON-RR'),'Y','N',null,null,null);
Insert into CBP_PARAMETER (CBP_PARAMETER_ID,CBP_PARAMETER_NAME,CBP_PARAMETER_DEFAULT_VALUE,CBP_PARAMETER_SITE_VALUE,CBP_PARAMETER_DESCRIPTION,CBP_PARAMETER_KEYWORD,CBP_PARAMETER_PLACE_HOLDER,CBP_PARAMETER_DATA_TYPE,CBP_PATTERN_ID,CBP_CREATED_TIMESTAMP,CBP_UPDATED_TIMESTAMP,CBP_CONFIGURABLE,CBP_IS_PROJECT_SPECIFIC,IS_EXCEPTION,IS_LIST,IS_REGEX) values (99999999120,'Naming Convention Datastore - Suffix',null,null,'Naming Convention Datastore - Suffix',null,'COEURDATA_DS_NAME_CONVENTION_SUFFIX','STRING',25,to_date('18-MAR-22','DD-MON-RR'),to_date('18-MAR-22','DD-MON-RR'),'Y','N',null,null,null);
Insert into CBP_PARAMETER (CBP_PARAMETER_ID,CBP_PARAMETER_NAME,CBP_PARAMETER_DEFAULT_VALUE,CBP_PARAMETER_SITE_VALUE,CBP_PARAMETER_DESCRIPTION,CBP_PARAMETER_KEYWORD,CBP_PARAMETER_PLACE_HOLDER,CBP_PARAMETER_DATA_TYPE,CBP_PATTERN_ID,CBP_CREATED_TIMESTAMP,CBP_UPDATED_TIMESTAMP,CBP_CONFIGURABLE,CBP_IS_PROJECT_SPECIFIC,IS_EXCEPTION,IS_LIST,IS_REGEX) values (99999999121,'Naming Convention Load Plan - Prefix','lp_',null,'Naming Convention Load Plan - Prefix',null,'COEURDATA_LP_NAME_CONVENTION_PREFIX','STRING',15,to_date('18-MAR-22','DD-MON-RR'),to_date('18-MAR-22','DD-MON-RR'),'Y','N',null,null,null);
Insert into CBP_PARAMETER (CBP_PARAMETER_ID,CBP_PARAMETER_NAME,CBP_PARAMETER_DEFAULT_VALUE,CBP_PARAMETER_SITE_VALUE,CBP_PARAMETER_DESCRIPTION,CBP_PARAMETER_KEYWORD,CBP_PARAMETER_PLACE_HOLDER,CBP_PARAMETER_DATA_TYPE,CBP_PATTERN_ID,CBP_CREATED_TIMESTAMP,CBP_UPDATED_TIMESTAMP,CBP_CONFIGURABLE,CBP_IS_PROJECT_SPECIFIC,IS_EXCEPTION,IS_LIST,IS_REGEX) values (99999999122,'Naming Convention Load Plan - Suffix',null,null,'Naming Convention Load Plan - Suffix',null,'COEURDATA_LP_NAME_CONVENTION_SUFFIX','STRING',25,to_date('18-MAR-22','DD-MON-RR'),to_date('18-MAR-22','DD-MON-RR'),'Y','N',null,null,null);
Insert into CBP_PARAMETER (CBP_PARAMETER_ID,CBP_PARAMETER_NAME,CBP_PARAMETER_DEFAULT_VALUE,CBP_PARAMETER_SITE_VALUE,CBP_PARAMETER_DESCRIPTION,CBP_PARAMETER_KEYWORD,CBP_PARAMETER_PLACE_HOLDER,CBP_PARAMETER_DATA_TYPE,CBP_PATTERN_ID,CBP_CREATED_TIMESTAMP,CBP_UPDATED_TIMESTAMP,CBP_CONFIGURABLE,CBP_IS_PROJECT_SPECIFIC,IS_EXCEPTION,IS_LIST,IS_REGEX) values (99999999123,'Naming Convention Senario - Prefix','scen_',null,'Naming Convention Senario - Prefix',null,'COEURDATA_SCEN_NAME_CONVENTION_PREFIX','STRING',15,to_date('18-MAR-22','DD-MON-RR'),to_date('18-MAR-22','DD-MON-RR'),'Y','N',null,null,null);
Insert into CBP_PARAMETER (CBP_PARAMETER_ID,CBP_PARAMETER_NAME,CBP_PARAMETER_DEFAULT_VALUE,CBP_PARAMETER_SITE_VALUE,CBP_PARAMETER_DESCRIPTION,CBP_PARAMETER_KEYWORD,CBP_PARAMETER_PLACE_HOLDER,CBP_PARAMETER_DATA_TYPE,CBP_PATTERN_ID,CBP_CREATED_TIMESTAMP,CBP_UPDATED_TIMESTAMP,CBP_CONFIGURABLE,CBP_IS_PROJECT_SPECIFIC,IS_EXCEPTION,IS_LIST,IS_REGEX) values (99999999124,'Naming Convention Senario - Suffix',null,null,'Naming Convention Senario - Suffix',null,'COEURDATA_SCEN_NAME_CONVENTION_SUFFIX','STRING',25,to_date('18-MAR-22','DD-MON-RR'),to_date('18-MAR-22','DD-MON-RR'),'Y','N',null,null,null);
Insert into CBP_PARAMETER (CBP_PARAMETER_ID,CBP_PARAMETER_NAME,CBP_PARAMETER_DEFAULT_VALUE,CBP_PARAMETER_SITE_VALUE,CBP_PARAMETER_DESCRIPTION,CBP_PARAMETER_KEYWORD,CBP_PARAMETER_PLACE_HOLDER,CBP_PARAMETER_DATA_TYPE,CBP_PATTERN_ID,CBP_CREATED_TIMESTAMP,CBP_UPDATED_TIMESTAMP,CBP_CONFIGURABLE,CBP_IS_PROJECT_SPECIFIC,IS_EXCEPTION,IS_LIST,IS_REGEX) values (99999999131,'Maximum Number of Lookups in each of Mapping','1',null,'Maximum Number of Lookups in each of Mapping',null,'COEURDATA_MAX_LKP_PER_INT_PER_DS','NUMBER',null,to_date('18-MAR-22','DD-MON-RR'),to_date('18-MAR-22','DD-MON-RR'),'Y','N',null,null,null);
Insert into CBP_PARAMETER (CBP_PARAMETER_ID,CBP_PARAMETER_NAME,CBP_PARAMETER_DEFAULT_VALUE,CBP_PARAMETER_SITE_VALUE,CBP_PARAMETER_DESCRIPTION,CBP_PARAMETER_KEYWORD,CBP_PARAMETER_PLACE_HOLDER,CBP_PARAMETER_DATA_TYPE,CBP_PATTERN_ID,CBP_CREATED_TIMESTAMP,CBP_UPDATED_TIMESTAMP,CBP_CONFIGURABLE,CBP_IS_PROJECT_SPECIFIC,IS_EXCEPTION,IS_LIST,IS_REGEX) values (99999999132,'Maximum Number of Source Data Stores in Mapping','2',null,'Maximum Number of Source Data Stores in Mapping',null,'COEURDATA_MAX_SRC_PER_MAP','NUMBER',null,to_date('18-MAR-22','DD-MON-RR'),to_date('18-MAR-22','DD-MON-RR'),'Y','N',null,null,null);
Insert into CBP_PARAMETER (CBP_PARAMETER_ID,CBP_PARAMETER_NAME,CBP_PARAMETER_DEFAULT_VALUE,CBP_PARAMETER_SITE_VALUE,CBP_PARAMETER_DESCRIPTION,CBP_PARAMETER_KEYWORD,CBP_PARAMETER_PLACE_HOLDER,CBP_PARAMETER_DATA_TYPE,CBP_PATTERN_ID,CBP_CREATED_TIMESTAMP,CBP_UPDATED_TIMESTAMP,CBP_CONFIGURABLE,CBP_IS_PROJECT_SPECIFIC,IS_EXCEPTION,IS_LIST,IS_REGEX) values (99999998849,'Mandatory Documentation Tag in Procedure Description','VALUE_NOT_SET',null,'Mandatory Documentation Tag in Procedure Description',null,'COEURDATA_UNUSED_PLACEHOLDER','STRING',1050,to_date('18-MAR-22','DD-MON-RR'),to_date('18-MAR-22','DD-MON-RR'),'Y','N',null,null,null);
Insert into CBP_PARAMETER (CBP_PARAMETER_ID,CBP_PARAMETER_NAME,CBP_PARAMETER_DEFAULT_VALUE,CBP_PARAMETER_SITE_VALUE,CBP_PARAMETER_DESCRIPTION,CBP_PARAMETER_KEYWORD,CBP_PARAMETER_PLACE_HOLDER,CBP_PARAMETER_DATA_TYPE,CBP_PATTERN_ID,CBP_CREATED_TIMESTAMP,CBP_UPDATED_TIMESTAMP,CBP_CONFIGURABLE,CBP_IS_PROJECT_SPECIFIC,IS_EXCEPTION,IS_LIST,IS_REGEX) values (99999998848,'Free Search on Procedure Command on Target - Keyword','VALUE_NOT_SET',null,'Free Search on Procedure Command on Target - Keyword',null,'COEURDATA_UNUSED_PLACEHOLDER','STRING',120,to_date('18-MAR-22','DD-MON-RR'),to_date('18-MAR-22','DD-MON-RR'),'Y','Y',null,null,null);
Insert into CBP_PARAMETER (CBP_PARAMETER_ID,CBP_PARAMETER_NAME,CBP_PARAMETER_DEFAULT_VALUE,CBP_PARAMETER_SITE_VALUE,CBP_PARAMETER_DESCRIPTION,CBP_PARAMETER_KEYWORD,CBP_PARAMETER_PLACE_HOLDER,CBP_PARAMETER_DATA_TYPE,CBP_PATTERN_ID,CBP_CREATED_TIMESTAMP,CBP_UPDATED_TIMESTAMP,CBP_CONFIGURABLE,CBP_IS_PROJECT_SPECIFIC,IS_EXCEPTION,IS_LIST,IS_REGEX) values (99999998847,'Free Search on Procedure Command on Target - Keyword','VALUE_NOT_SET',null,'Free Search on Procedure Command on Target - Keyword',null,'COEURDATA_UNUSED_PLACEHOLDER','STRING',1050,to_date('18-MAR-22','DD-MON-RR'),to_date('18-MAR-22','DD-MON-RR'),'Y','Y',null,null,null);
Insert into CBP_PARAMETER (CBP_PARAMETER_ID,CBP_PARAMETER_NAME,CBP_PARAMETER_DEFAULT_VALUE,CBP_PARAMETER_SITE_VALUE,CBP_PARAMETER_DESCRIPTION,CBP_PARAMETER_KEYWORD,CBP_PARAMETER_PLACE_HOLDER,CBP_PARAMETER_DATA_TYPE,CBP_PATTERN_ID,CBP_CREATED_TIMESTAMP,CBP_UPDATED_TIMESTAMP,CBP_CONFIGURABLE,CBP_IS_PROJECT_SPECIFIC,IS_EXCEPTION,IS_LIST,IS_REGEX) values (99999998846,'Free Search on Procedure Command on Source - Keyword','VALUE_NOT_SET',null,'Free Search on Procedure Command on Source - Keyword',null,'COEURDATA_UNUSED_PLACEHOLDER','STRING',120,to_date('18-MAR-22','DD-MON-RR'),to_date('18-MAR-22','DD-MON-RR'),'Y','Y',null,null,null);
Insert into CBP_PARAMETER (CBP_PARAMETER_ID,CBP_PARAMETER_NAME,CBP_PARAMETER_DEFAULT_VALUE,CBP_PARAMETER_SITE_VALUE,CBP_PARAMETER_DESCRIPTION,CBP_PARAMETER_KEYWORD,CBP_PARAMETER_PLACE_HOLDER,CBP_PARAMETER_DATA_TYPE,CBP_PATTERN_ID,CBP_CREATED_TIMESTAMP,CBP_UPDATED_TIMESTAMP,CBP_CONFIGURABLE,CBP_IS_PROJECT_SPECIFIC,IS_EXCEPTION,IS_LIST,IS_REGEX) values (99999998845,'Free Search on Procedure Command on Source - Keyword','VALUE_NOT_SET',null,'Free Search on Procedure Command on Source - Keyword',null,'COEURDATA_UNUSED_PLACEHOLDER','STRING',1050,to_date('18-MAR-22','DD-MON-RR'),to_date('18-MAR-22','DD-MON-RR'),'Y','Y',null,null,null);
Insert into CBP_PARAMETER (CBP_PARAMETER_ID,CBP_PARAMETER_NAME,CBP_PARAMETER_DEFAULT_VALUE,CBP_PARAMETER_SITE_VALUE,CBP_PARAMETER_DESCRIPTION,CBP_PARAMETER_KEYWORD,CBP_PARAMETER_PLACE_HOLDER,CBP_PARAMETER_DATA_TYPE,CBP_PATTERN_ID,CBP_CREATED_TIMESTAMP,CBP_UPDATED_TIMESTAMP,CBP_CONFIGURABLE,CBP_IS_PROJECT_SPECIFIC,IS_EXCEPTION,IS_LIST,IS_REGEX) values (99999998844,'Mandatory Command(s) in Procedure','VALUE_NOT_SET',null,'Mandatory Command(s) in Procedure',null,'COEURDATA_UNUSED_PLACEHOLDER','STRING',1050,to_date('18-MAR-22','DD-MON-RR'),to_date('18-MAR-22','DD-MON-RR'),'Y','N',null,null,null);
Insert into CBP_PARAMETER (CBP_PARAMETER_ID,CBP_PARAMETER_NAME,CBP_PARAMETER_DEFAULT_VALUE,CBP_PARAMETER_SITE_VALUE,CBP_PARAMETER_DESCRIPTION,CBP_PARAMETER_KEYWORD,CBP_PARAMETER_PLACE_HOLDER,CBP_PARAMETER_DATA_TYPE,CBP_PATTERN_ID,CBP_CREATED_TIMESTAMP,CBP_UPDATED_TIMESTAMP,CBP_CONFIGURABLE,CBP_IS_PROJECT_SPECIFIC,IS_EXCEPTION,IS_LIST,IS_REGEX) values (99999998749,'Mandatory Documentation Tag in Knowledge Module Description','VALUE_NOT_SET',null,'Mandatory Documentation Tag in Knowledge Module Description',null,'COEURDATA_UNUSED_PLACEHOLDER','STRING',1050,to_date('18-MAR-22','DD-MON-RR'),to_date('18-MAR-22','DD-MON-RR'),'Y','N',null,null,null);
Insert into CBP_PARAMETER (CBP_PARAMETER_ID,CBP_PARAMETER_NAME,CBP_PARAMETER_DEFAULT_VALUE,CBP_PARAMETER_SITE_VALUE,CBP_PARAMETER_DESCRIPTION,CBP_PARAMETER_KEYWORD,CBP_PARAMETER_PLACE_HOLDER,CBP_PARAMETER_DATA_TYPE,CBP_PATTERN_ID,CBP_CREATED_TIMESTAMP,CBP_UPDATED_TIMESTAMP,CBP_CONFIGURABLE,CBP_IS_PROJECT_SPECIFIC,IS_EXCEPTION,IS_LIST,IS_REGEX) values (99999998748,'Free Search on Knowledge Module Command on Target - Keyword','VALUE_NOT_SET',null,'Free Search on Knowledge Module Command on Target - Keyword',null,'COEURDATA_UNUSED_PLACEHOLDER','STRING',120,to_date('18-MAR-22','DD-MON-RR'),to_date('18-MAR-22','DD-MON-RR'),'Y','Y',null,null,null);
Insert into CBP_PARAMETER (CBP_PARAMETER_ID,CBP_PARAMETER_NAME,CBP_PARAMETER_DEFAULT_VALUE,CBP_PARAMETER_SITE_VALUE,CBP_PARAMETER_DESCRIPTION,CBP_PARAMETER_KEYWORD,CBP_PARAMETER_PLACE_HOLDER,CBP_PARAMETER_DATA_TYPE,CBP_PATTERN_ID,CBP_CREATED_TIMESTAMP,CBP_UPDATED_TIMESTAMP,CBP_CONFIGURABLE,CBP_IS_PROJECT_SPECIFIC,IS_EXCEPTION,IS_LIST,IS_REGEX) values (99999998747,'Free Search on Knowledge Module Command on Target - Keyword','VALUE_NOT_SET',null,'Free Search on Knowledge Module Command on Target - Keyword',null,'COEURDATA_UNUSED_PLACEHOLDER','STRING',1050,to_date('18-MAR-22','DD-MON-RR'),to_date('18-MAR-22','DD-MON-RR'),'Y','Y',null,null,null);
Insert into CBP_PARAMETER (CBP_PARAMETER_ID,CBP_PARAMETER_NAME,CBP_PARAMETER_DEFAULT_VALUE,CBP_PARAMETER_SITE_VALUE,CBP_PARAMETER_DESCRIPTION,CBP_PARAMETER_KEYWORD,CBP_PARAMETER_PLACE_HOLDER,CBP_PARAMETER_DATA_TYPE,CBP_PATTERN_ID,CBP_CREATED_TIMESTAMP,CBP_UPDATED_TIMESTAMP,CBP_CONFIGURABLE,CBP_IS_PROJECT_SPECIFIC,IS_EXCEPTION,IS_LIST,IS_REGEX) values (99999998746,'Free Search on Knowledge Module Command on Source - Keyword','VALUE_NOT_SET',null,'Free Search on Knowledge Module Command on Source - Keyword',null,'COEURDATA_UNUSED_PLACEHOLDER','STRING',120,to_date('18-MAR-22','DD-MON-RR'),to_date('18-MAR-22','DD-MON-RR'),'Y','Y',null,null,null);
Insert into CBP_PARAMETER (CBP_PARAMETER_ID,CBP_PARAMETER_NAME,CBP_PARAMETER_DEFAULT_VALUE,CBP_PARAMETER_SITE_VALUE,CBP_PARAMETER_DESCRIPTION,CBP_PARAMETER_KEYWORD,CBP_PARAMETER_PLACE_HOLDER,CBP_PARAMETER_DATA_TYPE,CBP_PATTERN_ID,CBP_CREATED_TIMESTAMP,CBP_UPDATED_TIMESTAMP,CBP_CONFIGURABLE,CBP_IS_PROJECT_SPECIFIC,IS_EXCEPTION,IS_LIST,IS_REGEX) values (99999998745,'Free Search on Knowledge Module Command on Source - Keyword','VALUE_NOT_SET',null,'Free Search on Knowledge Module Command on Source - Keyword',null,'COEURDATA_UNUSED_PLACEHOLDER','STRING',1050,to_date('18-MAR-22','DD-MON-RR'),to_date('18-MAR-22','DD-MON-RR'),'Y','Y',null,null,null);
Insert into CBP_PARAMETER (CBP_PARAMETER_ID,CBP_PARAMETER_NAME,CBP_PARAMETER_DEFAULT_VALUE,CBP_PARAMETER_SITE_VALUE,CBP_PARAMETER_DESCRIPTION,CBP_PARAMETER_KEYWORD,CBP_PARAMETER_PLACE_HOLDER,CBP_PARAMETER_DATA_TYPE,CBP_PATTERN_ID,CBP_CREATED_TIMESTAMP,CBP_UPDATED_TIMESTAMP,CBP_CONFIGURABLE,CBP_IS_PROJECT_SPECIFIC,IS_EXCEPTION,IS_LIST,IS_REGEX) values (99999998744,'Mandatory Command(s) in Knowledge Module','VALUE_NOT_SET',null,'Mandatory Command(s) in Knowledge Module',null,'COEURDATA_UNUSED_PLACEHOLDER','STRING',1050,to_date('18-MAR-22','DD-MON-RR'),to_date('18-MAR-22','DD-MON-RR'),'Y','N',null,null,null);
Insert into CBP_PARAMETER (CBP_PARAMETER_ID,CBP_PARAMETER_NAME,CBP_PARAMETER_DEFAULT_VALUE,CBP_PARAMETER_SITE_VALUE,CBP_PARAMETER_DESCRIPTION,CBP_PARAMETER_KEYWORD,CBP_PARAMETER_PLACE_HOLDER,CBP_PARAMETER_DATA_TYPE,CBP_PATTERN_ID,CBP_CREATED_TIMESTAMP,CBP_UPDATED_TIMESTAMP,CBP_CONFIGURABLE,CBP_IS_PROJECT_SPECIFIC,IS_EXCEPTION,IS_LIST,IS_REGEX) values (99999998739,'Free Search on Mapping Lookup Expression - Keyword','VALUE_NOT_SET',null,'Free Search on Mapping Lookup Expression - Keyword',null,'COEURDATA_UNUSED_PLACEHOLDER','STRING',120,to_date('18-MAR-22','DD-MON-RR'),to_date('18-MAR-22','DD-MON-RR'),'Y','Y',null,null,null);
Insert into CBP_PARAMETER (CBP_PARAMETER_ID,CBP_PARAMETER_NAME,CBP_PARAMETER_DEFAULT_VALUE,CBP_PARAMETER_SITE_VALUE,CBP_PARAMETER_DESCRIPTION,CBP_PARAMETER_KEYWORD,CBP_PARAMETER_PLACE_HOLDER,CBP_PARAMETER_DATA_TYPE,CBP_PATTERN_ID,CBP_CREATED_TIMESTAMP,CBP_UPDATED_TIMESTAMP,CBP_CONFIGURABLE,CBP_IS_PROJECT_SPECIFIC,IS_EXCEPTION,IS_LIST,IS_REGEX) values (99999998738,'Free Search on Mapping Join Expression - Keyword','VALUE_NOT_SET',null,'Free Search on Mapping Join Expression - Keyword',null,'COEURDATA_UNUSED_PLACEHOLDER','STRING',120,to_date('18-MAR-22','DD-MON-RR'),to_date('18-MAR-22','DD-MON-RR'),'Y','Y',null,null,null);
Insert into CBP_PARAMETER (CBP_PARAMETER_ID,CBP_PARAMETER_NAME,CBP_PARAMETER_DEFAULT_VALUE,CBP_PARAMETER_SITE_VALUE,CBP_PARAMETER_DESCRIPTION,CBP_PARAMETER_KEYWORD,CBP_PARAMETER_PLACE_HOLDER,CBP_PARAMETER_DATA_TYPE,CBP_PATTERN_ID,CBP_CREATED_TIMESTAMP,CBP_UPDATED_TIMESTAMP,CBP_CONFIGURABLE,CBP_IS_PROJECT_SPECIFIC,IS_EXCEPTION,IS_LIST,IS_REGEX) values (99999998737,'Free Search on Mapping Filter Expression - Keyword','VALUE_NOT_SET',null,'Free Search on Mapping Filter Expression - Keyword',null,'COEURDATA_UNUSED_PLACEHOLDER','STRING',120,to_date('18-MAR-22','DD-MON-RR'),to_date('18-MAR-22','DD-MON-RR'),'Y','Y',null,null,null);
Insert into CBP_PARAMETER (CBP_PARAMETER_ID,CBP_PARAMETER_NAME,CBP_PARAMETER_DEFAULT_VALUE,CBP_PARAMETER_SITE_VALUE,CBP_PARAMETER_DESCRIPTION,CBP_PARAMETER_KEYWORD,CBP_PARAMETER_PLACE_HOLDER,CBP_PARAMETER_DATA_TYPE,CBP_PATTERN_ID,CBP_CREATED_TIMESTAMP,CBP_UPDATED_TIMESTAMP,CBP_CONFIGURABLE,CBP_IS_PROJECT_SPECIFIC,IS_EXCEPTION,IS_LIST,IS_REGEX) values (99999998736,'Free Search on Mapping Mapping Expression - Keyword','VALUE_NOT_SET',null,'Free Search on Mapping Mapping Expression - Keyword',null,'COEURDATA_UNUSED_PLACEHOLDER','STRING',120,to_date('18-MAR-22','DD-MON-RR'),to_date('18-MAR-22','DD-MON-RR'),'Y','Y',null,null,null);
Insert into CBP_PARAMETER (CBP_PARAMETER_ID,CBP_PARAMETER_NAME,CBP_PARAMETER_DEFAULT_VALUE,CBP_PARAMETER_SITE_VALUE,CBP_PARAMETER_DESCRIPTION,CBP_PARAMETER_KEYWORD,CBP_PARAMETER_PLACE_HOLDER,CBP_PARAMETER_DATA_TYPE,CBP_PATTERN_ID,CBP_CREATED_TIMESTAMP,CBP_UPDATED_TIMESTAMP,CBP_CONFIGURABLE,CBP_IS_PROJECT_SPECIFIC,IS_EXCEPTION,IS_LIST,IS_REGEX) values (99999998735,'Mandatory Documentation Tag in Mapping Description','VALUE_NOT_SET',null,'Mandatory Documentation Tag in Mapping Description',null,'COEURDATA_UNUSED_PLACEHOLDER','STRING',1050,to_date('18-MAR-22','DD-MON-RR'),to_date('18-MAR-22','DD-MON-RR'),'Y','N',null,null,null);
Insert into CBP_PARAMETER (CBP_PARAMETER_ID,CBP_PARAMETER_NAME,CBP_PARAMETER_DEFAULT_VALUE,CBP_PARAMETER_SITE_VALUE,CBP_PARAMETER_DESCRIPTION,CBP_PARAMETER_KEYWORD,CBP_PARAMETER_PLACE_HOLDER,CBP_PARAMETER_DATA_TYPE,CBP_PATTERN_ID,CBP_CREATED_TIMESTAMP,CBP_UPDATED_TIMESTAMP,CBP_CONFIGURABLE,CBP_IS_PROJECT_SPECIFIC,IS_EXCEPTION,IS_LIST,IS_REGEX) values (99999999301,'Naming Convention Sequence - Prefix','seq_',null,'Naming Convention Sequence - Prefix',null,'COEURDATA_SEQ_NAME_CONVENTION_PREFIX','STRING',15,to_date('18-MAR-22','DD-MON-RR'),to_date('18-MAR-22','DD-MON-RR'),'Y','N',null,null,null);
Insert into CBP_PARAMETER (CBP_PARAMETER_ID,CBP_PARAMETER_NAME,CBP_PARAMETER_DEFAULT_VALUE,CBP_PARAMETER_SITE_VALUE,CBP_PARAMETER_DESCRIPTION,CBP_PARAMETER_KEYWORD,CBP_PARAMETER_PLACE_HOLDER,CBP_PARAMETER_DATA_TYPE,CBP_PATTERN_ID,CBP_CREATED_TIMESTAMP,CBP_UPDATED_TIMESTAMP,CBP_CONFIGURABLE,CBP_IS_PROJECT_SPECIFIC,IS_EXCEPTION,IS_LIST,IS_REGEX) values (99999999302,'Naming Convention Sequence - Suffix',null,null,'Naming Convention Sequence - Suffix',null,'COEURDATA_SEQ_NAME_CONVENTION_SUFFIX','STRING',25,to_date('18-MAR-22','DD-MON-RR'),to_date('18-MAR-22','DD-MON-RR'),'Y','N',null,null,null);
Insert into CBP_PARAMETER (CBP_PARAMETER_ID,CBP_PARAMETER_NAME,CBP_PARAMETER_DEFAULT_VALUE,CBP_PARAMETER_SITE_VALUE,CBP_PARAMETER_DESCRIPTION,CBP_PARAMETER_KEYWORD,CBP_PARAMETER_PLACE_HOLDER,CBP_PARAMETER_DATA_TYPE,CBP_PATTERN_ID,CBP_CREATED_TIMESTAMP,CBP_UPDATED_TIMESTAMP,CBP_CONFIGURABLE,CBP_IS_PROJECT_SPECIFIC,IS_EXCEPTION,IS_LIST,IS_REGEX) values (99999998499,'Mandatory Documentation Tag in Package Description','VALUE_NOT_SET',null,'Mandatory Documentation Tag in Package Description',null,'COEURDATA_UNUSED_PLACEHOLDER','STRING',1050,to_date('18-MAR-22','DD-MON-RR'),to_date('18-MAR-22','DD-MON-RR'),'Y','N',null,null,null);
Insert into CBP_PARAMETER (CBP_PARAMETER_ID,CBP_PARAMETER_NAME,CBP_PARAMETER_DEFAULT_VALUE,CBP_PARAMETER_SITE_VALUE,CBP_PARAMETER_DESCRIPTION,CBP_PARAMETER_KEYWORD,CBP_PARAMETER_PLACE_HOLDER,CBP_PARAMETER_DATA_TYPE,CBP_PATTERN_ID,CBP_CREATED_TIMESTAMP,CBP_UPDATED_TIMESTAMP,CBP_CONFIGURABLE,CBP_IS_PROJECT_SPECIFIC,IS_EXCEPTION,IS_LIST,IS_REGEX) values (99999998497,'Mandatory Documentation Tag in Model Description','VALUE_NOT_SET',null,'Mandatory Documentation Tag in Model Description',null,'COEURDATA_UNUSED_PLACEHOLDER','STRING',1050,to_date('18-MAR-22','DD-MON-RR'),to_date('18-MAR-22','DD-MON-RR'),'Y','N',null,null,null);
Insert into CBP_PARAMETER (CBP_PARAMETER_ID,CBP_PARAMETER_NAME,CBP_PARAMETER_DEFAULT_VALUE,CBP_PARAMETER_SITE_VALUE,CBP_PARAMETER_DESCRIPTION,CBP_PARAMETER_KEYWORD,CBP_PARAMETER_PLACE_HOLDER,CBP_PARAMETER_DATA_TYPE,CBP_PATTERN_ID,CBP_CREATED_TIMESTAMP,CBP_UPDATED_TIMESTAMP,CBP_CONFIGURABLE,CBP_IS_PROJECT_SPECIFIC,IS_EXCEPTION,IS_LIST,IS_REGEX) values (99999998469,'Mandatory Audit Column(s) in Datastore','VALUE_NOT_SET',null,'Mandatory Audit Column(s) in Datastore',null,'COEURDATA_UNUSED_PLACEHOLDER','STRING',1050,to_date('18-MAR-22','DD-MON-RR'),to_date('18-MAR-22','DD-MON-RR'),'Y','N',null,null,null);
Insert into CBP_PARAMETER (CBP_PARAMETER_ID,CBP_PARAMETER_NAME,CBP_PARAMETER_DEFAULT_VALUE,CBP_PARAMETER_SITE_VALUE,CBP_PARAMETER_DESCRIPTION,CBP_PARAMETER_KEYWORD,CBP_PARAMETER_PLACE_HOLDER,CBP_PARAMETER_DATA_TYPE,CBP_PATTERN_ID,CBP_CREATED_TIMESTAMP,CBP_UPDATED_TIMESTAMP,CBP_CONFIGURABLE,CBP_IS_PROJECT_SPECIFIC,IS_EXCEPTION,IS_LIST,IS_REGEX) values (99999998417,'Mandatory Documentation Tag in Scenario Description','VALUE_NOT_SET',null,'Mandatory Documentation Tag in Scenario Description',null,'COEURDATA_UNUSED_PLACEHOLDER','STRING',1050,to_date('18-MAR-22','DD-MON-RR'),to_date('18-MAR-22','DD-MON-RR'),'Y','N',null,null,null);
Insert into CBP_PARAMETER (CBP_PARAMETER_ID,CBP_PARAMETER_NAME,CBP_PARAMETER_DEFAULT_VALUE,CBP_PARAMETER_SITE_VALUE,CBP_PARAMETER_DESCRIPTION,CBP_PARAMETER_KEYWORD,CBP_PARAMETER_PLACE_HOLDER,CBP_PARAMETER_DATA_TYPE,CBP_PATTERN_ID,CBP_CREATED_TIMESTAMP,CBP_UPDATED_TIMESTAMP,CBP_CONFIGURABLE,CBP_IS_PROJECT_SPECIFIC,IS_EXCEPTION,IS_LIST,IS_REGEX) values (99999998409,'Mandatory Documentation Tag in Load Plan Description','VALUE_NOT_SET',null,'Mandatory Documentation Tag in Load Plan Description',null,'COEURDATA_UNUSED_PLACEHOLDER','STRING',1050,to_date('18-MAR-22','DD-MON-RR'),to_date('18-MAR-22','DD-MON-RR'),'Y','N',null,null,null);
Insert into CBP_PARAMETER (CBP_PARAMETER_ID,CBP_PARAMETER_NAME,CBP_PARAMETER_DEFAULT_VALUE,CBP_PARAMETER_SITE_VALUE,CBP_PARAMETER_DESCRIPTION,CBP_PARAMETER_KEYWORD,CBP_PARAMETER_PLACE_HOLDER,CBP_PARAMETER_DATA_TYPE,CBP_PATTERN_ID,CBP_CREATED_TIMESTAMP,CBP_UPDATED_TIMESTAMP,CBP_CONFIGURABLE,CBP_IS_PROJECT_SPECIFIC,IS_EXCEPTION,IS_LIST,IS_REGEX) values (99999999601,'Naming Convention Mapping (Including Shortcut) - Multiple Prefixes - Prefix - 1','int_',null,'Naming Convention Mapping (Including Shortcut) - Multiple Prefixes - Prefix - 1',null,'COEURDATA_UNUSED_PLACEHOLDER','STRING',1005,to_date('18-MAR-22','DD-MON-RR'),to_date('18-MAR-22','DD-MON-RR'),'Y','N',null,null,null);
Insert into CBP_PARAMETER (CBP_PARAMETER_ID,CBP_PARAMETER_NAME,CBP_PARAMETER_DEFAULT_VALUE,CBP_PARAMETER_SITE_VALUE,CBP_PARAMETER_DESCRIPTION,CBP_PARAMETER_KEYWORD,CBP_PARAMETER_PLACE_HOLDER,CBP_PARAMETER_DATA_TYPE,CBP_PATTERN_ID,CBP_CREATED_TIMESTAMP,CBP_UPDATED_TIMESTAMP,CBP_CONFIGURABLE,CBP_IS_PROJECT_SPECIFIC,IS_EXCEPTION,IS_LIST,IS_REGEX) values (99999999602,'Naming Convention Mapping (Including Shortcut) - Multiple Prefixes - Prefix - 2','shortcut_int_',null,'Naming Convention Mapping (Including Shortcut) - Multiple Prefixes - Prefix - 2',null,'COEURDATA_UNUSED_PLACEHOLDER','STRING',1005,to_date('18-MAR-22','DD-MON-RR'),to_date('18-MAR-22','DD-MON-RR'),'Y','N',null,null,null);
Insert into CBP_PARAMETER (CBP_PARAMETER_ID,CBP_PARAMETER_NAME,CBP_PARAMETER_DEFAULT_VALUE,CBP_PARAMETER_SITE_VALUE,CBP_PARAMETER_DESCRIPTION,CBP_PARAMETER_KEYWORD,CBP_PARAMETER_PLACE_HOLDER,CBP_PARAMETER_DATA_TYPE,CBP_PATTERN_ID,CBP_CREATED_TIMESTAMP,CBP_UPDATED_TIMESTAMP,CBP_CONFIGURABLE,CBP_IS_PROJECT_SPECIFIC,IS_EXCEPTION,IS_LIST,IS_REGEX) values (99999999603,'Naming Convention Package (Including Shortcut) - Multiple Prefixes - Prefix - 1','pack_',null,'Naming Convention Package (Including Shortcut) - Multiple Prefixes - Prefix - 1',null,'COEURDATA_UNUSED_PLACEHOLDER','STRING',1005,to_date('18-MAR-22','DD-MON-RR'),to_date('18-MAR-22','DD-MON-RR'),'Y','N',null,null,null);
Insert into CBP_PARAMETER (CBP_PARAMETER_ID,CBP_PARAMETER_NAME,CBP_PARAMETER_DEFAULT_VALUE,CBP_PARAMETER_SITE_VALUE,CBP_PARAMETER_DESCRIPTION,CBP_PARAMETER_KEYWORD,CBP_PARAMETER_PLACE_HOLDER,CBP_PARAMETER_DATA_TYPE,CBP_PATTERN_ID,CBP_CREATED_TIMESTAMP,CBP_UPDATED_TIMESTAMP,CBP_CONFIGURABLE,CBP_IS_PROJECT_SPECIFIC,IS_EXCEPTION,IS_LIST,IS_REGEX) values (99999999604,'Naming Convention Package (Including Shortcut) - Multiple Prefixes - Prefix - 2','shortcut_pack_',null,'Naming Convention Package (Including Shortcut) - Multiple Prefixes - Prefix - 2',null,'COEURDATA_UNUSED_PLACEHOLDER','STRING',1005,to_date('18-MAR-22','DD-MON-RR'),to_date('18-MAR-22','DD-MON-RR'),'Y','N',null,null,null);
Insert into CBP_PARAMETER (CBP_PARAMETER_ID,CBP_PARAMETER_NAME,CBP_PARAMETER_DEFAULT_VALUE,CBP_PARAMETER_SITE_VALUE,CBP_PARAMETER_DESCRIPTION,CBP_PARAMETER_KEYWORD,CBP_PARAMETER_PLACE_HOLDER,CBP_PARAMETER_DATA_TYPE,CBP_PATTERN_ID,CBP_CREATED_TIMESTAMP,CBP_UPDATED_TIMESTAMP,CBP_CONFIGURABLE,CBP_IS_PROJECT_SPECIFIC,IS_EXCEPTION,IS_LIST,IS_REGEX) values (99999999605,'Naming Convention Procedure (Including Shortcut) - Multiple Prefixes - Prefix - 1','proc_',null,'Naming Convention Procedure (Including Shortcut) - Multiple Prefixes - Prefix - 1',null,'COEURDATA_UNUSED_PLACEHOLDER','STRING',1005,to_date('18-MAR-22','DD-MON-RR'),to_date('18-MAR-22','DD-MON-RR'),'Y','N',null,null,null);
Insert into CBP_PARAMETER (CBP_PARAMETER_ID,CBP_PARAMETER_NAME,CBP_PARAMETER_DEFAULT_VALUE,CBP_PARAMETER_SITE_VALUE,CBP_PARAMETER_DESCRIPTION,CBP_PARAMETER_KEYWORD,CBP_PARAMETER_PLACE_HOLDER,CBP_PARAMETER_DATA_TYPE,CBP_PATTERN_ID,CBP_CREATED_TIMESTAMP,CBP_UPDATED_TIMESTAMP,CBP_CONFIGURABLE,CBP_IS_PROJECT_SPECIFIC,IS_EXCEPTION,IS_LIST,IS_REGEX) values (99999999606,'Naming Convention Procedure (Including Shortcut) - Multiple Prefixes - Prefix - 2','shortcut_proc',null,'Naming Convention Procedure (Including Shortcut) - Multiple Prefixes - Prefix - 2',null,'COEURDATA_UNUSED_PLACEHOLDER','STRING',1005,to_date('18-MAR-22','DD-MON-RR'),to_date('18-MAR-22','DD-MON-RR'),'Y','N',null,null,null);
Insert into CBP_PARAMETER (CBP_PARAMETER_ID,CBP_PARAMETER_NAME,CBP_PARAMETER_DEFAULT_VALUE,CBP_PARAMETER_SITE_VALUE,CBP_PARAMETER_DESCRIPTION,CBP_PARAMETER_KEYWORD,CBP_PARAMETER_PLACE_HOLDER,CBP_PARAMETER_DATA_TYPE,CBP_PATTERN_ID,CBP_CREATED_TIMESTAMP,CBP_UPDATED_TIMESTAMP,CBP_CONFIGURABLE,CBP_IS_PROJECT_SPECIFIC,IS_EXCEPTION,IS_LIST,IS_REGEX) values (99999999607,'Naming Convention Datastore (Including Shortcut) - Multiple Prefixes - Prefix - 1','VALUE_NOT_SET',null,'Naming Convention Datastore (Including Shortcut) - Multiple Prefixes - Prefix - 1',null,'COEURDATA_UNUSED_PLACEHOLDER','STRING',1005,to_date('18-MAR-22','DD-MON-RR'),to_date('18-MAR-22','DD-MON-RR'),'Y','N',null,null,null);
Insert into CBP_PARAMETER (CBP_PARAMETER_ID,CBP_PARAMETER_NAME,CBP_PARAMETER_DEFAULT_VALUE,CBP_PARAMETER_SITE_VALUE,CBP_PARAMETER_DESCRIPTION,CBP_PARAMETER_KEYWORD,CBP_PARAMETER_PLACE_HOLDER,CBP_PARAMETER_DATA_TYPE,CBP_PATTERN_ID,CBP_CREATED_TIMESTAMP,CBP_UPDATED_TIMESTAMP,CBP_CONFIGURABLE,CBP_IS_PROJECT_SPECIFIC,IS_EXCEPTION,IS_LIST,IS_REGEX) values (99999999608,'Naming Convention Datastore (Including Shortcut) - Multiple Prefixes - Prefix - 2','VALUE_NOT_SET',null,'Naming Convention Datastore (Including Shortcut) - Multiple Prefixes - Prefix - 2',null,'COEURDATA_UNUSED_PLACEHOLDER','STRING',1005,to_date('18-MAR-22','DD-MON-RR'),to_date('18-MAR-22','DD-MON-RR'),'Y','N',null,null,null);
Insert into CBP_PARAMETER (CBP_PARAMETER_ID,CBP_PARAMETER_NAME,CBP_PARAMETER_DEFAULT_VALUE,CBP_PARAMETER_SITE_VALUE,CBP_PARAMETER_DESCRIPTION,CBP_PARAMETER_KEYWORD,CBP_PARAMETER_PLACE_HOLDER,CBP_PARAMETER_DATA_TYPE,CBP_PATTERN_ID,CBP_CREATED_TIMESTAMP,CBP_UPDATED_TIMESTAMP,CBP_CONFIGURABLE,CBP_IS_PROJECT_SPECIFIC,IS_EXCEPTION,IS_LIST,IS_REGEX) values (99999999611,'Size of a Big Expression (In Characters)','250',null,'Size of a Big Expression (In Characters)',null,'COEURDATA_BIG_EXPRESSION_LENGTH','NUMBER',null,to_date('18-MAR-22','DD-MON-RR'),to_date('18-MAR-22','DD-MON-RR'),'Y','N',null,null,null);
Insert into CBP_PARAMETER (CBP_PARAMETER_ID,CBP_PARAMETER_NAME,CBP_PARAMETER_DEFAULT_VALUE,CBP_PARAMETER_SITE_VALUE,CBP_PARAMETER_DESCRIPTION,CBP_PARAMETER_KEYWORD,CBP_PARAMETER_PLACE_HOLDER,CBP_PARAMETER_DATA_TYPE,CBP_PATTERN_ID,CBP_CREATED_TIMESTAMP,CBP_UPDATED_TIMESTAMP,CBP_CONFIGURABLE,CBP_IS_PROJECT_SPECIFIC,IS_EXCEPTION,IS_LIST,IS_REGEX) values (99999999621,'Naming Convention User Functions - Prefix','uf_',null,'Naming Convention User Functions - Prefix',null,'COEURDATA_UF_NAME_CONVENTION_PREFIX','STRING',15,to_date('18-MAR-22','DD-MON-RR'),to_date('18-MAR-22','DD-MON-RR'),'Y','N',null,null,null);
Insert into CBP_PARAMETER (CBP_PARAMETER_ID,CBP_PARAMETER_NAME,CBP_PARAMETER_DEFAULT_VALUE,CBP_PARAMETER_SITE_VALUE,CBP_PARAMETER_DESCRIPTION,CBP_PARAMETER_KEYWORD,CBP_PARAMETER_PLACE_HOLDER,CBP_PARAMETER_DATA_TYPE,CBP_PATTERN_ID,CBP_CREATED_TIMESTAMP,CBP_UPDATED_TIMESTAMP,CBP_CONFIGURABLE,CBP_IS_PROJECT_SPECIFIC,IS_EXCEPTION,IS_LIST,IS_REGEX) values (99999999622,'Naming Convention User Functions - Suffix',null,null,'Naming Convention User Functions - Suffix',null,'COEURDATA_UF_NAME_CONVENTION_SUFFIX','STRING',25,to_date('18-MAR-22','DD-MON-RR'),to_date('18-MAR-22','DD-MON-RR'),'Y','N',null,null,null);
Insert into CBP_PARAMETER (CBP_PARAMETER_ID,CBP_PARAMETER_NAME,CBP_PARAMETER_DEFAULT_VALUE,CBP_PARAMETER_SITE_VALUE,CBP_PARAMETER_DESCRIPTION,CBP_PARAMETER_KEYWORD,CBP_PARAMETER_PLACE_HOLDER,CBP_PARAMETER_DATA_TYPE,CBP_PATTERN_ID,CBP_CREATED_TIMESTAMP,CBP_UPDATED_TIMESTAMP,CBP_CONFIGURABLE,CBP_IS_PROJECT_SPECIFIC,IS_EXCEPTION,IS_LIST,IS_REGEX) values (99999999631,'Scenario - Number of Tables Used in a Query','5',null,'Scenario - Number of Tables Used in a Query',null,'COEURDATA_221','NUMBER',null,to_date('18-MAR-22','DD-MON-RR'),to_date('18-MAR-22','DD-MON-RR'),'Y','N',null,null,null);
Insert into CBP_PARAMETER (CBP_PARAMETER_ID,CBP_PARAMETER_NAME,CBP_PARAMETER_DEFAULT_VALUE,CBP_PARAMETER_SITE_VALUE,CBP_PARAMETER_DESCRIPTION,CBP_PARAMETER_KEYWORD,CBP_PARAMETER_PLACE_HOLDER,CBP_PARAMETER_DATA_TYPE,CBP_PATTERN_ID,CBP_CREATED_TIMESTAMP,CBP_UPDATED_TIMESTAMP,CBP_CONFIGURABLE,CBP_IS_PROJECT_SPECIFIC,IS_EXCEPTION,IS_LIST,IS_REGEX) values (99999999632,'Scenario - Number of Joins Used in a Query','5',null,'Scenario - Number of Joins Used in a Query',null,'COEURDATA_222','NUMBER',null,to_date('18-MAR-22','DD-MON-RR'),to_date('18-MAR-22','DD-MON-RR'),'Y','N',null,null,null);
Insert into CBP_PARAMETER (CBP_PARAMETER_ID,CBP_PARAMETER_NAME,CBP_PARAMETER_DEFAULT_VALUE,CBP_PARAMETER_SITE_VALUE,CBP_PARAMETER_DESCRIPTION,CBP_PARAMETER_KEYWORD,CBP_PARAMETER_PLACE_HOLDER,CBP_PARAMETER_DATA_TYPE,CBP_PATTERN_ID,CBP_CREATED_TIMESTAMP,CBP_UPDATED_TIMESTAMP,CBP_CONFIGURABLE,CBP_IS_PROJECT_SPECIFIC,IS_EXCEPTION,IS_LIST,IS_REGEX) values (99999999633,'Scenario - Number of In-line Views Used in a Query','1',null,'Scenario - Number of In-line Views Used in a Query',null,'COEURDATA_223','NUMBER',null,to_date('18-MAR-22','DD-MON-RR'),to_date('18-MAR-22','DD-MON-RR'),'Y','N',null,null,null);
Insert into CBP_PARAMETER (CBP_PARAMETER_ID,CBP_PARAMETER_NAME,CBP_PARAMETER_DEFAULT_VALUE,CBP_PARAMETER_SITE_VALUE,CBP_PARAMETER_DESCRIPTION,CBP_PARAMETER_KEYWORD,CBP_PARAMETER_PLACE_HOLDER,CBP_PARAMETER_DATA_TYPE,CBP_PATTERN_ID,CBP_CREATED_TIMESTAMP,CBP_UPDATED_TIMESTAMP,CBP_CONFIGURABLE,CBP_IS_PROJECT_SPECIFIC,IS_EXCEPTION,IS_LIST,IS_REGEX) values (99999999634,'Scenario - Number of Columns in the Order By Clauses in a Query','5',null,'Scenario - Number of Columns in the Order By Clauses in a Query',null,'COEURDATA_224','NUMBER',null,to_date('18-MAR-22','DD-MON-RR'),to_date('18-MAR-22','DD-MON-RR'),'Y','N',null,null,null);
Insert into CBP_PARAMETER (CBP_PARAMETER_ID,CBP_PARAMETER_NAME,CBP_PARAMETER_DEFAULT_VALUE,CBP_PARAMETER_SITE_VALUE,CBP_PARAMETER_DESCRIPTION,CBP_PARAMETER_KEYWORD,CBP_PARAMETER_PLACE_HOLDER,CBP_PARAMETER_DATA_TYPE,CBP_PATTERN_ID,CBP_CREATED_TIMESTAMP,CBP_UPDATED_TIMESTAMP,CBP_CONFIGURABLE,CBP_IS_PROJECT_SPECIFIC,IS_EXCEPTION,IS_LIST,IS_REGEX) values (99999999635,'Scenario - Number of Order By Clauses in a Query','5',null,'Scenario - Number of Order By Clauses in a Query',null,'COEURDATA_225','NUMBER',null,to_date('18-MAR-22','DD-MON-RR'),to_date('18-MAR-22','DD-MON-RR'),'Y','N',null,null,null);

Insert into CBP_RULE_PARAMETER (CBP_RULE_ID,CBP_PARAMETER_ID,CBP_CREATED_TIMESTAMP,CBP_UPDATED_TIMESTAMP) values (99999999101,99999999111,to_date('18-MAR-22','DD-MON-RR'),to_date('18-MAR-22','DD-MON-RR'));
Insert into CBP_RULE_PARAMETER (CBP_RULE_ID,CBP_PARAMETER_ID,CBP_CREATED_TIMESTAMP,CBP_UPDATED_TIMESTAMP) values (99999999101,99999999112,to_date('18-MAR-22','DD-MON-RR'),to_date('18-MAR-22','DD-MON-RR'));
Insert into CBP_RULE_PARAMETER (CBP_RULE_ID,CBP_PARAMETER_ID,CBP_CREATED_TIMESTAMP,CBP_UPDATED_TIMESTAMP) values (99999999102,99999999113,to_date('18-MAR-22','DD-MON-RR'),to_date('18-MAR-22','DD-MON-RR'));
Insert into CBP_RULE_PARAMETER (CBP_RULE_ID,CBP_PARAMETER_ID,CBP_CREATED_TIMESTAMP,CBP_UPDATED_TIMESTAMP) values (99999999102,99999999114,to_date('18-MAR-22','DD-MON-RR'),to_date('18-MAR-22','DD-MON-RR'));
Insert into CBP_RULE_PARAMETER (CBP_RULE_ID,CBP_PARAMETER_ID,CBP_CREATED_TIMESTAMP,CBP_UPDATED_TIMESTAMP) values (99999999103,99999999115,to_date('18-MAR-22','DD-MON-RR'),to_date('18-MAR-22','DD-MON-RR'));
Insert into CBP_RULE_PARAMETER (CBP_RULE_ID,CBP_PARAMETER_ID,CBP_CREATED_TIMESTAMP,CBP_UPDATED_TIMESTAMP) values (99999999103,99999999116,to_date('18-MAR-22','DD-MON-RR'),to_date('18-MAR-22','DD-MON-RR'));
Insert into CBP_RULE_PARAMETER (CBP_RULE_ID,CBP_PARAMETER_ID,CBP_CREATED_TIMESTAMP,CBP_UPDATED_TIMESTAMP) values (99999999104,99999999117,to_date('18-MAR-22','DD-MON-RR'),to_date('18-MAR-22','DD-MON-RR'));
Insert into CBP_RULE_PARAMETER (CBP_RULE_ID,CBP_PARAMETER_ID,CBP_CREATED_TIMESTAMP,CBP_UPDATED_TIMESTAMP) values (99999999104,99999999118,to_date('18-MAR-22','DD-MON-RR'),to_date('18-MAR-22','DD-MON-RR'));
Insert into CBP_RULE_PARAMETER (CBP_RULE_ID,CBP_PARAMETER_ID,CBP_CREATED_TIMESTAMP,CBP_UPDATED_TIMESTAMP) values (99999999105,99999999119,to_date('18-MAR-22','DD-MON-RR'),to_date('18-MAR-22','DD-MON-RR'));
Insert into CBP_RULE_PARAMETER (CBP_RULE_ID,CBP_PARAMETER_ID,CBP_CREATED_TIMESTAMP,CBP_UPDATED_TIMESTAMP) values (99999999105,99999999120,to_date('18-MAR-22','DD-MON-RR'),to_date('18-MAR-22','DD-MON-RR'));
Insert into CBP_RULE_PARAMETER (CBP_RULE_ID,CBP_PARAMETER_ID,CBP_CREATED_TIMESTAMP,CBP_UPDATED_TIMESTAMP) values (99999999106,99999999121,to_date('18-MAR-22','DD-MON-RR'),to_date('18-MAR-22','DD-MON-RR'));
Insert into CBP_RULE_PARAMETER (CBP_RULE_ID,CBP_PARAMETER_ID,CBP_CREATED_TIMESTAMP,CBP_UPDATED_TIMESTAMP) values (99999999106,99999999122,to_date('18-MAR-22','DD-MON-RR'),to_date('18-MAR-22','DD-MON-RR'));
Insert into CBP_RULE_PARAMETER (CBP_RULE_ID,CBP_PARAMETER_ID,CBP_CREATED_TIMESTAMP,CBP_UPDATED_TIMESTAMP) values (99999999107,99999999123,to_date('18-MAR-22','DD-MON-RR'),to_date('18-MAR-22','DD-MON-RR'));
Insert into CBP_RULE_PARAMETER (CBP_RULE_ID,CBP_PARAMETER_ID,CBP_CREATED_TIMESTAMP,CBP_UPDATED_TIMESTAMP) values (99999999107,99999999124,to_date('18-MAR-22','DD-MON-RR'),to_date('18-MAR-22','DD-MON-RR'));
Insert into CBP_RULE_PARAMETER (CBP_RULE_ID,CBP_PARAMETER_ID,CBP_CREATED_TIMESTAMP,CBP_UPDATED_TIMESTAMP) values (99999999111,99999999131,to_date('18-MAR-22','DD-MON-RR'),to_date('18-MAR-22','DD-MON-RR'));
Insert into CBP_RULE_PARAMETER (CBP_RULE_ID,CBP_PARAMETER_ID,CBP_CREATED_TIMESTAMP,CBP_UPDATED_TIMESTAMP) values (99999999112,99999999132,to_date('18-MAR-22','DD-MON-RR'),to_date('18-MAR-22','DD-MON-RR'));
Insert into CBP_RULE_PARAMETER (CBP_RULE_ID,CBP_PARAMETER_ID,CBP_CREATED_TIMESTAMP,CBP_UPDATED_TIMESTAMP) values (99999999128,99999998849,to_date('18-MAR-22','DD-MON-RR'),to_date('18-MAR-22','DD-MON-RR'));
Insert into CBP_RULE_PARAMETER (CBP_RULE_ID,CBP_PARAMETER_ID,CBP_CREATED_TIMESTAMP,CBP_UPDATED_TIMESTAMP) values (99999999129,99999998848,to_date('18-MAR-22','DD-MON-RR'),to_date('18-MAR-22','DD-MON-RR'));
Insert into CBP_RULE_PARAMETER (CBP_RULE_ID,CBP_PARAMETER_ID,CBP_CREATED_TIMESTAMP,CBP_UPDATED_TIMESTAMP) values (99999999130,99999998847,to_date('18-MAR-22','DD-MON-RR'),to_date('18-MAR-22','DD-MON-RR'));
Insert into CBP_RULE_PARAMETER (CBP_RULE_ID,CBP_PARAMETER_ID,CBP_CREATED_TIMESTAMP,CBP_UPDATED_TIMESTAMP) values (99999999131,99999998846,to_date('18-MAR-22','DD-MON-RR'),to_date('18-MAR-22','DD-MON-RR'));
Insert into CBP_RULE_PARAMETER (CBP_RULE_ID,CBP_PARAMETER_ID,CBP_CREATED_TIMESTAMP,CBP_UPDATED_TIMESTAMP) values (99999999132,99999998845,to_date('18-MAR-22','DD-MON-RR'),to_date('18-MAR-22','DD-MON-RR'));
Insert into CBP_RULE_PARAMETER (CBP_RULE_ID,CBP_PARAMETER_ID,CBP_CREATED_TIMESTAMP,CBP_UPDATED_TIMESTAMP) values (99999999133,99999998844,to_date('18-MAR-22','DD-MON-RR'),to_date('18-MAR-22','DD-MON-RR'));
Insert into CBP_RULE_PARAMETER (CBP_RULE_ID,CBP_PARAMETER_ID,CBP_CREATED_TIMESTAMP,CBP_UPDATED_TIMESTAMP) values (99999999143,99999998749,to_date('18-MAR-22','DD-MON-RR'),to_date('18-MAR-22','DD-MON-RR'));
Insert into CBP_RULE_PARAMETER (CBP_RULE_ID,CBP_PARAMETER_ID,CBP_CREATED_TIMESTAMP,CBP_UPDATED_TIMESTAMP) values (99999999144,99999998748,to_date('18-MAR-22','DD-MON-RR'),to_date('18-MAR-22','DD-MON-RR'));
Insert into CBP_RULE_PARAMETER (CBP_RULE_ID,CBP_PARAMETER_ID,CBP_CREATED_TIMESTAMP,CBP_UPDATED_TIMESTAMP) values (99999999145,99999998747,to_date('18-MAR-22','DD-MON-RR'),to_date('18-MAR-22','DD-MON-RR'));
Insert into CBP_RULE_PARAMETER (CBP_RULE_ID,CBP_PARAMETER_ID,CBP_CREATED_TIMESTAMP,CBP_UPDATED_TIMESTAMP) values (99999999146,99999998746,to_date('18-MAR-22','DD-MON-RR'),to_date('18-MAR-22','DD-MON-RR'));
Insert into CBP_RULE_PARAMETER (CBP_RULE_ID,CBP_PARAMETER_ID,CBP_CREATED_TIMESTAMP,CBP_UPDATED_TIMESTAMP) values (99999999147,99999998745,to_date('18-MAR-22','DD-MON-RR'),to_date('18-MAR-22','DD-MON-RR'));
Insert into CBP_RULE_PARAMETER (CBP_RULE_ID,CBP_PARAMETER_ID,CBP_CREATED_TIMESTAMP,CBP_UPDATED_TIMESTAMP) values (99999999148,99999998744,to_date('18-MAR-22','DD-MON-RR'),to_date('18-MAR-22','DD-MON-RR'));
Insert into CBP_RULE_PARAMETER (CBP_RULE_ID,CBP_PARAMETER_ID,CBP_CREATED_TIMESTAMP,CBP_UPDATED_TIMESTAMP) values (99999999150,99999998739,to_date('18-MAR-22','DD-MON-RR'),to_date('18-MAR-22','DD-MON-RR'));
Insert into CBP_RULE_PARAMETER (CBP_RULE_ID,CBP_PARAMETER_ID,CBP_CREATED_TIMESTAMP,CBP_UPDATED_TIMESTAMP) values (99999999151,99999998738,to_date('18-MAR-22','DD-MON-RR'),to_date('18-MAR-22','DD-MON-RR'));
Insert into CBP_RULE_PARAMETER (CBP_RULE_ID,CBP_PARAMETER_ID,CBP_CREATED_TIMESTAMP,CBP_UPDATED_TIMESTAMP) values (99999999152,99999998737,to_date('18-MAR-22','DD-MON-RR'),to_date('18-MAR-22','DD-MON-RR'));
Insert into CBP_RULE_PARAMETER (CBP_RULE_ID,CBP_PARAMETER_ID,CBP_CREATED_TIMESTAMP,CBP_UPDATED_TIMESTAMP) values (99999999153,99999998736,to_date('18-MAR-22','DD-MON-RR'),to_date('18-MAR-22','DD-MON-RR'));
Insert into CBP_RULE_PARAMETER (CBP_RULE_ID,CBP_PARAMETER_ID,CBP_CREATED_TIMESTAMP,CBP_UPDATED_TIMESTAMP) values (99999999155,99999998735,to_date('18-MAR-22','DD-MON-RR'),to_date('18-MAR-22','DD-MON-RR'));
Insert into CBP_RULE_PARAMETER (CBP_RULE_ID,CBP_PARAMETER_ID,CBP_CREATED_TIMESTAMP,CBP_UPDATED_TIMESTAMP) values (99999999171,99999999301,to_date('18-MAR-22','DD-MON-RR'),to_date('18-MAR-22','DD-MON-RR'));
Insert into CBP_RULE_PARAMETER (CBP_RULE_ID,CBP_PARAMETER_ID,CBP_CREATED_TIMESTAMP,CBP_UPDATED_TIMESTAMP) values (99999999171,99999999302,to_date('18-MAR-22','DD-MON-RR'),to_date('18-MAR-22','DD-MON-RR'));
Insert into CBP_RULE_PARAMETER (CBP_RULE_ID,CBP_PARAMETER_ID,CBP_CREATED_TIMESTAMP,CBP_UPDATED_TIMESTAMP) values (99999999175,99999998499,to_date('18-MAR-22','DD-MON-RR'),to_date('18-MAR-22','DD-MON-RR'));
Insert into CBP_RULE_PARAMETER (CBP_RULE_ID,CBP_PARAMETER_ID,CBP_CREATED_TIMESTAMP,CBP_UPDATED_TIMESTAMP) values (99999999180,99999998497,to_date('18-MAR-22','DD-MON-RR'),to_date('18-MAR-22','DD-MON-RR'));
Insert into CBP_RULE_PARAMETER (CBP_RULE_ID,CBP_PARAMETER_ID,CBP_CREATED_TIMESTAMP,CBP_UPDATED_TIMESTAMP) values (99999999187,99999998469,to_date('18-MAR-22','DD-MON-RR'),to_date('18-MAR-22','DD-MON-RR'));
Insert into CBP_RULE_PARAMETER (CBP_RULE_ID,CBP_PARAMETER_ID,CBP_CREATED_TIMESTAMP,CBP_UPDATED_TIMESTAMP) values (99999999205,99999998417,to_date('18-MAR-22','DD-MON-RR'),to_date('18-MAR-22','DD-MON-RR'));
Insert into CBP_RULE_PARAMETER (CBP_RULE_ID,CBP_PARAMETER_ID,CBP_CREATED_TIMESTAMP,CBP_UPDATED_TIMESTAMP) values (99999999207,99999998409,to_date('18-MAR-22','DD-MON-RR'),to_date('18-MAR-22','DD-MON-RR'));
Insert into CBP_RULE_PARAMETER (CBP_RULE_ID,CBP_PARAMETER_ID,CBP_CREATED_TIMESTAMP,CBP_UPDATED_TIMESTAMP) values (99999999208,99999999601,to_date('18-MAR-22','DD-MON-RR'),to_date('18-MAR-22','DD-MON-RR'));
Insert into CBP_RULE_PARAMETER (CBP_RULE_ID,CBP_PARAMETER_ID,CBP_CREATED_TIMESTAMP,CBP_UPDATED_TIMESTAMP) values (99999999208,99999999602,to_date('18-MAR-22','DD-MON-RR'),to_date('18-MAR-22','DD-MON-RR'));
Insert into CBP_RULE_PARAMETER (CBP_RULE_ID,CBP_PARAMETER_ID,CBP_CREATED_TIMESTAMP,CBP_UPDATED_TIMESTAMP) values (99999999209,99999999603,to_date('18-MAR-22','DD-MON-RR'),to_date('18-MAR-22','DD-MON-RR'));
Insert into CBP_RULE_PARAMETER (CBP_RULE_ID,CBP_PARAMETER_ID,CBP_CREATED_TIMESTAMP,CBP_UPDATED_TIMESTAMP) values (99999999209,99999999604,to_date('18-MAR-22','DD-MON-RR'),to_date('18-MAR-22','DD-MON-RR'));
Insert into CBP_RULE_PARAMETER (CBP_RULE_ID,CBP_PARAMETER_ID,CBP_CREATED_TIMESTAMP,CBP_UPDATED_TIMESTAMP) values (99999999210,99999999605,to_date('18-MAR-22','DD-MON-RR'),to_date('18-MAR-22','DD-MON-RR'));
Insert into CBP_RULE_PARAMETER (CBP_RULE_ID,CBP_PARAMETER_ID,CBP_CREATED_TIMESTAMP,CBP_UPDATED_TIMESTAMP) values (99999999210,99999999606,to_date('18-MAR-22','DD-MON-RR'),to_date('18-MAR-22','DD-MON-RR'));
Insert into CBP_RULE_PARAMETER (CBP_RULE_ID,CBP_PARAMETER_ID,CBP_CREATED_TIMESTAMP,CBP_UPDATED_TIMESTAMP) values (99999999211,99999999607,to_date('18-MAR-22','DD-MON-RR'),to_date('18-MAR-22','DD-MON-RR'));
Insert into CBP_RULE_PARAMETER (CBP_RULE_ID,CBP_PARAMETER_ID,CBP_CREATED_TIMESTAMP,CBP_UPDATED_TIMESTAMP) values (99999999211,99999999608,to_date('18-MAR-22','DD-MON-RR'),to_date('18-MAR-22','DD-MON-RR'));
Insert into CBP_RULE_PARAMETER (CBP_RULE_ID,CBP_PARAMETER_ID,CBP_CREATED_TIMESTAMP,CBP_UPDATED_TIMESTAMP) values (99999999212,99999999611,to_date('18-MAR-22','DD-MON-RR'),to_date('18-MAR-22','DD-MON-RR'));
Insert into CBP_RULE_PARAMETER (CBP_RULE_ID,CBP_PARAMETER_ID,CBP_CREATED_TIMESTAMP,CBP_UPDATED_TIMESTAMP) values (99999999216,99999999621,to_date('18-MAR-22','DD-MON-RR'),to_date('18-MAR-22','DD-MON-RR'));
Insert into CBP_RULE_PARAMETER (CBP_RULE_ID,CBP_PARAMETER_ID,CBP_CREATED_TIMESTAMP,CBP_UPDATED_TIMESTAMP) values (99999999216,99999999622,to_date('18-MAR-22','DD-MON-RR'),to_date('18-MAR-22','DD-MON-RR'));
Insert into CBP_RULE_PARAMETER (CBP_RULE_ID,CBP_PARAMETER_ID,CBP_CREATED_TIMESTAMP,CBP_UPDATED_TIMESTAMP) values (99999999221,99999999631,to_date('18-MAR-22','DD-MON-RR'),to_date('18-MAR-22','DD-MON-RR'));
Insert into CBP_RULE_PARAMETER (CBP_RULE_ID,CBP_PARAMETER_ID,CBP_CREATED_TIMESTAMP,CBP_UPDATED_TIMESTAMP) values (99999999222,99999999632,to_date('18-MAR-22','DD-MON-RR'),to_date('18-MAR-22','DD-MON-RR'));
Insert into CBP_RULE_PARAMETER (CBP_RULE_ID,CBP_PARAMETER_ID,CBP_CREATED_TIMESTAMP,CBP_UPDATED_TIMESTAMP) values (99999999223,99999999633,to_date('18-MAR-22','DD-MON-RR'),to_date('18-MAR-22','DD-MON-RR'));
Insert into CBP_RULE_PARAMETER (CBP_RULE_ID,CBP_PARAMETER_ID,CBP_CREATED_TIMESTAMP,CBP_UPDATED_TIMESTAMP) values (99999999224,99999999634,to_date('18-MAR-22','DD-MON-RR'),to_date('18-MAR-22','DD-MON-RR'));
Insert into CBP_RULE_PARAMETER (CBP_RULE_ID,CBP_PARAMETER_ID,CBP_CREATED_TIMESTAMP,CBP_UPDATED_TIMESTAMP) values (99999999225,99999999635,to_date('18-MAR-22','DD-MON-RR'),to_date('18-MAR-22','DD-MON-RR'));

Insert into CBP_RULE_Q_MAPPER (CBP_RULE_ID,CBP_DB_TYPE_ID,CBP_REPOSITORY_TYPE_ID,CBP_RULE_Q_ID,CBP_CREATED_TIMESTAMP,CBP_UPDATED_TIMESTAMP,COMMENTS,CBP_RULE_Q_ID_DEPGROUP,CBP_RULE_Q_ID_LABEL) values (99999999101,3,11,'99999999101_ODI_12x_ORA_12x',to_date('18-MAR-22','DD-MON-RR'),to_date('18-MAR-22','DD-MON-RR'),'99999999101_ODI_12x_ORA_12x',null,null);
Insert into CBP_RULE_Q_MAPPER (CBP_RULE_ID,CBP_DB_TYPE_ID,CBP_REPOSITORY_TYPE_ID,CBP_RULE_Q_ID,CBP_CREATED_TIMESTAMP,CBP_UPDATED_TIMESTAMP,COMMENTS,CBP_RULE_Q_ID_DEPGROUP,CBP_RULE_Q_ID_LABEL) values (99999999102,3,11,'99999999102_ODI_12x_ORA_12x',to_date('18-MAR-22','DD-MON-RR'),to_date('18-MAR-22','DD-MON-RR'),'99999999102_ODI_12x_ORA_12x',null,null);
Insert into CBP_RULE_Q_MAPPER (CBP_RULE_ID,CBP_DB_TYPE_ID,CBP_REPOSITORY_TYPE_ID,CBP_RULE_Q_ID,CBP_CREATED_TIMESTAMP,CBP_UPDATED_TIMESTAMP,COMMENTS,CBP_RULE_Q_ID_DEPGROUP,CBP_RULE_Q_ID_LABEL) values (99999999103,3,11,'99999999103_ODI_12x_ORA_12x',to_date('18-MAR-22','DD-MON-RR'),to_date('18-MAR-22','DD-MON-RR'),'99999999103_ODI_12x_ORA_12x',null,null);
Insert into CBP_RULE_Q_MAPPER (CBP_RULE_ID,CBP_DB_TYPE_ID,CBP_REPOSITORY_TYPE_ID,CBP_RULE_Q_ID,CBP_CREATED_TIMESTAMP,CBP_UPDATED_TIMESTAMP,COMMENTS,CBP_RULE_Q_ID_DEPGROUP,CBP_RULE_Q_ID_LABEL) values (99999999104,3,11,'99999999104_ODI_12x_ORA_12x',to_date('18-MAR-22','DD-MON-RR'),to_date('18-MAR-22','DD-MON-RR'),'99999999104_ODI_12x_ORA_12x',null,null);
Insert into CBP_RULE_Q_MAPPER (CBP_RULE_ID,CBP_DB_TYPE_ID,CBP_REPOSITORY_TYPE_ID,CBP_RULE_Q_ID,CBP_CREATED_TIMESTAMP,CBP_UPDATED_TIMESTAMP,COMMENTS,CBP_RULE_Q_ID_DEPGROUP,CBP_RULE_Q_ID_LABEL) values (99999999105,3,11,'99999999105_ODI_12x_ORA_12x',to_date('18-MAR-22','DD-MON-RR'),to_date('18-MAR-22','DD-MON-RR'),'99999999105_ODI_12x_ORA_12x',null,null);
Insert into CBP_RULE_Q_MAPPER (CBP_RULE_ID,CBP_DB_TYPE_ID,CBP_REPOSITORY_TYPE_ID,CBP_RULE_Q_ID,CBP_CREATED_TIMESTAMP,CBP_UPDATED_TIMESTAMP,COMMENTS,CBP_RULE_Q_ID_DEPGROUP,CBP_RULE_Q_ID_LABEL) values (99999999106,3,11,'99999999106_ODI_12x_ORA_12x',to_date('18-MAR-22','DD-MON-RR'),to_date('18-MAR-22','DD-MON-RR'),'99999999106_ODI_12x_ORA_12x',null,null);
Insert into CBP_RULE_Q_MAPPER (CBP_RULE_ID,CBP_DB_TYPE_ID,CBP_REPOSITORY_TYPE_ID,CBP_RULE_Q_ID,CBP_CREATED_TIMESTAMP,CBP_UPDATED_TIMESTAMP,COMMENTS,CBP_RULE_Q_ID_DEPGROUP,CBP_RULE_Q_ID_LABEL) values (99999999107,3,11,'99999999107_ODI_12x_ORA_12x',to_date('18-MAR-22','DD-MON-RR'),to_date('18-MAR-22','DD-MON-RR'),'99999999107_ODI_12x_ORA_12x',null,null);
Insert into CBP_RULE_Q_MAPPER (CBP_RULE_ID,CBP_DB_TYPE_ID,CBP_REPOSITORY_TYPE_ID,CBP_RULE_Q_ID,CBP_CREATED_TIMESTAMP,CBP_UPDATED_TIMESTAMP,COMMENTS,CBP_RULE_Q_ID_DEPGROUP,CBP_RULE_Q_ID_LABEL) values (99999999108,3,11,'99999999108_ODI_12x_ORA_12x',to_date('18-MAR-22','DD-MON-RR'),to_date('18-MAR-22','DD-MON-RR'),'99999999108_ODI_12x_ORA_12x',null,null);
Insert into CBP_RULE_Q_MAPPER (CBP_RULE_ID,CBP_DB_TYPE_ID,CBP_REPOSITORY_TYPE_ID,CBP_RULE_Q_ID,CBP_CREATED_TIMESTAMP,CBP_UPDATED_TIMESTAMP,COMMENTS,CBP_RULE_Q_ID_DEPGROUP,CBP_RULE_Q_ID_LABEL) values (99999999109,3,11,'99999999109_ODI_12x_ORA_12x',to_date('18-MAR-22','DD-MON-RR'),to_date('18-MAR-22','DD-MON-RR'),'99999999109_ODI_12x_ORA_12x',null,null);
Insert into CBP_RULE_Q_MAPPER (CBP_RULE_ID,CBP_DB_TYPE_ID,CBP_REPOSITORY_TYPE_ID,CBP_RULE_Q_ID,CBP_CREATED_TIMESTAMP,CBP_UPDATED_TIMESTAMP,COMMENTS,CBP_RULE_Q_ID_DEPGROUP,CBP_RULE_Q_ID_LABEL) values (99999999110,3,11,'99999999110_ODI_12x_ORA_12x',to_date('18-MAR-22','DD-MON-RR'),to_date('18-MAR-22','DD-MON-RR'),'99999999110_ODI_12x_ORA_12x',null,null);
Insert into CBP_RULE_Q_MAPPER (CBP_RULE_ID,CBP_DB_TYPE_ID,CBP_REPOSITORY_TYPE_ID,CBP_RULE_Q_ID,CBP_CREATED_TIMESTAMP,CBP_UPDATED_TIMESTAMP,COMMENTS,CBP_RULE_Q_ID_DEPGROUP,CBP_RULE_Q_ID_LABEL) values (99999999111,3,11,'99999999111_ODI_12x_ORA_12x',to_date('18-MAR-22','DD-MON-RR'),to_date('18-MAR-22','DD-MON-RR'),'99999999111_ODI_12x_ORA_12x',null,null);
Insert into CBP_RULE_Q_MAPPER (CBP_RULE_ID,CBP_DB_TYPE_ID,CBP_REPOSITORY_TYPE_ID,CBP_RULE_Q_ID,CBP_CREATED_TIMESTAMP,CBP_UPDATED_TIMESTAMP,COMMENTS,CBP_RULE_Q_ID_DEPGROUP,CBP_RULE_Q_ID_LABEL) values (99999999112,3,11,'99999999112_ODI_12x_ORA_12x',to_date('18-MAR-22','DD-MON-RR'),to_date('18-MAR-22','DD-MON-RR'),'99999999112_ODI_12x_ORA_12x',null,null);
Insert into CBP_RULE_Q_MAPPER (CBP_RULE_ID,CBP_DB_TYPE_ID,CBP_REPOSITORY_TYPE_ID,CBP_RULE_Q_ID,CBP_CREATED_TIMESTAMP,CBP_UPDATED_TIMESTAMP,COMMENTS,CBP_RULE_Q_ID_DEPGROUP,CBP_RULE_Q_ID_LABEL) values (99999999114,3,11,'99999999114_ODI_12x_ORA_12x',to_date('18-MAR-22','DD-MON-RR'),to_date('18-MAR-22','DD-MON-RR'),'99999999114_ODI_12x_ORA_12x',null,null);
Insert into CBP_RULE_Q_MAPPER (CBP_RULE_ID,CBP_DB_TYPE_ID,CBP_REPOSITORY_TYPE_ID,CBP_RULE_Q_ID,CBP_CREATED_TIMESTAMP,CBP_UPDATED_TIMESTAMP,COMMENTS,CBP_RULE_Q_ID_DEPGROUP,CBP_RULE_Q_ID_LABEL) values (99999999116,3,11,'99999999116_ODI_12x_ORA_12x',to_date('18-MAR-22','DD-MON-RR'),to_date('18-MAR-22','DD-MON-RR'),'99999999116_ODI_12x_ORA_12x',null,null);
Insert into CBP_RULE_Q_MAPPER (CBP_RULE_ID,CBP_DB_TYPE_ID,CBP_REPOSITORY_TYPE_ID,CBP_RULE_Q_ID,CBP_CREATED_TIMESTAMP,CBP_UPDATED_TIMESTAMP,COMMENTS,CBP_RULE_Q_ID_DEPGROUP,CBP_RULE_Q_ID_LABEL) values (99999999117,3,11,'99999999117_ODI_12x_ORA_12x',to_date('18-MAR-22','DD-MON-RR'),to_date('18-MAR-22','DD-MON-RR'),'99999999117_ODI_12x_ORA_12x',null,null);
Insert into CBP_RULE_Q_MAPPER (CBP_RULE_ID,CBP_DB_TYPE_ID,CBP_REPOSITORY_TYPE_ID,CBP_RULE_Q_ID,CBP_CREATED_TIMESTAMP,CBP_UPDATED_TIMESTAMP,COMMENTS,CBP_RULE_Q_ID_DEPGROUP,CBP_RULE_Q_ID_LABEL) values (99999999118,3,11,'99999999118_ODI_12x_ORA_12x',to_date('18-MAR-22','DD-MON-RR'),to_date('18-MAR-22','DD-MON-RR'),'99999999118_ODI_12x_ORA_12x',null,null);
Insert into CBP_RULE_Q_MAPPER (CBP_RULE_ID,CBP_DB_TYPE_ID,CBP_REPOSITORY_TYPE_ID,CBP_RULE_Q_ID,CBP_CREATED_TIMESTAMP,CBP_UPDATED_TIMESTAMP,COMMENTS,CBP_RULE_Q_ID_DEPGROUP,CBP_RULE_Q_ID_LABEL) values (99999999120,3,11,'99999999120_ODI_12x_ORA_12x',to_date('18-MAR-22','DD-MON-RR'),to_date('18-MAR-22','DD-MON-RR'),'99999999120_ODI_12x_ORA_12x',null,null);
Insert into CBP_RULE_Q_MAPPER (CBP_RULE_ID,CBP_DB_TYPE_ID,CBP_REPOSITORY_TYPE_ID,CBP_RULE_Q_ID,CBP_CREATED_TIMESTAMP,CBP_UPDATED_TIMESTAMP,COMMENTS,CBP_RULE_Q_ID_DEPGROUP,CBP_RULE_Q_ID_LABEL) values (99999999122,3,11,'99999999122_ODI_12x_ORA_12x',to_date('18-MAR-22','DD-MON-RR'),to_date('18-MAR-22','DD-MON-RR'),'99999999122_ODI_12x_ORA_12x',null,null);
Insert into CBP_RULE_Q_MAPPER (CBP_RULE_ID,CBP_DB_TYPE_ID,CBP_REPOSITORY_TYPE_ID,CBP_RULE_Q_ID,CBP_CREATED_TIMESTAMP,CBP_UPDATED_TIMESTAMP,COMMENTS,CBP_RULE_Q_ID_DEPGROUP,CBP_RULE_Q_ID_LABEL) values (99999999125,3,11,'99999999125_ODI_12x_ORA_12x',to_date('18-MAR-22','DD-MON-RR'),to_date('18-MAR-22','DD-MON-RR'),'99999999125_ODI_12x_ORA_12x',null,null);
Insert into CBP_RULE_Q_MAPPER (CBP_RULE_ID,CBP_DB_TYPE_ID,CBP_REPOSITORY_TYPE_ID,CBP_RULE_Q_ID,CBP_CREATED_TIMESTAMP,CBP_UPDATED_TIMESTAMP,COMMENTS,CBP_RULE_Q_ID_DEPGROUP,CBP_RULE_Q_ID_LABEL) values (99999999127,3,11,'99999999127_ODI_12x_ORA_12x',to_date('18-MAR-22','DD-MON-RR'),to_date('18-MAR-22','DD-MON-RR'),'99999999127_ODI_12x_ORA_12x',null,null);
Insert into CBP_RULE_Q_MAPPER (CBP_RULE_ID,CBP_DB_TYPE_ID,CBP_REPOSITORY_TYPE_ID,CBP_RULE_Q_ID,CBP_CREATED_TIMESTAMP,CBP_UPDATED_TIMESTAMP,COMMENTS,CBP_RULE_Q_ID_DEPGROUP,CBP_RULE_Q_ID_LABEL) values (99999999128,3,11,'99999999128_ODI_12x_ORA_12x',to_date('18-MAR-22','DD-MON-RR'),to_date('18-MAR-22','DD-MON-RR'),'99999999128_ODI_12x_ORA_12x',null,null);
Insert into CBP_RULE_Q_MAPPER (CBP_RULE_ID,CBP_DB_TYPE_ID,CBP_REPOSITORY_TYPE_ID,CBP_RULE_Q_ID,CBP_CREATED_TIMESTAMP,CBP_UPDATED_TIMESTAMP,COMMENTS,CBP_RULE_Q_ID_DEPGROUP,CBP_RULE_Q_ID_LABEL) values (99999999129,3,11,'99999999129_ODI_12x_ORA_12x',to_date('18-MAR-22','DD-MON-RR'),to_date('18-MAR-22','DD-MON-RR'),'99999999129_ODI_12x_ORA_12x',null,null);
Insert into CBP_RULE_Q_MAPPER (CBP_RULE_ID,CBP_DB_TYPE_ID,CBP_REPOSITORY_TYPE_ID,CBP_RULE_Q_ID,CBP_CREATED_TIMESTAMP,CBP_UPDATED_TIMESTAMP,COMMENTS,CBP_RULE_Q_ID_DEPGROUP,CBP_RULE_Q_ID_LABEL) values (99999999130,3,11,'99999999130_ODI_12x_ORA_12x',to_date('18-MAR-22','DD-MON-RR'),to_date('18-MAR-22','DD-MON-RR'),'99999999130_ODI_12x_ORA_12x',null,null);
Insert into CBP_RULE_Q_MAPPER (CBP_RULE_ID,CBP_DB_TYPE_ID,CBP_REPOSITORY_TYPE_ID,CBP_RULE_Q_ID,CBP_CREATED_TIMESTAMP,CBP_UPDATED_TIMESTAMP,COMMENTS,CBP_RULE_Q_ID_DEPGROUP,CBP_RULE_Q_ID_LABEL) values (99999999131,3,11,'99999999131_ODI_12x_ORA_12x',to_date('18-MAR-22','DD-MON-RR'),to_date('18-MAR-22','DD-MON-RR'),'99999999131_ODI_12x_ORA_12x',null,null);
Insert into CBP_RULE_Q_MAPPER (CBP_RULE_ID,CBP_DB_TYPE_ID,CBP_REPOSITORY_TYPE_ID,CBP_RULE_Q_ID,CBP_CREATED_TIMESTAMP,CBP_UPDATED_TIMESTAMP,COMMENTS,CBP_RULE_Q_ID_DEPGROUP,CBP_RULE_Q_ID_LABEL) values (99999999132,3,11,'99999999132_ODI_12x_ORA_12x',to_date('18-MAR-22','DD-MON-RR'),to_date('18-MAR-22','DD-MON-RR'),'99999999132_ODI_12x_ORA_12x',null,null);
Insert into CBP_RULE_Q_MAPPER (CBP_RULE_ID,CBP_DB_TYPE_ID,CBP_REPOSITORY_TYPE_ID,CBP_RULE_Q_ID,CBP_CREATED_TIMESTAMP,CBP_UPDATED_TIMESTAMP,COMMENTS,CBP_RULE_Q_ID_DEPGROUP,CBP_RULE_Q_ID_LABEL) values (99999999133,3,11,'99999999133_ODI_12x_ORA_12x',to_date('18-MAR-22','DD-MON-RR'),to_date('18-MAR-22','DD-MON-RR'),'99999999133_ODI_12x_ORA_12x',null,null);
Insert into CBP_RULE_Q_MAPPER (CBP_RULE_ID,CBP_DB_TYPE_ID,CBP_REPOSITORY_TYPE_ID,CBP_RULE_Q_ID,CBP_CREATED_TIMESTAMP,CBP_UPDATED_TIMESTAMP,COMMENTS,CBP_RULE_Q_ID_DEPGROUP,CBP_RULE_Q_ID_LABEL) values (99999999135,3,11,'99999999135_ODI_12x_ORA_12x',to_date('18-MAR-22','DD-MON-RR'),to_date('18-MAR-22','DD-MON-RR'),'99999999135_ODI_12x_ORA_12x',null,null);
Insert into CBP_RULE_Q_MAPPER (CBP_RULE_ID,CBP_DB_TYPE_ID,CBP_REPOSITORY_TYPE_ID,CBP_RULE_Q_ID,CBP_CREATED_TIMESTAMP,CBP_UPDATED_TIMESTAMP,COMMENTS,CBP_RULE_Q_ID_DEPGROUP,CBP_RULE_Q_ID_LABEL) values (99999999136,3,11,'99999999136_ODI_12x_ORA_12x',to_date('18-MAR-22','DD-MON-RR'),to_date('18-MAR-22','DD-MON-RR'),'99999999136_ODI_12x_ORA_12x',null,null);
Insert into CBP_RULE_Q_MAPPER (CBP_RULE_ID,CBP_DB_TYPE_ID,CBP_REPOSITORY_TYPE_ID,CBP_RULE_Q_ID,CBP_CREATED_TIMESTAMP,CBP_UPDATED_TIMESTAMP,COMMENTS,CBP_RULE_Q_ID_DEPGROUP,CBP_RULE_Q_ID_LABEL) values (99999999137,3,11,'99999999137_ODI_12x_ORA_12x',to_date('18-MAR-22','DD-MON-RR'),to_date('18-MAR-22','DD-MON-RR'),'99999999137_ODI_12x_ORA_12x',null,null);
Insert into CBP_RULE_Q_MAPPER (CBP_RULE_ID,CBP_DB_TYPE_ID,CBP_REPOSITORY_TYPE_ID,CBP_RULE_Q_ID,CBP_CREATED_TIMESTAMP,CBP_UPDATED_TIMESTAMP,COMMENTS,CBP_RULE_Q_ID_DEPGROUP,CBP_RULE_Q_ID_LABEL) values (99999999140,3,11,'99999999140_ODI_12x_ORA_12x',to_date('18-MAR-22','DD-MON-RR'),to_date('18-MAR-22','DD-MON-RR'),'99999999140_ODI_12x_ORA_12x',null,null);
Insert into CBP_RULE_Q_MAPPER (CBP_RULE_ID,CBP_DB_TYPE_ID,CBP_REPOSITORY_TYPE_ID,CBP_RULE_Q_ID,CBP_CREATED_TIMESTAMP,CBP_UPDATED_TIMESTAMP,COMMENTS,CBP_RULE_Q_ID_DEPGROUP,CBP_RULE_Q_ID_LABEL) values (99999999142,3,11,'99999999142_ODI_12x_ORA_12x',to_date('18-MAR-22','DD-MON-RR'),to_date('18-MAR-22','DD-MON-RR'),'99999999142_ODI_12x_ORA_12x',null,null);
Insert into CBP_RULE_Q_MAPPER (CBP_RULE_ID,CBP_DB_TYPE_ID,CBP_REPOSITORY_TYPE_ID,CBP_RULE_Q_ID,CBP_CREATED_TIMESTAMP,CBP_UPDATED_TIMESTAMP,COMMENTS,CBP_RULE_Q_ID_DEPGROUP,CBP_RULE_Q_ID_LABEL) values (99999999143,3,11,'99999999143_ODI_12x_ORA_12x',to_date('18-MAR-22','DD-MON-RR'),to_date('18-MAR-22','DD-MON-RR'),'99999999143_ODI_12x_ORA_12x',null,null);
Insert into CBP_RULE_Q_MAPPER (CBP_RULE_ID,CBP_DB_TYPE_ID,CBP_REPOSITORY_TYPE_ID,CBP_RULE_Q_ID,CBP_CREATED_TIMESTAMP,CBP_UPDATED_TIMESTAMP,COMMENTS,CBP_RULE_Q_ID_DEPGROUP,CBP_RULE_Q_ID_LABEL) values (99999999144,3,11,'99999999144_ODI_12x_ORA_12x',to_date('18-MAR-22','DD-MON-RR'),to_date('18-MAR-22','DD-MON-RR'),'99999999144_ODI_12x_ORA_12x',null,null);
Insert into CBP_RULE_Q_MAPPER (CBP_RULE_ID,CBP_DB_TYPE_ID,CBP_REPOSITORY_TYPE_ID,CBP_RULE_Q_ID,CBP_CREATED_TIMESTAMP,CBP_UPDATED_TIMESTAMP,COMMENTS,CBP_RULE_Q_ID_DEPGROUP,CBP_RULE_Q_ID_LABEL) values (99999999145,3,11,'99999999145_ODI_12x_ORA_12x',to_date('18-MAR-22','DD-MON-RR'),to_date('18-MAR-22','DD-MON-RR'),'99999999145_ODI_12x_ORA_12x',null,null);
Insert into CBP_RULE_Q_MAPPER (CBP_RULE_ID,CBP_DB_TYPE_ID,CBP_REPOSITORY_TYPE_ID,CBP_RULE_Q_ID,CBP_CREATED_TIMESTAMP,CBP_UPDATED_TIMESTAMP,COMMENTS,CBP_RULE_Q_ID_DEPGROUP,CBP_RULE_Q_ID_LABEL) values (99999999146,3,11,'99999999146_ODI_12x_ORA_12x',to_date('18-MAR-22','DD-MON-RR'),to_date('18-MAR-22','DD-MON-RR'),'99999999146_ODI_12x_ORA_12x',null,null);
Insert into CBP_RULE_Q_MAPPER (CBP_RULE_ID,CBP_DB_TYPE_ID,CBP_REPOSITORY_TYPE_ID,CBP_RULE_Q_ID,CBP_CREATED_TIMESTAMP,CBP_UPDATED_TIMESTAMP,COMMENTS,CBP_RULE_Q_ID_DEPGROUP,CBP_RULE_Q_ID_LABEL) values (99999999147,3,11,'99999999147_ODI_12x_ORA_12x',to_date('18-MAR-22','DD-MON-RR'),to_date('18-MAR-22','DD-MON-RR'),'99999999147_ODI_12x_ORA_12x',null,null);
Insert into CBP_RULE_Q_MAPPER (CBP_RULE_ID,CBP_DB_TYPE_ID,CBP_REPOSITORY_TYPE_ID,CBP_RULE_Q_ID,CBP_CREATED_TIMESTAMP,CBP_UPDATED_TIMESTAMP,COMMENTS,CBP_RULE_Q_ID_DEPGROUP,CBP_RULE_Q_ID_LABEL) values (99999999148,3,11,'99999999148_ODI_12x_ORA_12x',to_date('18-MAR-22','DD-MON-RR'),to_date('18-MAR-22','DD-MON-RR'),'99999999148_ODI_12x_ORA_12x',null,null);
Insert into CBP_RULE_Q_MAPPER (CBP_RULE_ID,CBP_DB_TYPE_ID,CBP_REPOSITORY_TYPE_ID,CBP_RULE_Q_ID,CBP_CREATED_TIMESTAMP,CBP_UPDATED_TIMESTAMP,COMMENTS,CBP_RULE_Q_ID_DEPGROUP,CBP_RULE_Q_ID_LABEL) values (99999999149,3,11,'99999999149_ODI_12x_ORA_12x',to_date('18-MAR-22','DD-MON-RR'),to_date('18-MAR-22','DD-MON-RR'),'99999999149_ODI_12x_ORA_12x',null,null);
Insert into CBP_RULE_Q_MAPPER (CBP_RULE_ID,CBP_DB_TYPE_ID,CBP_REPOSITORY_TYPE_ID,CBP_RULE_Q_ID,CBP_CREATED_TIMESTAMP,CBP_UPDATED_TIMESTAMP,COMMENTS,CBP_RULE_Q_ID_DEPGROUP,CBP_RULE_Q_ID_LABEL) values (99999999150,3,11,'99999999150_ODI_12x_ORA_12x',to_date('18-MAR-22','DD-MON-RR'),to_date('18-MAR-22','DD-MON-RR'),'99999999150_ODI_12x_ORA_12x',null,null);
Insert into CBP_RULE_Q_MAPPER (CBP_RULE_ID,CBP_DB_TYPE_ID,CBP_REPOSITORY_TYPE_ID,CBP_RULE_Q_ID,CBP_CREATED_TIMESTAMP,CBP_UPDATED_TIMESTAMP,COMMENTS,CBP_RULE_Q_ID_DEPGROUP,CBP_RULE_Q_ID_LABEL) values (99999999151,3,11,'99999999151_ODI_12x_ORA_12x',to_date('18-MAR-22','DD-MON-RR'),to_date('18-MAR-22','DD-MON-RR'),'99999999151_ODI_12x_ORA_12x',null,null);
Insert into CBP_RULE_Q_MAPPER (CBP_RULE_ID,CBP_DB_TYPE_ID,CBP_REPOSITORY_TYPE_ID,CBP_RULE_Q_ID,CBP_CREATED_TIMESTAMP,CBP_UPDATED_TIMESTAMP,COMMENTS,CBP_RULE_Q_ID_DEPGROUP,CBP_RULE_Q_ID_LABEL) values (99999999152,3,11,'99999999152_ODI_12x_ORA_12x',to_date('18-MAR-22','DD-MON-RR'),to_date('18-MAR-22','DD-MON-RR'),'99999999152_ODI_12x_ORA_12x',null,null);
Insert into CBP_RULE_Q_MAPPER (CBP_RULE_ID,CBP_DB_TYPE_ID,CBP_REPOSITORY_TYPE_ID,CBP_RULE_Q_ID,CBP_CREATED_TIMESTAMP,CBP_UPDATED_TIMESTAMP,COMMENTS,CBP_RULE_Q_ID_DEPGROUP,CBP_RULE_Q_ID_LABEL) values (99999999153,3,11,'99999999153_ODI_12x_ORA_12x',to_date('18-MAR-22','DD-MON-RR'),to_date('18-MAR-22','DD-MON-RR'),'99999999153_ODI_12x_ORA_12x',null,null);
Insert into CBP_RULE_Q_MAPPER (CBP_RULE_ID,CBP_DB_TYPE_ID,CBP_REPOSITORY_TYPE_ID,CBP_RULE_Q_ID,CBP_CREATED_TIMESTAMP,CBP_UPDATED_TIMESTAMP,COMMENTS,CBP_RULE_Q_ID_DEPGROUP,CBP_RULE_Q_ID_LABEL) values (99999999154,3,11,'99999999154_ODI_12x_ORA_12x',to_date('18-MAR-22','DD-MON-RR'),to_date('18-MAR-22','DD-MON-RR'),'99999999154_ODI_12x_ORA_12x',null,null);
Insert into CBP_RULE_Q_MAPPER (CBP_RULE_ID,CBP_DB_TYPE_ID,CBP_REPOSITORY_TYPE_ID,CBP_RULE_Q_ID,CBP_CREATED_TIMESTAMP,CBP_UPDATED_TIMESTAMP,COMMENTS,CBP_RULE_Q_ID_DEPGROUP,CBP_RULE_Q_ID_LABEL) values (99999999155,3,11,'99999999155_ODI_12x_ORA_12x',to_date('18-MAR-22','DD-MON-RR'),to_date('18-MAR-22','DD-MON-RR'),'99999999155_ODI_12x_ORA_12x',null,null);
Insert into CBP_RULE_Q_MAPPER (CBP_RULE_ID,CBP_DB_TYPE_ID,CBP_REPOSITORY_TYPE_ID,CBP_RULE_Q_ID,CBP_CREATED_TIMESTAMP,CBP_UPDATED_TIMESTAMP,COMMENTS,CBP_RULE_Q_ID_DEPGROUP,CBP_RULE_Q_ID_LABEL) values (99999999156,3,11,'99999999156_ODI_12x_ORA_12x',to_date('18-MAR-22','DD-MON-RR'),to_date('18-MAR-22','DD-MON-RR'),'99999999156_ODI_12x_ORA_12x',null,null);
Insert into CBP_RULE_Q_MAPPER (CBP_RULE_ID,CBP_DB_TYPE_ID,CBP_REPOSITORY_TYPE_ID,CBP_RULE_Q_ID,CBP_CREATED_TIMESTAMP,CBP_UPDATED_TIMESTAMP,COMMENTS,CBP_RULE_Q_ID_DEPGROUP,CBP_RULE_Q_ID_LABEL) values (99999999157,3,11,'99999999157_ODI_12x_ORA_12x',to_date('18-MAR-22','DD-MON-RR'),to_date('18-MAR-22','DD-MON-RR'),'99999999157_ODI_12x_ORA_12x',null,null);
Insert into CBP_RULE_Q_MAPPER (CBP_RULE_ID,CBP_DB_TYPE_ID,CBP_REPOSITORY_TYPE_ID,CBP_RULE_Q_ID,CBP_CREATED_TIMESTAMP,CBP_UPDATED_TIMESTAMP,COMMENTS,CBP_RULE_Q_ID_DEPGROUP,CBP_RULE_Q_ID_LABEL) values (99999999158,3,11,'99999999158_ODI_12x_ORA_12x',to_date('18-MAR-22','DD-MON-RR'),to_date('18-MAR-22','DD-MON-RR'),'99999999158_ODI_12x_ORA_12x',null,null);
Insert into CBP_RULE_Q_MAPPER (CBP_RULE_ID,CBP_DB_TYPE_ID,CBP_REPOSITORY_TYPE_ID,CBP_RULE_Q_ID,CBP_CREATED_TIMESTAMP,CBP_UPDATED_TIMESTAMP,COMMENTS,CBP_RULE_Q_ID_DEPGROUP,CBP_RULE_Q_ID_LABEL) values (99999999159,3,11,'99999999159_ODI_12x_ORA_12x',to_date('18-MAR-22','DD-MON-RR'),to_date('18-MAR-22','DD-MON-RR'),'99999999159_ODI_12x_ORA_12x',null,null);
Insert into CBP_RULE_Q_MAPPER (CBP_RULE_ID,CBP_DB_TYPE_ID,CBP_REPOSITORY_TYPE_ID,CBP_RULE_Q_ID,CBP_CREATED_TIMESTAMP,CBP_UPDATED_TIMESTAMP,COMMENTS,CBP_RULE_Q_ID_DEPGROUP,CBP_RULE_Q_ID_LABEL) values (99999999160,3,11,'99999999160_ODI_12x_ORA_12x',to_date('18-MAR-22','DD-MON-RR'),to_date('18-MAR-22','DD-MON-RR'),'99999999160_ODI_12x_ORA_12x',null,null);
Insert into CBP_RULE_Q_MAPPER (CBP_RULE_ID,CBP_DB_TYPE_ID,CBP_REPOSITORY_TYPE_ID,CBP_RULE_Q_ID,CBP_CREATED_TIMESTAMP,CBP_UPDATED_TIMESTAMP,COMMENTS,CBP_RULE_Q_ID_DEPGROUP,CBP_RULE_Q_ID_LABEL) values (99999999161,3,11,'99999999161_ODI_12x_ORA_12x',to_date('18-MAR-22','DD-MON-RR'),to_date('18-MAR-22','DD-MON-RR'),'99999999161_ODI_12x_ORA_12x',null,null);
Insert into CBP_RULE_Q_MAPPER (CBP_RULE_ID,CBP_DB_TYPE_ID,CBP_REPOSITORY_TYPE_ID,CBP_RULE_Q_ID,CBP_CREATED_TIMESTAMP,CBP_UPDATED_TIMESTAMP,COMMENTS,CBP_RULE_Q_ID_DEPGROUP,CBP_RULE_Q_ID_LABEL) values (99999999162,3,11,'99999999162_ODI_12x_ORA_12x',to_date('18-MAR-22','DD-MON-RR'),to_date('18-MAR-22','DD-MON-RR'),'99999999162_ODI_12x_ORA_12x',null,null);
Insert into CBP_RULE_Q_MAPPER (CBP_RULE_ID,CBP_DB_TYPE_ID,CBP_REPOSITORY_TYPE_ID,CBP_RULE_Q_ID,CBP_CREATED_TIMESTAMP,CBP_UPDATED_TIMESTAMP,COMMENTS,CBP_RULE_Q_ID_DEPGROUP,CBP_RULE_Q_ID_LABEL) values (99999999163,3,11,'99999999163_ODI_12x_ORA_12x',to_date('18-MAR-22','DD-MON-RR'),to_date('18-MAR-22','DD-MON-RR'),'99999999163_ODI_12x_ORA_12x',null,null);
Insert into CBP_RULE_Q_MAPPER (CBP_RULE_ID,CBP_DB_TYPE_ID,CBP_REPOSITORY_TYPE_ID,CBP_RULE_Q_ID,CBP_CREATED_TIMESTAMP,CBP_UPDATED_TIMESTAMP,COMMENTS,CBP_RULE_Q_ID_DEPGROUP,CBP_RULE_Q_ID_LABEL) values (99999999164,3,11,'99999999164_ODI_12x_ORA_12x',to_date('18-MAR-22','DD-MON-RR'),to_date('18-MAR-22','DD-MON-RR'),'99999999164_ODI_12x_ORA_12x',null,null);
Insert into CBP_RULE_Q_MAPPER (CBP_RULE_ID,CBP_DB_TYPE_ID,CBP_REPOSITORY_TYPE_ID,CBP_RULE_Q_ID,CBP_CREATED_TIMESTAMP,CBP_UPDATED_TIMESTAMP,COMMENTS,CBP_RULE_Q_ID_DEPGROUP,CBP_RULE_Q_ID_LABEL) values (99999999165,3,11,'99999999165_ODI_12x_ORA_12x',to_date('18-MAR-22','DD-MON-RR'),to_date('18-MAR-22','DD-MON-RR'),'99999999165_ODI_12x_ORA_12x',null,null);
Insert into CBP_RULE_Q_MAPPER (CBP_RULE_ID,CBP_DB_TYPE_ID,CBP_REPOSITORY_TYPE_ID,CBP_RULE_Q_ID,CBP_CREATED_TIMESTAMP,CBP_UPDATED_TIMESTAMP,COMMENTS,CBP_RULE_Q_ID_DEPGROUP,CBP_RULE_Q_ID_LABEL) values (99999999166,3,11,'99999999166_ODI_12x_ORA_12x',to_date('18-MAR-22','DD-MON-RR'),to_date('18-MAR-22','DD-MON-RR'),'99999999166_ODI_12x_ORA_12x',null,null);
Insert into CBP_RULE_Q_MAPPER (CBP_RULE_ID,CBP_DB_TYPE_ID,CBP_REPOSITORY_TYPE_ID,CBP_RULE_Q_ID,CBP_CREATED_TIMESTAMP,CBP_UPDATED_TIMESTAMP,COMMENTS,CBP_RULE_Q_ID_DEPGROUP,CBP_RULE_Q_ID_LABEL) values (99999999167,3,11,'99999999167_ODI_12x_ORA_12x',to_date('18-MAR-22','DD-MON-RR'),to_date('18-MAR-22','DD-MON-RR'),'99999999167_ODI_12x_ORA_12x',null,null);
Insert into CBP_RULE_Q_MAPPER (CBP_RULE_ID,CBP_DB_TYPE_ID,CBP_REPOSITORY_TYPE_ID,CBP_RULE_Q_ID,CBP_CREATED_TIMESTAMP,CBP_UPDATED_TIMESTAMP,COMMENTS,CBP_RULE_Q_ID_DEPGROUP,CBP_RULE_Q_ID_LABEL) values (99999999168,3,11,'99999999168_ODI_12x_ORA_12x',to_date('18-MAR-22','DD-MON-RR'),to_date('18-MAR-22','DD-MON-RR'),'99999999168_ODI_12x_ORA_12x',null,null);
Insert into CBP_RULE_Q_MAPPER (CBP_RULE_ID,CBP_DB_TYPE_ID,CBP_REPOSITORY_TYPE_ID,CBP_RULE_Q_ID,CBP_CREATED_TIMESTAMP,CBP_UPDATED_TIMESTAMP,COMMENTS,CBP_RULE_Q_ID_DEPGROUP,CBP_RULE_Q_ID_LABEL) values (99999999169,3,11,'99999999169_ODI_12x_ORA_12x',to_date('18-MAR-22','DD-MON-RR'),to_date('18-MAR-22','DD-MON-RR'),'99999999169_ODI_12x_ORA_12x',null,null);
Insert into CBP_RULE_Q_MAPPER (CBP_RULE_ID,CBP_DB_TYPE_ID,CBP_REPOSITORY_TYPE_ID,CBP_RULE_Q_ID,CBP_CREATED_TIMESTAMP,CBP_UPDATED_TIMESTAMP,COMMENTS,CBP_RULE_Q_ID_DEPGROUP,CBP_RULE_Q_ID_LABEL) values (99999999170,3,11,'99999999170_ODI_12x_ORA_12x',to_date('18-MAR-22','DD-MON-RR'),to_date('18-MAR-22','DD-MON-RR'),'99999999170_ODI_12x_ORA_12x',null,null);
Insert into CBP_RULE_Q_MAPPER (CBP_RULE_ID,CBP_DB_TYPE_ID,CBP_REPOSITORY_TYPE_ID,CBP_RULE_Q_ID,CBP_CREATED_TIMESTAMP,CBP_UPDATED_TIMESTAMP,COMMENTS,CBP_RULE_Q_ID_DEPGROUP,CBP_RULE_Q_ID_LABEL) values (99999999171,3,11,'99999999171_ODI_12x_ORA_12x',to_date('18-MAR-22','DD-MON-RR'),to_date('18-MAR-22','DD-MON-RR'),'99999999171_ODI_12x_ORA_12x',null,null);
Insert into CBP_RULE_Q_MAPPER (CBP_RULE_ID,CBP_DB_TYPE_ID,CBP_REPOSITORY_TYPE_ID,CBP_RULE_Q_ID,CBP_CREATED_TIMESTAMP,CBP_UPDATED_TIMESTAMP,COMMENTS,CBP_RULE_Q_ID_DEPGROUP,CBP_RULE_Q_ID_LABEL) values (99999999172,3,11,'99999999172_ODI_12x_ORA_12x',to_date('18-MAR-22','DD-MON-RR'),to_date('18-MAR-22','DD-MON-RR'),'99999999172_ODI_12x_ORA_12x',null,null);
Insert into CBP_RULE_Q_MAPPER (CBP_RULE_ID,CBP_DB_TYPE_ID,CBP_REPOSITORY_TYPE_ID,CBP_RULE_Q_ID,CBP_CREATED_TIMESTAMP,CBP_UPDATED_TIMESTAMP,COMMENTS,CBP_RULE_Q_ID_DEPGROUP,CBP_RULE_Q_ID_LABEL) values (99999999173,3,11,'99999999173_ODI_12x_ORA_12x',to_date('18-MAR-22','DD-MON-RR'),to_date('18-MAR-22','DD-MON-RR'),'99999999173_ODI_12x_ORA_12x',null,null);
Insert into CBP_RULE_Q_MAPPER (CBP_RULE_ID,CBP_DB_TYPE_ID,CBP_REPOSITORY_TYPE_ID,CBP_RULE_Q_ID,CBP_CREATED_TIMESTAMP,CBP_UPDATED_TIMESTAMP,COMMENTS,CBP_RULE_Q_ID_DEPGROUP,CBP_RULE_Q_ID_LABEL) values (99999999174,3,11,'99999999174_ODI_12x_ORA_12x',to_date('18-MAR-22','DD-MON-RR'),to_date('18-MAR-22','DD-MON-RR'),'99999999174_ODI_12x_ORA_12x',null,null);
Insert into CBP_RULE_Q_MAPPER (CBP_RULE_ID,CBP_DB_TYPE_ID,CBP_REPOSITORY_TYPE_ID,CBP_RULE_Q_ID,CBP_CREATED_TIMESTAMP,CBP_UPDATED_TIMESTAMP,COMMENTS,CBP_RULE_Q_ID_DEPGROUP,CBP_RULE_Q_ID_LABEL) values (99999999175,3,11,'99999999175_ODI_12x_ORA_12x',to_date('18-MAR-22','DD-MON-RR'),to_date('18-MAR-22','DD-MON-RR'),'99999999175_ODI_12x_ORA_12x',null,null);
Insert into CBP_RULE_Q_MAPPER (CBP_RULE_ID,CBP_DB_TYPE_ID,CBP_REPOSITORY_TYPE_ID,CBP_RULE_Q_ID,CBP_CREATED_TIMESTAMP,CBP_UPDATED_TIMESTAMP,COMMENTS,CBP_RULE_Q_ID_DEPGROUP,CBP_RULE_Q_ID_LABEL) values (99999999176,3,11,'99999999176_ODI_12x_ORA_12x',to_date('18-MAR-22','DD-MON-RR'),to_date('18-MAR-22','DD-MON-RR'),'99999999176_ODI_12x_ORA_12x',null,null);
Insert into CBP_RULE_Q_MAPPER (CBP_RULE_ID,CBP_DB_TYPE_ID,CBP_REPOSITORY_TYPE_ID,CBP_RULE_Q_ID,CBP_CREATED_TIMESTAMP,CBP_UPDATED_TIMESTAMP,COMMENTS,CBP_RULE_Q_ID_DEPGROUP,CBP_RULE_Q_ID_LABEL) values (99999999177,3,11,'99999999177_ODI_12x_ORA_12x',to_date('18-MAR-22','DD-MON-RR'),to_date('18-MAR-22','DD-MON-RR'),'99999999177_ODI_12x_ORA_12x',null,null);
Insert into CBP_RULE_Q_MAPPER (CBP_RULE_ID,CBP_DB_TYPE_ID,CBP_REPOSITORY_TYPE_ID,CBP_RULE_Q_ID,CBP_CREATED_TIMESTAMP,CBP_UPDATED_TIMESTAMP,COMMENTS,CBP_RULE_Q_ID_DEPGROUP,CBP_RULE_Q_ID_LABEL) values (99999999178,3,11,'99999999178_ODI_12x_ORA_12x',to_date('18-MAR-22','DD-MON-RR'),to_date('18-MAR-22','DD-MON-RR'),'99999999178_ODI_12x_ORA_12x',null,null);
Insert into CBP_RULE_Q_MAPPER (CBP_RULE_ID,CBP_DB_TYPE_ID,CBP_REPOSITORY_TYPE_ID,CBP_RULE_Q_ID,CBP_CREATED_TIMESTAMP,CBP_UPDATED_TIMESTAMP,COMMENTS,CBP_RULE_Q_ID_DEPGROUP,CBP_RULE_Q_ID_LABEL) values (99999999179,3,11,'99999999179_ODI_12x_ORA_12x',to_date('18-MAR-22','DD-MON-RR'),to_date('18-MAR-22','DD-MON-RR'),'99999999179_ODI_12x_ORA_12x',null,null);
Insert into CBP_RULE_Q_MAPPER (CBP_RULE_ID,CBP_DB_TYPE_ID,CBP_REPOSITORY_TYPE_ID,CBP_RULE_Q_ID,CBP_CREATED_TIMESTAMP,CBP_UPDATED_TIMESTAMP,COMMENTS,CBP_RULE_Q_ID_DEPGROUP,CBP_RULE_Q_ID_LABEL) values (99999999180,3,11,'99999999180_ODI_12x_ORA_12x',to_date('18-MAR-22','DD-MON-RR'),to_date('18-MAR-22','DD-MON-RR'),'99999999180_ODI_12x_ORA_12x',null,null);
Insert into CBP_RULE_Q_MAPPER (CBP_RULE_ID,CBP_DB_TYPE_ID,CBP_REPOSITORY_TYPE_ID,CBP_RULE_Q_ID,CBP_CREATED_TIMESTAMP,CBP_UPDATED_TIMESTAMP,COMMENTS,CBP_RULE_Q_ID_DEPGROUP,CBP_RULE_Q_ID_LABEL) values (99999999181,3,11,'99999999181_ODI_12x_ORA_12x',to_date('18-MAR-22','DD-MON-RR'),to_date('18-MAR-22','DD-MON-RR'),'99999999181_ODI_12x_ORA_12x',null,null);
Insert into CBP_RULE_Q_MAPPER (CBP_RULE_ID,CBP_DB_TYPE_ID,CBP_REPOSITORY_TYPE_ID,CBP_RULE_Q_ID,CBP_CREATED_TIMESTAMP,CBP_UPDATED_TIMESTAMP,COMMENTS,CBP_RULE_Q_ID_DEPGROUP,CBP_RULE_Q_ID_LABEL) values (99999999187,3,11,'99999999187_ODI_12x_ORA_12x',to_date('18-MAR-22','DD-MON-RR'),to_date('18-MAR-22','DD-MON-RR'),'99999999187_ODI_12x_ORA_12x',null,null);
Insert into CBP_RULE_Q_MAPPER (CBP_RULE_ID,CBP_DB_TYPE_ID,CBP_REPOSITORY_TYPE_ID,CBP_RULE_Q_ID,CBP_CREATED_TIMESTAMP,CBP_UPDATED_TIMESTAMP,COMMENTS,CBP_RULE_Q_ID_DEPGROUP,CBP_RULE_Q_ID_LABEL) values (99999999203,3,11,'99999999203_ODI_12x_ORA_12x',to_date('18-MAR-22','DD-MON-RR'),to_date('18-MAR-22','DD-MON-RR'),'99999999203_ODI_12x_ORA_12x',null,null);
Insert into CBP_RULE_Q_MAPPER (CBP_RULE_ID,CBP_DB_TYPE_ID,CBP_REPOSITORY_TYPE_ID,CBP_RULE_Q_ID,CBP_CREATED_TIMESTAMP,CBP_UPDATED_TIMESTAMP,COMMENTS,CBP_RULE_Q_ID_DEPGROUP,CBP_RULE_Q_ID_LABEL) values (99999999204,3,11,'99999999204_ODI_12x_ORA_12x',to_date('18-MAR-22','DD-MON-RR'),to_date('18-MAR-22','DD-MON-RR'),'99999999204_ODI_12x_ORA_12x',null,null);
Insert into CBP_RULE_Q_MAPPER (CBP_RULE_ID,CBP_DB_TYPE_ID,CBP_REPOSITORY_TYPE_ID,CBP_RULE_Q_ID,CBP_CREATED_TIMESTAMP,CBP_UPDATED_TIMESTAMP,COMMENTS,CBP_RULE_Q_ID_DEPGROUP,CBP_RULE_Q_ID_LABEL) values (99999999205,3,11,'99999999205_ODI_12x_ORA_12x',to_date('18-MAR-22','DD-MON-RR'),to_date('18-MAR-22','DD-MON-RR'),'99999999205_ODI_12x_ORA_12x',null,null);
Insert into CBP_RULE_Q_MAPPER (CBP_RULE_ID,CBP_DB_TYPE_ID,CBP_REPOSITORY_TYPE_ID,CBP_RULE_Q_ID,CBP_CREATED_TIMESTAMP,CBP_UPDATED_TIMESTAMP,COMMENTS,CBP_RULE_Q_ID_DEPGROUP,CBP_RULE_Q_ID_LABEL) values (99999999206,3,11,'99999999206_ODI_12x_ORA_12x',to_date('18-MAR-22','DD-MON-RR'),to_date('18-MAR-22','DD-MON-RR'),'99999999206_ODI_12x_ORA_12x',null,null);
Insert into CBP_RULE_Q_MAPPER (CBP_RULE_ID,CBP_DB_TYPE_ID,CBP_REPOSITORY_TYPE_ID,CBP_RULE_Q_ID,CBP_CREATED_TIMESTAMP,CBP_UPDATED_TIMESTAMP,COMMENTS,CBP_RULE_Q_ID_DEPGROUP,CBP_RULE_Q_ID_LABEL) values (99999999208,3,11,'99999999208_ODI_12x_ORA_12x',to_date('18-MAR-22','DD-MON-RR'),to_date('18-MAR-22','DD-MON-RR'),'99999999208_ODI_12x_ORA_12x',null,null);
Insert into CBP_RULE_Q_MAPPER (CBP_RULE_ID,CBP_DB_TYPE_ID,CBP_REPOSITORY_TYPE_ID,CBP_RULE_Q_ID,CBP_CREATED_TIMESTAMP,CBP_UPDATED_TIMESTAMP,COMMENTS,CBP_RULE_Q_ID_DEPGROUP,CBP_RULE_Q_ID_LABEL) values (99999999209,3,11,'99999999209_ODI_12x_ORA_12x',to_date('18-MAR-22','DD-MON-RR'),to_date('18-MAR-22','DD-MON-RR'),'99999999209_ODI_12x_ORA_12x',null,null);
Insert into CBP_RULE_Q_MAPPER (CBP_RULE_ID,CBP_DB_TYPE_ID,CBP_REPOSITORY_TYPE_ID,CBP_RULE_Q_ID,CBP_CREATED_TIMESTAMP,CBP_UPDATED_TIMESTAMP,COMMENTS,CBP_RULE_Q_ID_DEPGROUP,CBP_RULE_Q_ID_LABEL) values (99999999210,3,11,'99999999210_ODI_12x_ORA_12x',to_date('18-MAR-22','DD-MON-RR'),to_date('18-MAR-22','DD-MON-RR'),'99999999210_ODI_12x_ORA_12x',null,null);
Insert into CBP_RULE_Q_MAPPER (CBP_RULE_ID,CBP_DB_TYPE_ID,CBP_REPOSITORY_TYPE_ID,CBP_RULE_Q_ID,CBP_CREATED_TIMESTAMP,CBP_UPDATED_TIMESTAMP,COMMENTS,CBP_RULE_Q_ID_DEPGROUP,CBP_RULE_Q_ID_LABEL) values (99999999211,3,11,'99999999211_ODI_12x_ORA_12x',to_date('18-MAR-22','DD-MON-RR'),to_date('18-MAR-22','DD-MON-RR'),'99999999211_ODI_12x_ORA_12x',null,null);
Insert into CBP_RULE_Q_MAPPER (CBP_RULE_ID,CBP_DB_TYPE_ID,CBP_REPOSITORY_TYPE_ID,CBP_RULE_Q_ID,CBP_CREATED_TIMESTAMP,CBP_UPDATED_TIMESTAMP,COMMENTS,CBP_RULE_Q_ID_DEPGROUP,CBP_RULE_Q_ID_LABEL) values (99999999214,3,11,'99999999214_ODI_12x_ORA_12x',to_date('18-MAR-22','DD-MON-RR'),to_date('18-MAR-22','DD-MON-RR'),'99999999214_ODI_12x_ORA_12x',null,null);
Insert into CBP_RULE_Q_MAPPER (CBP_RULE_ID,CBP_DB_TYPE_ID,CBP_REPOSITORY_TYPE_ID,CBP_RULE_Q_ID,CBP_CREATED_TIMESTAMP,CBP_UPDATED_TIMESTAMP,COMMENTS,CBP_RULE_Q_ID_DEPGROUP,CBP_RULE_Q_ID_LABEL) values (99999999215,3,11,'99999999215_ODI_12x_ORA_12x',to_date('18-MAR-22','DD-MON-RR'),to_date('18-MAR-22','DD-MON-RR'),'99999999215_ODI_12x_ORA_12x',null,null);
Insert into CBP_RULE_Q_MAPPER (CBP_RULE_ID,CBP_DB_TYPE_ID,CBP_REPOSITORY_TYPE_ID,CBP_RULE_Q_ID,CBP_CREATED_TIMESTAMP,CBP_UPDATED_TIMESTAMP,COMMENTS,CBP_RULE_Q_ID_DEPGROUP,CBP_RULE_Q_ID_LABEL) values (99999999216,3,11,'99999999216_ODI_12x_ORA_12x',to_date('18-MAR-22','DD-MON-RR'),to_date('18-MAR-22','DD-MON-RR'),'99999999216_ODI_12x_ORA_12x',null,null);
Insert into CBP_RULE_Q_MAPPER (CBP_RULE_ID,CBP_DB_TYPE_ID,CBP_REPOSITORY_TYPE_ID,CBP_RULE_Q_ID,CBP_CREATED_TIMESTAMP,CBP_UPDATED_TIMESTAMP,COMMENTS,CBP_RULE_Q_ID_DEPGROUP,CBP_RULE_Q_ID_LABEL) values (99999999217,3,11,'99999999217_ODI_12x_ORA_12x',to_date('18-MAR-22','DD-MON-RR'),to_date('18-MAR-22','DD-MON-RR'),'99999999217_ODI_12x_ORA_12x',null,null);
Insert into CBP_RULE_Q_MAPPER (CBP_RULE_ID,CBP_DB_TYPE_ID,CBP_REPOSITORY_TYPE_ID,CBP_RULE_Q_ID,CBP_CREATED_TIMESTAMP,CBP_UPDATED_TIMESTAMP,COMMENTS,CBP_RULE_Q_ID_DEPGROUP,CBP_RULE_Q_ID_LABEL) values (99999999222,3,11,'99999999222_ODI_12x_ORA_12x',to_date('18-MAR-22','DD-MON-RR'),to_date('18-MAR-22','DD-MON-RR'),'99999999222_ODI_12x_ORA_12x',null,null);
Insert into CBP_RULE_Q_MAPPER (CBP_RULE_ID,CBP_DB_TYPE_ID,CBP_REPOSITORY_TYPE_ID,CBP_RULE_Q_ID,CBP_CREATED_TIMESTAMP,CBP_UPDATED_TIMESTAMP,COMMENTS,CBP_RULE_Q_ID_DEPGROUP,CBP_RULE_Q_ID_LABEL) values (99999999223,3,11,'99999999223_ODI_12x_ORA_12x',to_date('18-MAR-22','DD-MON-RR'),to_date('18-MAR-22','DD-MON-RR'),'99999999223_ODI_12x_ORA_12x',null,null);
Insert into CBP_RULE_Q_MAPPER (CBP_RULE_ID,CBP_DB_TYPE_ID,CBP_REPOSITORY_TYPE_ID,CBP_RULE_Q_ID,CBP_CREATED_TIMESTAMP,CBP_UPDATED_TIMESTAMP,COMMENTS,CBP_RULE_Q_ID_DEPGROUP,CBP_RULE_Q_ID_LABEL) values (99999999224,3,11,'99999999224_ODI_12x_ORA_12x',to_date('18-MAR-22','DD-MON-RR'),to_date('18-MAR-22','DD-MON-RR'),'99999999224_ODI_12x_ORA_12x',null,null);
Insert into CBP_RULE_Q_MAPPER (CBP_RULE_ID,CBP_DB_TYPE_ID,CBP_REPOSITORY_TYPE_ID,CBP_RULE_Q_ID,CBP_CREATED_TIMESTAMP,CBP_UPDATED_TIMESTAMP,COMMENTS,CBP_RULE_Q_ID_DEPGROUP,CBP_RULE_Q_ID_LABEL) values (99999999225,3,11,'99999999225_ODI_12x_ORA_12x',to_date('18-MAR-22','DD-MON-RR'),to_date('18-MAR-22','DD-MON-RR'),'99999999225_ODI_12x_ORA_12x',null,null);
Insert into CBP_RULE_Q_MAPPER (CBP_RULE_ID,CBP_DB_TYPE_ID,CBP_REPOSITORY_TYPE_ID,CBP_RULE_Q_ID,CBP_CREATED_TIMESTAMP,CBP_UPDATED_TIMESTAMP,COMMENTS,CBP_RULE_Q_ID_DEPGROUP,CBP_RULE_Q_ID_LABEL) values (99999999202,3,11,'99999999202_ODI_12x_ORA_12x',to_date('18-MAR-22','DD-MON-RR'),to_date('18-MAR-22','DD-MON-RR'),'99999999202_ODI_12x_ORA_12x',null,null);
Insert into CBP_RULE_Q_MAPPER (CBP_RULE_ID,CBP_DB_TYPE_ID,CBP_REPOSITORY_TYPE_ID,CBP_RULE_Q_ID,CBP_CREATED_TIMESTAMP,CBP_UPDATED_TIMESTAMP,COMMENTS,CBP_RULE_Q_ID_DEPGROUP,CBP_RULE_Q_ID_LABEL) values (99999999207,3,11,'99999999207_ODI_12x_ORA_12x',to_date('18-MAR-22','DD-MON-RR'),to_date('18-MAR-22','DD-MON-RR'),'99999999207_ODI_12x_ORA_12x',null,null);
Insert into CBP_RULE_Q_MAPPER (CBP_RULE_ID,CBP_DB_TYPE_ID,CBP_REPOSITORY_TYPE_ID,CBP_RULE_Q_ID,CBP_CREATED_TIMESTAMP,CBP_UPDATED_TIMESTAMP,COMMENTS,CBP_RULE_Q_ID_DEPGROUP,CBP_RULE_Q_ID_LABEL) values (99999999212,3,11,'99999999212_ODI_12x_ORA_12x',to_date('18-MAR-22','DD-MON-RR'),to_date('18-MAR-22','DD-MON-RR'),'99999999212_ODI_12x_ORA_12x',null,null);
Insert into CBP_RULE_Q_MAPPER (CBP_RULE_ID,CBP_DB_TYPE_ID,CBP_REPOSITORY_TYPE_ID,CBP_RULE_Q_ID,CBP_CREATED_TIMESTAMP,CBP_UPDATED_TIMESTAMP,COMMENTS,CBP_RULE_Q_ID_DEPGROUP,CBP_RULE_Q_ID_LABEL) values (99999999221,3,11,'99999999221_ODI_12x_ORA_12x',to_date('18-MAR-22','DD-MON-RR'),to_date('18-MAR-22','DD-MON-RR'),'99999999221_ODI_12x_ORA_12x',null,null);
Insert into CBP_RULE_Q_MAPPER (CBP_RULE_ID,CBP_DB_TYPE_ID,CBP_REPOSITORY_TYPE_ID,CBP_RULE_Q_ID,CBP_CREATED_TIMESTAMP,CBP_UPDATED_TIMESTAMP,COMMENTS,CBP_RULE_Q_ID_DEPGROUP,CBP_RULE_Q_ID_LABEL) values (99999999226,3,11,'99999999226_ODI_12x_ORA_12x',to_date('18-MAR-22','DD-MON-RR'),to_date('18-MAR-22','DD-MON-RR'),'99999999226_ODI_12x_ORA_12x',null,null);

Insert into CBP_CONS_RULE_TRANS_SQL_PROP (CONSOLIDATOR_ID,CBP_RULE_ID,MASTER_CONSOLIDATOR_ID) values (1,99999999221,null);
Insert into CBP_CONS_RULE_TRANS_SQL_PROP (CONSOLIDATOR_ID,CBP_RULE_ID,MASTER_CONSOLIDATOR_ID) values (1,99999999222,null);
Insert into CBP_CONS_RULE_TRANS_SQL_PROP (CONSOLIDATOR_ID,CBP_RULE_ID,MASTER_CONSOLIDATOR_ID) values (1,99999999223,null);
Insert into CBP_CONS_RULE_TRANS_SQL_PROP (CONSOLIDATOR_ID,CBP_RULE_ID,MASTER_CONSOLIDATOR_ID) values (1,99999999224,null);
Insert into CBP_CONS_RULE_TRANS_SQL_PROP (CONSOLIDATOR_ID,CBP_RULE_ID,MASTER_CONSOLIDATOR_ID) values (1,99999999225,null);
Insert into CBP_CONS_RULE_TRANS_SQL_PROP (CONSOLIDATOR_ID,CBP_RULE_ID,MASTER_CONSOLIDATOR_ID) values (1,99999999226,null);

COMMIT;