/********************************************************************************************************
Copyright CoeurData Ltd 2009-2022

*********************************************************************************************************
*************** CHANGE HISTORY **************************************************************************
DATE		WHO			DESCRIPTION
04AUG2022	MR			Added 26 rules for SSIS (Batch 1)
10NOV2022	BP			Fixed some typos in the SSIS rules
15MAR2023	BP			Fixed typos for rules 21000056 & 21000116 - "colums" to "columns"
********************************************************************************************************/
-- Batch 1
Insert into CBP_RULE (CBP_RULE_ID,CBP_RULE_SHORT_DESC,CBP_RULE_NAME,CBP_OBJECT_TYPE,CBP_CODE_TYPE_ID,CBP_IMP_TYPE_ID,CBP_CREATED_TIMESTAMP,CBP_UPDATED_TIMESTAMP,CBP_ADD_PARAM_ALLOWED,IS_DEPRECATED,DS_STAGE_TYPE,DS_ORCH_STAGE_IDENTIFIER,IS_DUMMY,IS_LEGACY,CBP_OBJECT_SUB_TYPE,EXCEPTION_COLUMN,ALLOW_EXCEPTIONS) values (21000000,'Naming Convention for Package','Naming Convention for Package','SSIS - Package',8100,15000,sysdate,sysdate,'N','N',null,null,'N','N',null,null,null);
Insert into CBP_PARAMETER (CBP_PARAMETER_ID,CBP_PARAMETER_NAME,CBP_PARAMETER_DEFAULT_VALUE,CBP_PARAMETER_SITE_VALUE,CBP_PARAMETER_DESCRIPTION,CBP_PARAMETER_KEYWORD,CBP_PARAMETER_PLACE_HOLDER,CBP_PARAMETER_DATA_TYPE,CBP_PATTERN_ID,CBP_CREATED_TIMESTAMP,CBP_UPDATED_TIMESTAMP,CBP_CONFIGURABLE,CBP_IS_PROJECT_SPECIFIC,IS_EXCEPTION,IS_LIST,IS_REGEX) values (21000000,'Naming Convention for Package','^(pck_)',null,'Naming Convention for Package',null,null,'STRING',2000,sysdate,sysdate,'Y','N',null,null,null);
Insert into CBP_RULE_PARAMETER (CBP_RULE_ID,CBP_PARAMETER_ID,CBP_CREATED_TIMESTAMP,CBP_UPDATED_TIMESTAMP) values (21000000,21000000,sysdate,sysdate);  
--
Insert into CBP_RULE (CBP_RULE_ID,CBP_RULE_SHORT_DESC,CBP_RULE_NAME,CBP_OBJECT_TYPE,CBP_CODE_TYPE_ID,CBP_IMP_TYPE_ID,CBP_CREATED_TIMESTAMP,CBP_UPDATED_TIMESTAMP,CBP_ADD_PARAM_ALLOWED,IS_DEPRECATED,DS_STAGE_TYPE,DS_ORCH_STAGE_IDENTIFIER,IS_DUMMY,IS_LEGACY,CBP_OBJECT_SUB_TYPE,EXCEPTION_COLUMN,ALLOW_EXCEPTIONS) values (21000001,'Naming Convention for Data Flow Task in Control Flow','Naming Convention for Data Flow Task in Control Flow','SSIS - Package',8100,15000,sysdate,sysdate,'N','N',null,null,'N','N',null,null,null);
Insert into CBP_PARAMETER (CBP_PARAMETER_ID,CBP_PARAMETER_NAME,CBP_PARAMETER_DEFAULT_VALUE,CBP_PARAMETER_SITE_VALUE,CBP_PARAMETER_DESCRIPTION,CBP_PARAMETER_KEYWORD,CBP_PARAMETER_PLACE_HOLDER,CBP_PARAMETER_DATA_TYPE,CBP_PATTERN_ID,CBP_CREATED_TIMESTAMP,CBP_UPDATED_TIMESTAMP,CBP_CONFIGURABLE,CBP_IS_PROJECT_SPECIFIC,IS_EXCEPTION,IS_LIST,IS_REGEX) values (21000001,'Naming Convention for Data Flow Task in Control Flow','^(dftsk_)',null,'Naming Convention for Data Flow Task in Control Flow',null,null,'STRING',2000,sysdate,sysdate,'Y','N',null,null,null);
Insert into CBP_RULE_PARAMETER (CBP_RULE_ID,CBP_PARAMETER_ID,CBP_CREATED_TIMESTAMP,CBP_UPDATED_TIMESTAMP) values (21000001,21000001,sysdate,sysdate);  
--
Insert into CBP_RULE (CBP_RULE_ID,CBP_RULE_SHORT_DESC,CBP_RULE_NAME,CBP_OBJECT_TYPE,CBP_CODE_TYPE_ID,CBP_IMP_TYPE_ID,CBP_CREATED_TIMESTAMP,CBP_UPDATED_TIMESTAMP,CBP_ADD_PARAM_ALLOWED,IS_DEPRECATED,DS_STAGE_TYPE,DS_ORCH_STAGE_IDENTIFIER,IS_DUMMY,IS_LEGACY,CBP_OBJECT_SUB_TYPE,EXCEPTION_COLUMN,ALLOW_EXCEPTIONS) values (21000003,'Naming Convention for Execute SQL Task in Control Flow','Naming Convention for Execute SQL Task in Control Flow','SSIS - Package',8100,15000,sysdate,sysdate,'N','N',null,null,'N','N',null,null,null);
Insert into CBP_PARAMETER (CBP_PARAMETER_ID,CBP_PARAMETER_NAME,CBP_PARAMETER_DEFAULT_VALUE,CBP_PARAMETER_SITE_VALUE,CBP_PARAMETER_DESCRIPTION,CBP_PARAMETER_KEYWORD,CBP_PARAMETER_PLACE_HOLDER,CBP_PARAMETER_DATA_TYPE,CBP_PATTERN_ID,CBP_CREATED_TIMESTAMP,CBP_UPDATED_TIMESTAMP,CBP_CONFIGURABLE,CBP_IS_PROJECT_SPECIFIC,IS_EXCEPTION,IS_LIST,IS_REGEX) values (21000003,'Naming Convention for Execute SQL Task in Control Flow','^(sqltsk_)',null,'Naming Convention for Execute SQL Task in Control Flow',null,null,'STRING',2000,sysdate,sysdate,'Y','N',null,null,null);
Insert into CBP_RULE_PARAMETER (CBP_RULE_ID,CBP_PARAMETER_ID,CBP_CREATED_TIMESTAMP,CBP_UPDATED_TIMESTAMP) values (21000003,21000003,sysdate,sysdate); 
--
Insert into CBP_RULE (CBP_RULE_ID,CBP_RULE_SHORT_DESC,CBP_RULE_NAME,CBP_OBJECT_TYPE,CBP_CODE_TYPE_ID,CBP_IMP_TYPE_ID,CBP_CREATED_TIMESTAMP,CBP_UPDATED_TIMESTAMP,CBP_ADD_PARAM_ALLOWED,IS_DEPRECATED,DS_STAGE_TYPE,DS_ORCH_STAGE_IDENTIFIER,IS_DUMMY,IS_LEGACY,CBP_OBJECT_SUB_TYPE,EXCEPTION_COLUMN,ALLOW_EXCEPTIONS) values (21000004,'Naming Convention for Aggregate Transformations in Data Flow','Naming Convention for Aggregate Transformations in Data Flow','SSIS - Package',8100,15000,sysdate,sysdate,'N','N',null,null,'N','N',null,null,null);
Insert into CBP_PARAMETER (CBP_PARAMETER_ID,CBP_PARAMETER_NAME,CBP_PARAMETER_DEFAULT_VALUE,CBP_PARAMETER_SITE_VALUE,CBP_PARAMETER_DESCRIPTION,CBP_PARAMETER_KEYWORD,CBP_PARAMETER_PLACE_HOLDER,CBP_PARAMETER_DATA_TYPE,CBP_PATTERN_ID,CBP_CREATED_TIMESTAMP,CBP_UPDATED_TIMESTAMP,CBP_CONFIGURABLE,CBP_IS_PROJECT_SPECIFIC,IS_EXCEPTION,IS_LIST,IS_REGEX) values (21000004,'Naming Convention for Aggregate Transformations in Data Flow','^(agg_)',null,'Naming Convention for Aggregate Transformations in Data Flow',null,null,'STRING',2000,sysdate,sysdate,'Y','N',null,null,null);
Insert into CBP_RULE_PARAMETER (CBP_RULE_ID,CBP_PARAMETER_ID,CBP_CREATED_TIMESTAMP,CBP_UPDATED_TIMESTAMP) values (21000004,21000004,sysdate,sysdate); 
--
Insert into CBP_RULE (CBP_RULE_ID,CBP_RULE_SHORT_DESC,CBP_RULE_NAME,CBP_OBJECT_TYPE,CBP_CODE_TYPE_ID,CBP_IMP_TYPE_ID,CBP_CREATED_TIMESTAMP,CBP_UPDATED_TIMESTAMP,CBP_ADD_PARAM_ALLOWED,IS_DEPRECATED,DS_STAGE_TYPE,DS_ORCH_STAGE_IDENTIFIER,IS_DUMMY,IS_LEGACY,CBP_OBJECT_SUB_TYPE,EXCEPTION_COLUMN,ALLOW_EXCEPTIONS) values (21000005,'Naming Convention for Balanced Data Distributor Transformations in Data Flow','Naming Convention for Balanced Data Distributor Transformations in Data Flow','SSIS - Package',8100,15000,sysdate,sysdate,'N','N',null,null,'N','N',null,null,null);
Insert into CBP_PARAMETER (CBP_PARAMETER_ID,CBP_PARAMETER_NAME,CBP_PARAMETER_DEFAULT_VALUE,CBP_PARAMETER_SITE_VALUE,CBP_PARAMETER_DESCRIPTION,CBP_PARAMETER_KEYWORD,CBP_PARAMETER_PLACE_HOLDER,CBP_PARAMETER_DATA_TYPE,CBP_PATTERN_ID,CBP_CREATED_TIMESTAMP,CBP_UPDATED_TIMESTAMP,CBP_CONFIGURABLE,CBP_IS_PROJECT_SPECIFIC,IS_EXCEPTION,IS_LIST,IS_REGEX) values (21000005,'Naming Convention for Balanced Data Distributor Transformations in Data Flow','^(balDataDist_)',null,'Naming Convention for Balanced Data Distributor Transformations in Data Flow',null,null,'STRING',2000,sysdate,sysdate,'Y','N',null,null,null);
Insert into CBP_RULE_PARAMETER (CBP_RULE_ID,CBP_PARAMETER_ID,CBP_CREATED_TIMESTAMP,CBP_UPDATED_TIMESTAMP) values (21000005,21000005,sysdate,sysdate);   
--
Insert into CBP_RULE (CBP_RULE_ID,CBP_RULE_SHORT_DESC,CBP_RULE_NAME,CBP_OBJECT_TYPE,CBP_CODE_TYPE_ID,CBP_IMP_TYPE_ID,CBP_CREATED_TIMESTAMP,CBP_UPDATED_TIMESTAMP,CBP_ADD_PARAM_ALLOWED,IS_DEPRECATED,DS_STAGE_TYPE,DS_ORCH_STAGE_IDENTIFIER,IS_DUMMY,IS_LEGACY,CBP_OBJECT_SUB_TYPE,EXCEPTION_COLUMN,ALLOW_EXCEPTIONS) values (21000006,'Naming Convention for Conditional Split Transformations in Data Flow','Naming Convention for Conditional Split Transformations in Data Flow','SSIS - Package',8100,15000,sysdate,sysdate,'N','N',null,null,'N','N',null,null,null);
Insert into CBP_PARAMETER (CBP_PARAMETER_ID,CBP_PARAMETER_NAME,CBP_PARAMETER_DEFAULT_VALUE,CBP_PARAMETER_SITE_VALUE,CBP_PARAMETER_DESCRIPTION,CBP_PARAMETER_KEYWORD,CBP_PARAMETER_PLACE_HOLDER,CBP_PARAMETER_DATA_TYPE,CBP_PATTERN_ID,CBP_CREATED_TIMESTAMP,CBP_UPDATED_TIMESTAMP,CBP_CONFIGURABLE,CBP_IS_PROJECT_SPECIFIC,IS_EXCEPTION,IS_LIST,IS_REGEX) values (21000006,'Naming Convention for Conditional Split Transformations in Data Flow','^(condSplit_)',null,'Naming Convention for Conditional Split Transformations in Data Flow',null,null,'STRING',2000,sysdate,sysdate,'Y','N',null,null,null);
Insert into CBP_RULE_PARAMETER (CBP_RULE_ID,CBP_PARAMETER_ID,CBP_CREATED_TIMESTAMP,CBP_UPDATED_TIMESTAMP) values (21000006,21000006,sysdate,sysdate);     
--
Insert into CBP_RULE (CBP_RULE_ID,CBP_RULE_SHORT_DESC,CBP_RULE_NAME,CBP_OBJECT_TYPE,CBP_CODE_TYPE_ID,CBP_IMP_TYPE_ID,CBP_CREATED_TIMESTAMP,CBP_UPDATED_TIMESTAMP,CBP_ADD_PARAM_ALLOWED,IS_DEPRECATED,DS_STAGE_TYPE,DS_ORCH_STAGE_IDENTIFIER,IS_DUMMY,IS_LEGACY,CBP_OBJECT_SUB_TYPE,EXCEPTION_COLUMN,ALLOW_EXCEPTIONS) values (21000007,'Naming Convention for Data Conversion Transformations in Data Flow','Naming Convention for Data Conversion Transformations in Data Flow','SSIS - Package',8100,15000,sysdate,sysdate,'N','N',null,null,'N','N',null,null,null);
Insert into CBP_PARAMETER (CBP_PARAMETER_ID,CBP_PARAMETER_NAME,CBP_PARAMETER_DEFAULT_VALUE,CBP_PARAMETER_SITE_VALUE,CBP_PARAMETER_DESCRIPTION,CBP_PARAMETER_KEYWORD,CBP_PARAMETER_PLACE_HOLDER,CBP_PARAMETER_DATA_TYPE,CBP_PATTERN_ID,CBP_CREATED_TIMESTAMP,CBP_UPDATED_TIMESTAMP,CBP_CONFIGURABLE,CBP_IS_PROJECT_SPECIFIC,IS_EXCEPTION,IS_LIST,IS_REGEX) values (21000007,'Naming Convention for Data Conversion Transformations in Data Flow','^(dataConver_)',null,'Naming Convention for Data Conversion Transformations in Data Flow',null,null,'STRING',2000,sysdate,sysdate,'Y','N',null,null,null);
Insert into CBP_RULE_PARAMETER (CBP_RULE_ID,CBP_PARAMETER_ID,CBP_CREATED_TIMESTAMP,CBP_UPDATED_TIMESTAMP) values (21000007,21000007,sysdate,sysdate); 
--
Insert into CBP_RULE (CBP_RULE_ID,CBP_RULE_SHORT_DESC,CBP_RULE_NAME,CBP_OBJECT_TYPE,CBP_CODE_TYPE_ID,CBP_IMP_TYPE_ID,CBP_CREATED_TIMESTAMP,CBP_UPDATED_TIMESTAMP,CBP_ADD_PARAM_ALLOWED,IS_DEPRECATED,DS_STAGE_TYPE,DS_ORCH_STAGE_IDENTIFIER,IS_DUMMY,IS_LEGACY,CBP_OBJECT_SUB_TYPE,EXCEPTION_COLUMN,ALLOW_EXCEPTIONS) values (21000008,'Naming Convention for Data Streaming Destination Transformations in Data Flow','Naming Convention for Data Streaming Destination Transformations in Data Flow','SSIS - Package',8100,15000,sysdate,sysdate,'N','N',null,null,'N','N',null,null,null);
Insert into CBP_PARAMETER (CBP_PARAMETER_ID,CBP_PARAMETER_NAME,CBP_PARAMETER_DEFAULT_VALUE,CBP_PARAMETER_SITE_VALUE,CBP_PARAMETER_DESCRIPTION,CBP_PARAMETER_KEYWORD,CBP_PARAMETER_PLACE_HOLDER,CBP_PARAMETER_DATA_TYPE,CBP_PATTERN_ID,CBP_CREATED_TIMESTAMP,CBP_UPDATED_TIMESTAMP,CBP_CONFIGURABLE,CBP_IS_PROJECT_SPECIFIC,IS_EXCEPTION,IS_LIST,IS_REGEX) values (21000008,'Naming Convention for Data Streaming Destination Transformations in Data Flow','^(dataStreamDest_)',null,'Naming Convention for Data Streaming Destination Transformations in Data Flow',null,null,'STRING',2000,sysdate,sysdate,'Y','N',null,null,null);
Insert into CBP_RULE_PARAMETER (CBP_RULE_ID,CBP_PARAMETER_ID,CBP_CREATED_TIMESTAMP,CBP_UPDATED_TIMESTAMP) values (21000008,21000008,sysdate,sysdate);       
--
Insert into CBP_RULE (CBP_RULE_ID,CBP_RULE_SHORT_DESC,CBP_RULE_NAME,CBP_OBJECT_TYPE,CBP_CODE_TYPE_ID,CBP_IMP_TYPE_ID,CBP_CREATED_TIMESTAMP,CBP_UPDATED_TIMESTAMP,CBP_ADD_PARAM_ALLOWED,IS_DEPRECATED,DS_STAGE_TYPE,DS_ORCH_STAGE_IDENTIFIER,IS_DUMMY,IS_LEGACY,CBP_OBJECT_SUB_TYPE,EXCEPTION_COLUMN,ALLOW_EXCEPTIONS) values (21000009,'Naming Convention for Derived Column Transformations in Data Flow','Naming Convention for Derived Column Transformations in Data Flow','SSIS - Package',8100,15000,sysdate,sysdate,'N','N',null,null,'N','N',null,null,null);
Insert into CBP_PARAMETER (CBP_PARAMETER_ID,CBP_PARAMETER_NAME,CBP_PARAMETER_DEFAULT_VALUE,CBP_PARAMETER_SITE_VALUE,CBP_PARAMETER_DESCRIPTION,CBP_PARAMETER_KEYWORD,CBP_PARAMETER_PLACE_HOLDER,CBP_PARAMETER_DATA_TYPE,CBP_PATTERN_ID,CBP_CREATED_TIMESTAMP,CBP_UPDATED_TIMESTAMP,CBP_CONFIGURABLE,CBP_IS_PROJECT_SPECIFIC,IS_EXCEPTION,IS_LIST,IS_REGEX) values (21000009,'Naming Convention for Derived Column Transformations in Data Flow','^(drvdCol_)',null,'Naming Convention for Derived Column Transformations in Data Flow',null,null,'STRING',2000,sysdate,sysdate,'Y','N',null,null,null);
Insert into CBP_RULE_PARAMETER (CBP_RULE_ID,CBP_PARAMETER_ID,CBP_CREATED_TIMESTAMP,CBP_UPDATED_TIMESTAMP) values (21000009,21000009,sysdate,sysdate);    
--
Insert into CBP_RULE (CBP_RULE_ID,CBP_RULE_SHORT_DESC,CBP_RULE_NAME,CBP_OBJECT_TYPE,CBP_CODE_TYPE_ID,CBP_IMP_TYPE_ID,CBP_CREATED_TIMESTAMP,CBP_UPDATED_TIMESTAMP,CBP_ADD_PARAM_ALLOWED,IS_DEPRECATED,DS_STAGE_TYPE,DS_ORCH_STAGE_IDENTIFIER,IS_DUMMY,IS_LEGACY,CBP_OBJECT_SUB_TYPE,EXCEPTION_COLUMN,ALLOW_EXCEPTIONS) values (21000010,'Naming Convention for HDFS File Destination in Data Flow','Naming Convention for HDFS File Destination in Data Flow','SSIS - Package',8100,15000,sysdate,sysdate,'N','N',null,null,'N','N',null,null,null);
Insert into CBP_PARAMETER (CBP_PARAMETER_ID,CBP_PARAMETER_NAME,CBP_PARAMETER_DEFAULT_VALUE,CBP_PARAMETER_SITE_VALUE,CBP_PARAMETER_DESCRIPTION,CBP_PARAMETER_KEYWORD,CBP_PARAMETER_PLACE_HOLDER,CBP_PARAMETER_DATA_TYPE,CBP_PATTERN_ID,CBP_CREATED_TIMESTAMP,CBP_UPDATED_TIMESTAMP,CBP_CONFIGURABLE,CBP_IS_PROJECT_SPECIFIC,IS_EXCEPTION,IS_LIST,IS_REGEX) values (21000010,'Naming Convention for HDFS File Destination in Data Flow','^(HDFSdest_)',null,'Naming Convention for HDFS File Destination in Data Flow',null,null,'STRING',2000,sysdate,sysdate,'Y','N',null,null,null);
Insert into CBP_RULE_PARAMETER (CBP_RULE_ID,CBP_PARAMETER_ID,CBP_CREATED_TIMESTAMP,CBP_UPDATED_TIMESTAMP) values (21000010,21000010,sysdate,sysdate);  
--
Insert into CBP_RULE (CBP_RULE_ID,CBP_RULE_SHORT_DESC,CBP_RULE_NAME,CBP_OBJECT_TYPE,CBP_CODE_TYPE_ID,CBP_IMP_TYPE_ID,CBP_CREATED_TIMESTAMP,CBP_UPDATED_TIMESTAMP,CBP_ADD_PARAM_ALLOWED,IS_DEPRECATED,DS_STAGE_TYPE,DS_ORCH_STAGE_IDENTIFIER,IS_DUMMY,IS_LEGACY,CBP_OBJECT_SUB_TYPE,EXCEPTION_COLUMN,ALLOW_EXCEPTIONS) values (21000011,'Naming Convention for HDFS File Source in Data Flow','Naming Convention for HDFS File Source in Data Flow','SSIS - Package',8100,15000,sysdate,sysdate,'N','N',null,null,'N','N',null,null,null);
Insert into CBP_PARAMETER (CBP_PARAMETER_ID,CBP_PARAMETER_NAME,CBP_PARAMETER_DEFAULT_VALUE,CBP_PARAMETER_SITE_VALUE,CBP_PARAMETER_DESCRIPTION,CBP_PARAMETER_KEYWORD,CBP_PARAMETER_PLACE_HOLDER,CBP_PARAMETER_DATA_TYPE,CBP_PATTERN_ID,CBP_CREATED_TIMESTAMP,CBP_UPDATED_TIMESTAMP,CBP_CONFIGURABLE,CBP_IS_PROJECT_SPECIFIC,IS_EXCEPTION,IS_LIST,IS_REGEX) values (21000011,'Naming Convention for HDFS File Source in Data Flow','^(HDFSsrc_)',null,'Naming Convention for HDFS File Source in Data Flow',null,null,'STRING',2000,sysdate,sysdate,'Y','N',null,null,null);
Insert into CBP_RULE_PARAMETER (CBP_RULE_ID,CBP_PARAMETER_ID,CBP_CREATED_TIMESTAMP,CBP_UPDATED_TIMESTAMP) values (21000011,21000011,sysdate,sysdate);  
--
Insert into CBP_RULE (CBP_RULE_ID,CBP_RULE_SHORT_DESC,CBP_RULE_NAME,CBP_OBJECT_TYPE,CBP_CODE_TYPE_ID,CBP_IMP_TYPE_ID,CBP_CREATED_TIMESTAMP,CBP_UPDATED_TIMESTAMP,CBP_ADD_PARAM_ALLOWED,IS_DEPRECATED,DS_STAGE_TYPE,DS_ORCH_STAGE_IDENTIFIER,IS_DUMMY,IS_LEGACY,CBP_OBJECT_SUB_TYPE,EXCEPTION_COLUMN,ALLOW_EXCEPTIONS) values (21000012,'Naming Convention for lookup Transformations in Data Flow','Naming Convention for lookup Transformations in Data Flow','SSIS - Package',8100,15000,sysdate,sysdate,'N','N',null,null,'N','N',null,null,null);
Insert into CBP_PARAMETER (CBP_PARAMETER_ID,CBP_PARAMETER_NAME,CBP_PARAMETER_DEFAULT_VALUE,CBP_PARAMETER_SITE_VALUE,CBP_PARAMETER_DESCRIPTION,CBP_PARAMETER_KEYWORD,CBP_PARAMETER_PLACE_HOLDER,CBP_PARAMETER_DATA_TYPE,CBP_PATTERN_ID,CBP_CREATED_TIMESTAMP,CBP_UPDATED_TIMESTAMP,CBP_CONFIGURABLE,CBP_IS_PROJECT_SPECIFIC,IS_EXCEPTION,IS_LIST,IS_REGEX) values (21000012,'Naming Convention for lookup Transformations in Data Flow','^(lkp_)',null,'Naming Convention for lookup Transformations in Data Flow',null,null,'STRING',2000,sysdate,sysdate,'Y','N',null,null,null);
Insert into CBP_RULE_PARAMETER (CBP_RULE_ID,CBP_PARAMETER_ID,CBP_CREATED_TIMESTAMP,CBP_UPDATED_TIMESTAMP) values (21000012,21000012,sysdate,sysdate);        
--
Insert into CBP_RULE (CBP_RULE_ID,CBP_RULE_SHORT_DESC,CBP_RULE_NAME,CBP_OBJECT_TYPE,CBP_CODE_TYPE_ID,CBP_IMP_TYPE_ID,CBP_CREATED_TIMESTAMP,CBP_UPDATED_TIMESTAMP,CBP_ADD_PARAM_ALLOWED,IS_DEPRECATED,DS_STAGE_TYPE,DS_ORCH_STAGE_IDENTIFIER,IS_DUMMY,IS_LEGACY,CBP_OBJECT_SUB_TYPE,EXCEPTION_COLUMN,ALLOW_EXCEPTIONS) values (21000013,'Naming Convention for Merge Transformations in Data Flow','Naming Convention for Merge Transformations in Data Flow','SSIS - Package',8100,15000,sysdate,sysdate,'N','N',null,null,'N','N',null,null,null);
Insert into CBP_PARAMETER (CBP_PARAMETER_ID,CBP_PARAMETER_NAME,CBP_PARAMETER_DEFAULT_VALUE,CBP_PARAMETER_SITE_VALUE,CBP_PARAMETER_DESCRIPTION,CBP_PARAMETER_KEYWORD,CBP_PARAMETER_PLACE_HOLDER,CBP_PARAMETER_DATA_TYPE,CBP_PATTERN_ID,CBP_CREATED_TIMESTAMP,CBP_UPDATED_TIMESTAMP,CBP_CONFIGURABLE,CBP_IS_PROJECT_SPECIFIC,IS_EXCEPTION,IS_LIST,IS_REGEX) values (21000013,'Naming Convention for Merge Transformations in Data Flow','^(mrg_)',null,'Naming Convention for Merge Transformations in Data Flow',null,null,'STRING',2000,sysdate,sysdate,'Y','N',null,null,null);
Insert into CBP_RULE_PARAMETER (CBP_RULE_ID,CBP_PARAMETER_ID,CBP_CREATED_TIMESTAMP,CBP_UPDATED_TIMESTAMP) values (21000013,21000013,sysdate,sysdate);
--
Insert into CBP_RULE (CBP_RULE_ID,CBP_RULE_SHORT_DESC,CBP_RULE_NAME,CBP_OBJECT_TYPE,CBP_CODE_TYPE_ID,CBP_IMP_TYPE_ID,CBP_CREATED_TIMESTAMP,CBP_UPDATED_TIMESTAMP,CBP_ADD_PARAM_ALLOWED,IS_DEPRECATED,DS_STAGE_TYPE,DS_ORCH_STAGE_IDENTIFIER,IS_DUMMY,IS_LEGACY,CBP_OBJECT_SUB_TYPE,EXCEPTION_COLUMN,ALLOW_EXCEPTIONS) values (21000014,'Naming Convention for Merge Join Transformations in Data Flow','Naming Convention for Merge Join Transformations in Data Flow','SSIS - Package',8100,15000,sysdate,sysdate,'N','N',null,null,'N','N',null,null,null);
Insert into CBP_PARAMETER (CBP_PARAMETER_ID,CBP_PARAMETER_NAME,CBP_PARAMETER_DEFAULT_VALUE,CBP_PARAMETER_SITE_VALUE,CBP_PARAMETER_DESCRIPTION,CBP_PARAMETER_KEYWORD,CBP_PARAMETER_PLACE_HOLDER,CBP_PARAMETER_DATA_TYPE,CBP_PATTERN_ID,CBP_CREATED_TIMESTAMP,CBP_UPDATED_TIMESTAMP,CBP_CONFIGURABLE,CBP_IS_PROJECT_SPECIFIC,IS_EXCEPTION,IS_LIST,IS_REGEX) values (21000014,'Naming Convention for Merge Join Transformations in Data Flow','^(mrgJoin_)',null,'Naming Convention for Merge Join Transformations in Data Flow',null,null,'STRING',2000,sysdate,sysdate,'Y','N',null,null,null);
Insert into CBP_RULE_PARAMETER (CBP_RULE_ID,CBP_PARAMETER_ID,CBP_CREATED_TIMESTAMP,CBP_UPDATED_TIMESTAMP) values (21000014,21000014,sysdate,sysdate);
--
Insert into CBP_RULE (CBP_RULE_ID,CBP_RULE_SHORT_DESC,CBP_RULE_NAME,CBP_OBJECT_TYPE,CBP_CODE_TYPE_ID,CBP_IMP_TYPE_ID,CBP_CREATED_TIMESTAMP,CBP_UPDATED_TIMESTAMP,CBP_ADD_PARAM_ALLOWED,IS_DEPRECATED,DS_STAGE_TYPE,DS_ORCH_STAGE_IDENTIFIER,IS_DUMMY,IS_LEGACY,CBP_OBJECT_SUB_TYPE,EXCEPTION_COLUMN,ALLOW_EXCEPTIONS) values (21000015,'Naming Convention for Multicast Transformations in Data Flow','Naming Convention for Multicast Transformations in Data Flow','SSIS - Package',8100,15000,sysdate,sysdate,'N','N',null,null,'N','N',null,null,null);
Insert into CBP_PARAMETER (CBP_PARAMETER_ID,CBP_PARAMETER_NAME,CBP_PARAMETER_DEFAULT_VALUE,CBP_PARAMETER_SITE_VALUE,CBP_PARAMETER_DESCRIPTION,CBP_PARAMETER_KEYWORD,CBP_PARAMETER_PLACE_HOLDER,CBP_PARAMETER_DATA_TYPE,CBP_PATTERN_ID,CBP_CREATED_TIMESTAMP,CBP_UPDATED_TIMESTAMP,CBP_CONFIGURABLE,CBP_IS_PROJECT_SPECIFIC,IS_EXCEPTION,IS_LIST,IS_REGEX) values (21000015,'Naming Convention for Multicast Transformations in Data Flow','^(multiCst_)',null,'Naming Convention for Multicast Transformations in Data Flow',null,null,'STRING',2000,sysdate,sysdate,'Y','N',null,null,null);
Insert into CBP_RULE_PARAMETER (CBP_RULE_ID,CBP_PARAMETER_ID,CBP_CREATED_TIMESTAMP,CBP_UPDATED_TIMESTAMP) values (21000015,21000015,sysdate,sysdate);
--
Insert into CBP_RULE (CBP_RULE_ID,CBP_RULE_SHORT_DESC,CBP_RULE_NAME,CBP_OBJECT_TYPE,CBP_CODE_TYPE_ID,CBP_IMP_TYPE_ID,CBP_CREATED_TIMESTAMP,CBP_UPDATED_TIMESTAMP,CBP_ADD_PARAM_ALLOWED,IS_DEPRECATED,DS_STAGE_TYPE,DS_ORCH_STAGE_IDENTIFIER,IS_DUMMY,IS_LEGACY,CBP_OBJECT_SUB_TYPE,EXCEPTION_COLUMN,ALLOW_EXCEPTIONS) values (21000016,'Naming Convention for Row Count Transformations in Data Flow','Naming Convention for Row Count Transformations in Data Flow','SSIS - Package',8100,15000,sysdate,sysdate,'N','N',null,null,'N','N',null,null,null);
Insert into CBP_PARAMETER (CBP_PARAMETER_ID,CBP_PARAMETER_NAME,CBP_PARAMETER_DEFAULT_VALUE,CBP_PARAMETER_SITE_VALUE,CBP_PARAMETER_DESCRIPTION,CBP_PARAMETER_KEYWORD,CBP_PARAMETER_PLACE_HOLDER,CBP_PARAMETER_DATA_TYPE,CBP_PATTERN_ID,CBP_CREATED_TIMESTAMP,CBP_UPDATED_TIMESTAMP,CBP_CONFIGURABLE,CBP_IS_PROJECT_SPECIFIC,IS_EXCEPTION,IS_LIST,IS_REGEX) values (21000016,'Naming Convention for Row Count Transformations in Data Flow','^(rowcnt_)',null,'Naming Convention for Row Count Transformations in Data Flow',null,null,'STRING',2000,sysdate,sysdate,'Y','N',null,null,null);
Insert into CBP_RULE_PARAMETER (CBP_RULE_ID,CBP_PARAMETER_ID,CBP_CREATED_TIMESTAMP,CBP_UPDATED_TIMESTAMP) values (21000016,21000016,sysdate,sysdate);
--
Insert into CBP_RULE (CBP_RULE_ID,CBP_RULE_SHORT_DESC,CBP_RULE_NAME,CBP_OBJECT_TYPE,CBP_CODE_TYPE_ID,CBP_IMP_TYPE_ID,CBP_CREATED_TIMESTAMP,CBP_UPDATED_TIMESTAMP,CBP_ADD_PARAM_ALLOWED,IS_DEPRECATED,DS_STAGE_TYPE,DS_ORCH_STAGE_IDENTIFIER,IS_DUMMY,IS_LEGACY,CBP_OBJECT_SUB_TYPE,EXCEPTION_COLUMN,ALLOW_EXCEPTIONS) values (21000017,'Naming Convention for Script Component Transformations in Data Flow','Naming Convention for Script Component Transformations in Data Flow','SSIS - Package',8100,15000,sysdate,sysdate,'N','N',null,null,'N','N',null,null,null);
Insert into CBP_PARAMETER (CBP_PARAMETER_ID,CBP_PARAMETER_NAME,CBP_PARAMETER_DEFAULT_VALUE,CBP_PARAMETER_SITE_VALUE,CBP_PARAMETER_DESCRIPTION,CBP_PARAMETER_KEYWORD,CBP_PARAMETER_PLACE_HOLDER,CBP_PARAMETER_DATA_TYPE,CBP_PATTERN_ID,CBP_CREATED_TIMESTAMP,CBP_UPDATED_TIMESTAMP,CBP_CONFIGURABLE,CBP_IS_PROJECT_SPECIFIC,IS_EXCEPTION,IS_LIST,IS_REGEX) values (21000017,'Naming Convention for Script Component Transformations in Data Flow','^(scriptComp_)',null,'Naming Convention for Script Component Transformations in Data Flow',null,null,'STRING',2000,sysdate,sysdate,'Y','N',null,null,null);
Insert into CBP_RULE_PARAMETER (CBP_RULE_ID,CBP_PARAMETER_ID,CBP_CREATED_TIMESTAMP,CBP_UPDATED_TIMESTAMP) values (21000017,21000017,sysdate,sysdate);
--
Insert into CBP_RULE (CBP_RULE_ID,CBP_RULE_SHORT_DESC,CBP_RULE_NAME,CBP_OBJECT_TYPE,CBP_CODE_TYPE_ID,CBP_IMP_TYPE_ID,CBP_CREATED_TIMESTAMP,CBP_UPDATED_TIMESTAMP,CBP_ADD_PARAM_ALLOWED,IS_DEPRECATED,DS_STAGE_TYPE,DS_ORCH_STAGE_IDENTIFIER,IS_DUMMY,IS_LEGACY,CBP_OBJECT_SUB_TYPE,EXCEPTION_COLUMN,ALLOW_EXCEPTIONS) values (21000018,'Naming Convention for Sort Transformations in Data Flow','Naming Convention for Sort Transformations in Data Flow','SSIS - Package',8100,15000,sysdate,sysdate,'N','N',null,null,'N','N',null,null,null);
Insert into CBP_PARAMETER (CBP_PARAMETER_ID,CBP_PARAMETER_NAME,CBP_PARAMETER_DEFAULT_VALUE,CBP_PARAMETER_SITE_VALUE,CBP_PARAMETER_DESCRIPTION,CBP_PARAMETER_KEYWORD,CBP_PARAMETER_PLACE_HOLDER,CBP_PARAMETER_DATA_TYPE,CBP_PATTERN_ID,CBP_CREATED_TIMESTAMP,CBP_UPDATED_TIMESTAMP,CBP_CONFIGURABLE,CBP_IS_PROJECT_SPECIFIC,IS_EXCEPTION,IS_LIST,IS_REGEX) values (21000018,'Naming Convention for Sort Transformations in Data Flow','^(srt_)',null,'Naming Convention for Sort Transformations in Data Flow',null,null,'STRING',2000,sysdate,sysdate,'Y','N',null,null,null);
Insert into CBP_RULE_PARAMETER (CBP_RULE_ID,CBP_PARAMETER_ID,CBP_CREATED_TIMESTAMP,CBP_UPDATED_TIMESTAMP) values (21000018,21000018,sysdate,sysdate);
--
Insert into CBP_RULE (CBP_RULE_ID,CBP_RULE_SHORT_DESC,CBP_RULE_NAME,CBP_OBJECT_TYPE,CBP_CODE_TYPE_ID,CBP_IMP_TYPE_ID,CBP_CREATED_TIMESTAMP,CBP_UPDATED_TIMESTAMP,CBP_ADD_PARAM_ALLOWED,IS_DEPRECATED,DS_STAGE_TYPE,DS_ORCH_STAGE_IDENTIFIER,IS_DUMMY,IS_LEGACY,CBP_OBJECT_SUB_TYPE,EXCEPTION_COLUMN,ALLOW_EXCEPTIONS) values (21000019,'Naming Convention for Union All Transformations in Data Flow','Naming Convention for Union All Transformations in Data Flow','SSIS - Package',8100,15000,sysdate,sysdate,'N','N',null,null,'N','N',null,null,null);
Insert into CBP_PARAMETER (CBP_PARAMETER_ID,CBP_PARAMETER_NAME,CBP_PARAMETER_DEFAULT_VALUE,CBP_PARAMETER_SITE_VALUE,CBP_PARAMETER_DESCRIPTION,CBP_PARAMETER_KEYWORD,CBP_PARAMETER_PLACE_HOLDER,CBP_PARAMETER_DATA_TYPE,CBP_PATTERN_ID,CBP_CREATED_TIMESTAMP,CBP_UPDATED_TIMESTAMP,CBP_CONFIGURABLE,CBP_IS_PROJECT_SPECIFIC,IS_EXCEPTION,IS_LIST,IS_REGEX) values (21000019,'Naming Convention for Union All Transformations in Data Flow','^(unAll_)',null,'Naming Convention for Union All Transformations in Data Flow',null,null,'STRING',2000,sysdate,sysdate,'Y','N',null,null,null);
Insert into CBP_RULE_PARAMETER (CBP_RULE_ID,CBP_PARAMETER_ID,CBP_CREATED_TIMESTAMP,CBP_UPDATED_TIMESTAMP) values (21000019,21000019,sysdate,sysdate);
--
Insert into CBP_RULE (CBP_RULE_ID,CBP_RULE_SHORT_DESC,CBP_RULE_NAME,CBP_OBJECT_TYPE,CBP_CODE_TYPE_ID,CBP_IMP_TYPE_ID,CBP_CREATED_TIMESTAMP,CBP_UPDATED_TIMESTAMP,CBP_ADD_PARAM_ALLOWED,IS_DEPRECATED,DS_STAGE_TYPE,DS_ORCH_STAGE_IDENTIFIER,IS_DUMMY,IS_LEGACY,CBP_OBJECT_SUB_TYPE,EXCEPTION_COLUMN,ALLOW_EXCEPTIONS) values (21000020,'Naming Convention for Audit Transformations in Data Flow','Naming Convention for Audit Transformations in Data Flow','SSIS - Package',8100,15000,sysdate,sysdate,'N','N',null,null,'N','N',null,null,null);
Insert into CBP_PARAMETER (CBP_PARAMETER_ID,CBP_PARAMETER_NAME,CBP_PARAMETER_DEFAULT_VALUE,CBP_PARAMETER_SITE_VALUE,CBP_PARAMETER_DESCRIPTION,CBP_PARAMETER_KEYWORD,CBP_PARAMETER_PLACE_HOLDER,CBP_PARAMETER_DATA_TYPE,CBP_PATTERN_ID,CBP_CREATED_TIMESTAMP,CBP_UPDATED_TIMESTAMP,CBP_CONFIGURABLE,CBP_IS_PROJECT_SPECIFIC,IS_EXCEPTION,IS_LIST,IS_REGEX) values (21000020,'Naming Convention for Audit Transformations in Data Flow','^(aud_)',null,'Naming Convention for Audit Transformations in Data Flow',null,null,'STRING',2000,sysdate,sysdate,'Y','N',null,null,null);
Insert into CBP_RULE_PARAMETER (CBP_RULE_ID,CBP_PARAMETER_ID,CBP_CREATED_TIMESTAMP,CBP_UPDATED_TIMESTAMP) values (21000020,21000020,sysdate,sysdate);
--
Insert into CBP_RULE (CBP_RULE_ID,CBP_RULE_SHORT_DESC,CBP_RULE_NAME,CBP_OBJECT_TYPE,CBP_CODE_TYPE_ID,CBP_IMP_TYPE_ID,CBP_CREATED_TIMESTAMP,CBP_UPDATED_TIMESTAMP,CBP_ADD_PARAM_ALLOWED,IS_DEPRECATED,DS_STAGE_TYPE,DS_ORCH_STAGE_IDENTIFIER,IS_DUMMY,IS_LEGACY,CBP_OBJECT_SUB_TYPE,EXCEPTION_COLUMN,ALLOW_EXCEPTIONS) values (21000021,'Naming Convention for Cache Transformations in Data Flow','Naming Convention for Cache Transformations in Data Flow','SSIS - Package',8100,15000,sysdate,sysdate,'N','N',null,null,'N','N',null,null,null);
Insert into CBP_PARAMETER (CBP_PARAMETER_ID,CBP_PARAMETER_NAME,CBP_PARAMETER_DEFAULT_VALUE,CBP_PARAMETER_SITE_VALUE,CBP_PARAMETER_DESCRIPTION,CBP_PARAMETER_KEYWORD,CBP_PARAMETER_PLACE_HOLDER,CBP_PARAMETER_DATA_TYPE,CBP_PATTERN_ID,CBP_CREATED_TIMESTAMP,CBP_UPDATED_TIMESTAMP,CBP_CONFIGURABLE,CBP_IS_PROJECT_SPECIFIC,IS_EXCEPTION,IS_LIST,IS_REGEX) values (21000021,'Naming Convention for Cache Transformations in Data Flow','^(Cache_)',null,'Naming Convention for Cache Transformations in Data Flow',null,null,'STRING',2000,sysdate,sysdate,'Y','N',null,null,null);
Insert into CBP_RULE_PARAMETER (CBP_RULE_ID,CBP_PARAMETER_ID,CBP_CREATED_TIMESTAMP,CBP_UPDATED_TIMESTAMP) values (21000021,21000021,sysdate,sysdate);
--
Insert into CBP_RULE (CBP_RULE_ID,CBP_RULE_SHORT_DESC,CBP_RULE_NAME,CBP_OBJECT_TYPE,CBP_CODE_TYPE_ID,CBP_IMP_TYPE_ID,CBP_CREATED_TIMESTAMP,CBP_UPDATED_TIMESTAMP,CBP_ADD_PARAM_ALLOWED,IS_DEPRECATED,DS_STAGE_TYPE,DS_ORCH_STAGE_IDENTIFIER,IS_DUMMY,IS_LEGACY,CBP_OBJECT_SUB_TYPE,EXCEPTION_COLUMN,ALLOW_EXCEPTIONS) values (21000022,'Naming Convention for Copy Column Transformations in Data Flow','Naming Convention for Copy Column Transformations in Data Flow','SSIS - Package',8100,15000,sysdate,sysdate,'N','N',null,null,'N','N',null,null,null);
Insert into CBP_PARAMETER (CBP_PARAMETER_ID,CBP_PARAMETER_NAME,CBP_PARAMETER_DEFAULT_VALUE,CBP_PARAMETER_SITE_VALUE,CBP_PARAMETER_DESCRIPTION,CBP_PARAMETER_KEYWORD,CBP_PARAMETER_PLACE_HOLDER,CBP_PARAMETER_DATA_TYPE,CBP_PATTERN_ID,CBP_CREATED_TIMESTAMP,CBP_UPDATED_TIMESTAMP,CBP_CONFIGURABLE,CBP_IS_PROJECT_SPECIFIC,IS_EXCEPTION,IS_LIST,IS_REGEX) values (21000022,'Naming Convention for Copy Column Transformations in Data Flow','^(cpyCol_)',null,'Naming Convention for Copy Column Transformations in Data Flow',null,null,'STRING',2000,sysdate,sysdate,'Y','N',null,null,null);
Insert into CBP_RULE_PARAMETER (CBP_RULE_ID,CBP_PARAMETER_ID,CBP_CREATED_TIMESTAMP,CBP_UPDATED_TIMESTAMP) values (21000022,21000022,sysdate,sysdate);
--
Insert into CBP_RULE (CBP_RULE_ID,CBP_RULE_SHORT_DESC,CBP_RULE_NAME,CBP_OBJECT_TYPE,CBP_CODE_TYPE_ID,CBP_IMP_TYPE_ID,CBP_CREATED_TIMESTAMP,CBP_UPDATED_TIMESTAMP,CBP_ADD_PARAM_ALLOWED,IS_DEPRECATED,DS_STAGE_TYPE,DS_ORCH_STAGE_IDENTIFIER,IS_DUMMY,IS_LEGACY,CBP_OBJECT_SUB_TYPE,EXCEPTION_COLUMN,ALLOW_EXCEPTIONS) values (21000023,'Naming Convention for Pivot Transformations in Data Flow','Naming Convention for Pivot Transformations in Data Flow','SSIS - Package',8100,15000,sysdate,sysdate,'N','N',null,null,'N','N',null,null,null);
Insert into CBP_PARAMETER (CBP_PARAMETER_ID,CBP_PARAMETER_NAME,CBP_PARAMETER_DEFAULT_VALUE,CBP_PARAMETER_SITE_VALUE,CBP_PARAMETER_DESCRIPTION,CBP_PARAMETER_KEYWORD,CBP_PARAMETER_PLACE_HOLDER,CBP_PARAMETER_DATA_TYPE,CBP_PATTERN_ID,CBP_CREATED_TIMESTAMP,CBP_UPDATED_TIMESTAMP,CBP_CONFIGURABLE,CBP_IS_PROJECT_SPECIFIC,IS_EXCEPTION,IS_LIST,IS_REGEX) values (21000023,'Naming Convention for Pivot Transformations in Data Flow','^(pvt_)',null,'Naming Convention for Pivot Transformations in Data Flow',null,null,'STRING',2000,sysdate,sysdate,'Y','N',null,null,null);
Insert into CBP_RULE_PARAMETER (CBP_RULE_ID,CBP_PARAMETER_ID,CBP_CREATED_TIMESTAMP,CBP_UPDATED_TIMESTAMP) values (21000023,21000023,sysdate,sysdate);
--
Insert into CBP_RULE (CBP_RULE_ID,CBP_RULE_SHORT_DESC,CBP_RULE_NAME,CBP_OBJECT_TYPE,CBP_CODE_TYPE_ID,CBP_IMP_TYPE_ID,CBP_CREATED_TIMESTAMP,CBP_UPDATED_TIMESTAMP,CBP_ADD_PARAM_ALLOWED,IS_DEPRECATED,DS_STAGE_TYPE,DS_ORCH_STAGE_IDENTIFIER,IS_DUMMY,IS_LEGACY,CBP_OBJECT_SUB_TYPE,EXCEPTION_COLUMN,ALLOW_EXCEPTIONS) values (21000024,'Naming Convention for Unpivot Transformations in Data Flow','Naming Convention for Unpivot Transformations in Data Flow','SSIS - Package',8100,15000,sysdate,sysdate,'N','N',null,null,'N','N',null,null,null);
Insert into CBP_PARAMETER (CBP_PARAMETER_ID,CBP_PARAMETER_NAME,CBP_PARAMETER_DEFAULT_VALUE,CBP_PARAMETER_SITE_VALUE,CBP_PARAMETER_DESCRIPTION,CBP_PARAMETER_KEYWORD,CBP_PARAMETER_PLACE_HOLDER,CBP_PARAMETER_DATA_TYPE,CBP_PATTERN_ID,CBP_CREATED_TIMESTAMP,CBP_UPDATED_TIMESTAMP,CBP_CONFIGURABLE,CBP_IS_PROJECT_SPECIFIC,IS_EXCEPTION,IS_LIST,IS_REGEX) values (21000024,'Naming Convention for Unpivot Transformations in Data Flow','^(unpvt_)',null,'Naming Convention for Unpivot Transformations in Data Flow',null,null,'STRING',2000,sysdate,sysdate,'Y','N',null,null,null);
Insert into CBP_RULE_PARAMETER (CBP_RULE_ID,CBP_PARAMETER_ID,CBP_CREATED_TIMESTAMP,CBP_UPDATED_TIMESTAMP) values (21000024,21000024,sysdate,sysdate);
--
Insert into CBP_RULE (CBP_RULE_ID,CBP_RULE_SHORT_DESC,CBP_RULE_NAME,CBP_OBJECT_TYPE,CBP_CODE_TYPE_ID,CBP_IMP_TYPE_ID,CBP_CREATED_TIMESTAMP,CBP_UPDATED_TIMESTAMP,CBP_ADD_PARAM_ALLOWED,IS_DEPRECATED,DS_STAGE_TYPE,DS_ORCH_STAGE_IDENTIFIER,IS_DUMMY,IS_LEGACY,CBP_OBJECT_SUB_TYPE,EXCEPTION_COLUMN,ALLOW_EXCEPTIONS) values (21000025,'Naming Convention for ADO NET Source in Data Flow','Naming Convention for ADO NET Source in Data Flow','SSIS - Package',8100,15000,sysdate,sysdate,'N','N',null,null,'N','N',null,null,null);
Insert into CBP_PARAMETER (CBP_PARAMETER_ID,CBP_PARAMETER_NAME,CBP_PARAMETER_DEFAULT_VALUE,CBP_PARAMETER_SITE_VALUE,CBP_PARAMETER_DESCRIPTION,CBP_PARAMETER_KEYWORD,CBP_PARAMETER_PLACE_HOLDER,CBP_PARAMETER_DATA_TYPE,CBP_PATTERN_ID,CBP_CREATED_TIMESTAMP,CBP_UPDATED_TIMESTAMP,CBP_CONFIGURABLE,CBP_IS_PROJECT_SPECIFIC,IS_EXCEPTION,IS_LIST,IS_REGEX) values (21000025,'Naming Convention for ADO NET Source in Data Flow','^(adoNetSrc_)',null,'Naming Convention for ADO NET Source in Data Flow',null,null,'STRING',2000,sysdate,sysdate,'Y','N',null,null,null);
Insert into CBP_RULE_PARAMETER (CBP_RULE_ID,CBP_PARAMETER_ID,CBP_CREATED_TIMESTAMP,CBP_UPDATED_TIMESTAMP) values (21000025,21000025,sysdate,sysdate);
--
Insert into CBP_RULE (CBP_RULE_ID,CBP_RULE_SHORT_DESC,CBP_RULE_NAME,CBP_OBJECT_TYPE,CBP_CODE_TYPE_ID,CBP_IMP_TYPE_ID,CBP_CREATED_TIMESTAMP,CBP_UPDATED_TIMESTAMP,CBP_ADD_PARAM_ALLOWED,IS_DEPRECATED,DS_STAGE_TYPE,DS_ORCH_STAGE_IDENTIFIER,IS_DUMMY,IS_LEGACY,CBP_OBJECT_SUB_TYPE,EXCEPTION_COLUMN,ALLOW_EXCEPTIONS) values (21000026,'Naming Convention for ADO NET Destination in Data Flow','Naming Convention for ADO NET Destination in Data Flow','SSIS - Package',8100,15000,sysdate,sysdate,'N','N',null,null,'N','N',null,null,null);
Insert into CBP_PARAMETER (CBP_PARAMETER_ID,CBP_PARAMETER_NAME,CBP_PARAMETER_DEFAULT_VALUE,CBP_PARAMETER_SITE_VALUE,CBP_PARAMETER_DESCRIPTION,CBP_PARAMETER_KEYWORD,CBP_PARAMETER_PLACE_HOLDER,CBP_PARAMETER_DATA_TYPE,CBP_PATTERN_ID,CBP_CREATED_TIMESTAMP,CBP_UPDATED_TIMESTAMP,CBP_CONFIGURABLE,CBP_IS_PROJECT_SPECIFIC,IS_EXCEPTION,IS_LIST,IS_REGEX) values (21000026,'Naming Convention for ADO NET Destination in Data Flow','^(adoNetDest_)',null,'Naming Convention for ADO NET Destination in Data Flow',null,null,'STRING',2000,sysdate,sysdate,'Y','N',null,null,null);
Insert into CBP_RULE_PARAMETER (CBP_RULE_ID,CBP_PARAMETER_ID,CBP_CREATED_TIMESTAMP,CBP_UPDATED_TIMESTAMP) values (21000026,21000026,sysdate,sysdate);
--
Insert into CBP_RULE (CBP_RULE_ID,CBP_RULE_SHORT_DESC,CBP_RULE_NAME,CBP_OBJECT_TYPE,CBP_CODE_TYPE_ID,CBP_IMP_TYPE_ID,CBP_CREATED_TIMESTAMP,CBP_UPDATED_TIMESTAMP,CBP_ADD_PARAM_ALLOWED,IS_DEPRECATED,DS_STAGE_TYPE,DS_ORCH_STAGE_IDENTIFIER,IS_DUMMY,IS_LEGACY,CBP_OBJECT_SUB_TYPE,EXCEPTION_COLUMN,ALLOW_EXCEPTIONS) values (21000027,'Naming Convention for Flat File Source in Data Flow','Naming Convention for Flat File Source in Data Flow','SSIS - Package',8100,15000,sysdate,sysdate,'N','N',null,null,'N','N',null,null,null);
Insert into CBP_PARAMETER (CBP_PARAMETER_ID,CBP_PARAMETER_NAME,CBP_PARAMETER_DEFAULT_VALUE,CBP_PARAMETER_SITE_VALUE,CBP_PARAMETER_DESCRIPTION,CBP_PARAMETER_KEYWORD,CBP_PARAMETER_PLACE_HOLDER,CBP_PARAMETER_DATA_TYPE,CBP_PATTERN_ID,CBP_CREATED_TIMESTAMP,CBP_UPDATED_TIMESTAMP,CBP_CONFIGURABLE,CBP_IS_PROJECT_SPECIFIC,IS_EXCEPTION,IS_LIST,IS_REGEX) values (21000027,'Naming Convention for Flat File Source in Data Flow','^(flatFileSrc_)',null,'Naming Convention for Flat File Source in Data Flow',null,null,'STRING',2000,sysdate,sysdate,'Y','N',null,null,null);
Insert into CBP_RULE_PARAMETER (CBP_RULE_ID,CBP_PARAMETER_ID,CBP_CREATED_TIMESTAMP,CBP_UPDATED_TIMESTAMP) values (21000027,21000027,sysdate,sysdate);
--
Insert into CBP_RULE (CBP_RULE_ID,CBP_RULE_SHORT_DESC,CBP_RULE_NAME,CBP_OBJECT_TYPE,CBP_CODE_TYPE_ID,CBP_IMP_TYPE_ID,CBP_CREATED_TIMESTAMP,CBP_UPDATED_TIMESTAMP,CBP_ADD_PARAM_ALLOWED,IS_DEPRECATED,DS_STAGE_TYPE,DS_ORCH_STAGE_IDENTIFIER,IS_DUMMY,IS_LEGACY,CBP_OBJECT_SUB_TYPE,EXCEPTION_COLUMN,ALLOW_EXCEPTIONS) values (21000028,'Naming Convention for Flat File Destination in Data Flow','Naming Convention for Flat File Destination in Data Flow','SSIS - Package',8100,15000,sysdate,sysdate,'N','N',null,null,'N','N',null,null,null);
Insert into CBP_PARAMETER (CBP_PARAMETER_ID,CBP_PARAMETER_NAME,CBP_PARAMETER_DEFAULT_VALUE,CBP_PARAMETER_SITE_VALUE,CBP_PARAMETER_DESCRIPTION,CBP_PARAMETER_KEYWORD,CBP_PARAMETER_PLACE_HOLDER,CBP_PARAMETER_DATA_TYPE,CBP_PATTERN_ID,CBP_CREATED_TIMESTAMP,CBP_UPDATED_TIMESTAMP,CBP_CONFIGURABLE,CBP_IS_PROJECT_SPECIFIC,IS_EXCEPTION,IS_LIST,IS_REGEX) values (21000028,'Naming Convention for Flat File Destination in Data Flow','^(flatFileDest_)',null,'Naming Convention for Flat File Destination in Data Flow',null,null,'STRING',2000,sysdate,sysdate,'Y','N',null,null,null);
Insert into CBP_RULE_PARAMETER (CBP_RULE_ID,CBP_PARAMETER_ID,CBP_CREATED_TIMESTAMP,CBP_UPDATED_TIMESTAMP) values (21000028,21000028,sysdate,sysdate);

COMMIT;

-- Batch 2
Insert into CBP_RULE (CBP_RULE_ID,CBP_RULE_SHORT_DESC,CBP_RULE_NAME,CBP_OBJECT_TYPE,CBP_CODE_TYPE_ID,CBP_IMP_TYPE_ID,CBP_CREATED_TIMESTAMP,CBP_UPDATED_TIMESTAMP,CBP_ADD_PARAM_ALLOWED,IS_DEPRECATED,DS_STAGE_TYPE,DS_ORCH_STAGE_IDENTIFIER,IS_DUMMY,IS_LEGACY,CBP_OBJECT_SUB_TYPE,EXCEPTION_COLUMN,ALLOW_EXCEPTIONS) values (21000031,'Use of Too Many Aggregate Transformations in Dataflow','Use of Too Many Aggregate Transformations in Dataflow','SSIS - Package',8100,15000,sysdate,sysdate,'N','N',null,null,'N','N',null,null,null);
Insert into CBP_PARAMETER (CBP_PARAMETER_ID,CBP_PARAMETER_NAME,CBP_PARAMETER_DEFAULT_VALUE,CBP_PARAMETER_SITE_VALUE,CBP_PARAMETER_DESCRIPTION,CBP_PARAMETER_KEYWORD,CBP_PARAMETER_PLACE_HOLDER,CBP_PARAMETER_DATA_TYPE,CBP_PATTERN_ID,CBP_CREATED_TIMESTAMP,CBP_UPDATED_TIMESTAMP,CBP_CONFIGURABLE,CBP_IS_PROJECT_SPECIFIC,IS_EXCEPTION,IS_LIST,IS_REGEX) values (21000031,'Maximum Number of Aggregate Transformations in Dataflow','1',null,'Maximum Number of Aggregate Transformations in Dataflow',null,'COEURDATA_MAX_Aggregate TRANSFORMATIONS IN DATAFLOW','NUMBER',null,sysdate,sysdate,'Y','N',null,null,null);
Insert into CBP_RULE_PARAMETER (CBP_RULE_ID,CBP_PARAMETER_ID,CBP_CREATED_TIMESTAMP,CBP_UPDATED_TIMESTAMP) values (21000031,21000031,sysdate,sysdate);
--
Insert into CBP_RULE (CBP_RULE_ID,CBP_RULE_SHORT_DESC,CBP_RULE_NAME,CBP_OBJECT_TYPE,CBP_CODE_TYPE_ID,CBP_IMP_TYPE_ID,CBP_CREATED_TIMESTAMP,CBP_UPDATED_TIMESTAMP,CBP_ADD_PARAM_ALLOWED,IS_DEPRECATED,DS_STAGE_TYPE,DS_ORCH_STAGE_IDENTIFIER,IS_DUMMY,IS_LEGACY,CBP_OBJECT_SUB_TYPE,EXCEPTION_COLUMN,ALLOW_EXCEPTIONS) values (21000032,'Use of Too Many Balanced Data Distributor Transformations in Dataflow','Use of Too Many Balanced Data Distributor Transformations in Dataflow','SSIS - Package',8100,15000,sysdate,sysdate,'N','N',null,null,'N','N',null,null,null);
Insert into CBP_PARAMETER (CBP_PARAMETER_ID,CBP_PARAMETER_NAME,CBP_PARAMETER_DEFAULT_VALUE,CBP_PARAMETER_SITE_VALUE,CBP_PARAMETER_DESCRIPTION,CBP_PARAMETER_KEYWORD,CBP_PARAMETER_PLACE_HOLDER,CBP_PARAMETER_DATA_TYPE,CBP_PATTERN_ID,CBP_CREATED_TIMESTAMP,CBP_UPDATED_TIMESTAMP,CBP_CONFIGURABLE,CBP_IS_PROJECT_SPECIFIC,IS_EXCEPTION,IS_LIST,IS_REGEX) values (21000032,'Maximum Number of Balanced Data Distributor Transformations in Dataflow','1',null,'Maximum Number of Balanced Data Distributor Transformations in Dataflow',null,'COEURDATA_MAX_Balanced Data Distributor TRANSFORMATIONS IN DATAFLOW','NUMBER',null,sysdate,sysdate,'Y','N',null,null,null);
Insert into CBP_RULE_PARAMETER (CBP_RULE_ID,CBP_PARAMETER_ID,CBP_CREATED_TIMESTAMP,CBP_UPDATED_TIMESTAMP) values (21000032,21000032,sysdate,sysdate);
--
Insert into CBP_RULE (CBP_RULE_ID,CBP_RULE_SHORT_DESC,CBP_RULE_NAME,CBP_OBJECT_TYPE,CBP_CODE_TYPE_ID,CBP_IMP_TYPE_ID,CBP_CREATED_TIMESTAMP,CBP_UPDATED_TIMESTAMP,CBP_ADD_PARAM_ALLOWED,IS_DEPRECATED,DS_STAGE_TYPE,DS_ORCH_STAGE_IDENTIFIER,IS_DUMMY,IS_LEGACY,CBP_OBJECT_SUB_TYPE,EXCEPTION_COLUMN,ALLOW_EXCEPTIONS) values (21000033,'Use of Too Many Conditional Split Transformations in Dataflow','Use of Too Many Conditional Split Transformations in Dataflow','SSIS - Package',8100,15000,sysdate,sysdate,'N','N',null,null,'N','N',null,null,null);
Insert into CBP_PARAMETER (CBP_PARAMETER_ID,CBP_PARAMETER_NAME,CBP_PARAMETER_DEFAULT_VALUE,CBP_PARAMETER_SITE_VALUE,CBP_PARAMETER_DESCRIPTION,CBP_PARAMETER_KEYWORD,CBP_PARAMETER_PLACE_HOLDER,CBP_PARAMETER_DATA_TYPE,CBP_PATTERN_ID,CBP_CREATED_TIMESTAMP,CBP_UPDATED_TIMESTAMP,CBP_CONFIGURABLE,CBP_IS_PROJECT_SPECIFIC,IS_EXCEPTION,IS_LIST,IS_REGEX) values (21000033,'Maximum Number of Conditional Split Transformations in Dataflow','1',null,'Maximum Number of Conditional Split Transformations in Dataflow',null,'COEURDATA_MAX_Conditional Split TRANSFORMATIONS IN DATAFLOW','NUMBER',null,sysdate,sysdate,'Y','N',null,null,null);
Insert into CBP_RULE_PARAMETER (CBP_RULE_ID,CBP_PARAMETER_ID,CBP_CREATED_TIMESTAMP,CBP_UPDATED_TIMESTAMP) values (21000033,21000033,sysdate,sysdate);
--
Insert into CBP_RULE (CBP_RULE_ID,CBP_RULE_SHORT_DESC,CBP_RULE_NAME,CBP_OBJECT_TYPE,CBP_CODE_TYPE_ID,CBP_IMP_TYPE_ID,CBP_CREATED_TIMESTAMP,CBP_UPDATED_TIMESTAMP,CBP_ADD_PARAM_ALLOWED,IS_DEPRECATED,DS_STAGE_TYPE,DS_ORCH_STAGE_IDENTIFIER,IS_DUMMY,IS_LEGACY,CBP_OBJECT_SUB_TYPE,EXCEPTION_COLUMN,ALLOW_EXCEPTIONS) values (21000034,'Use of Too Many Data Conversion Transformations in Dataflow','Use of Too Many Data Conversion Transformations in Dataflow','SSIS - Package',8100,15000,sysdate,sysdate,'N','N',null,null,'N','N',null,null,null);
Insert into CBP_PARAMETER (CBP_PARAMETER_ID,CBP_PARAMETER_NAME,CBP_PARAMETER_DEFAULT_VALUE,CBP_PARAMETER_SITE_VALUE,CBP_PARAMETER_DESCRIPTION,CBP_PARAMETER_KEYWORD,CBP_PARAMETER_PLACE_HOLDER,CBP_PARAMETER_DATA_TYPE,CBP_PATTERN_ID,CBP_CREATED_TIMESTAMP,CBP_UPDATED_TIMESTAMP,CBP_CONFIGURABLE,CBP_IS_PROJECT_SPECIFIC,IS_EXCEPTION,IS_LIST,IS_REGEX) values (21000034,'Maximum Number of Data Conversion Transformations in Dataflow','1',null,'Maximum Number of Data Conversion Transformations in Dataflow',null,'COEURDATA_MAX_Data Conversion TRANSFORMATIONS IN DATAFLOW','NUMBER',null,sysdate,sysdate,'Y','N',null,null,null);
Insert into CBP_RULE_PARAMETER (CBP_RULE_ID,CBP_PARAMETER_ID,CBP_CREATED_TIMESTAMP,CBP_UPDATED_TIMESTAMP) values (21000034,21000034,sysdate,sysdate);
--
Insert into CBP_RULE (CBP_RULE_ID,CBP_RULE_SHORT_DESC,CBP_RULE_NAME,CBP_OBJECT_TYPE,CBP_CODE_TYPE_ID,CBP_IMP_TYPE_ID,CBP_CREATED_TIMESTAMP,CBP_UPDATED_TIMESTAMP,CBP_ADD_PARAM_ALLOWED,IS_DEPRECATED,DS_STAGE_TYPE,DS_ORCH_STAGE_IDENTIFIER,IS_DUMMY,IS_LEGACY,CBP_OBJECT_SUB_TYPE,EXCEPTION_COLUMN,ALLOW_EXCEPTIONS) values (21000035,'Use of Too Many Derived Column Transformations in Dataflow','Use of Too Many Derived Column Transformations in Dataflow','SSIS - Package',8100,15000,sysdate,sysdate,'N','N',null,null,'N','N',null,null,null);
Insert into CBP_PARAMETER (CBP_PARAMETER_ID,CBP_PARAMETER_NAME,CBP_PARAMETER_DEFAULT_VALUE,CBP_PARAMETER_SITE_VALUE,CBP_PARAMETER_DESCRIPTION,CBP_PARAMETER_KEYWORD,CBP_PARAMETER_PLACE_HOLDER,CBP_PARAMETER_DATA_TYPE,CBP_PATTERN_ID,CBP_CREATED_TIMESTAMP,CBP_UPDATED_TIMESTAMP,CBP_CONFIGURABLE,CBP_IS_PROJECT_SPECIFIC,IS_EXCEPTION,IS_LIST,IS_REGEX) values (21000035,'Maximum Number of Derived Column Transformations in Dataflow','1',null,'Maximum Number of Derived Column Transformations in Dataflow',null,'COEURDATA_MAX_Derived Column TRANSFORMATIONS IN DATAFLOW','NUMBER',null,sysdate,sysdate,'Y','N',null,null,null);
Insert into CBP_RULE_PARAMETER (CBP_RULE_ID,CBP_PARAMETER_ID,CBP_CREATED_TIMESTAMP,CBP_UPDATED_TIMESTAMP) values (21000035,21000035,sysdate,sysdate);
--
Insert into CBP_RULE (CBP_RULE_ID,CBP_RULE_SHORT_DESC,CBP_RULE_NAME,CBP_OBJECT_TYPE,CBP_CODE_TYPE_ID,CBP_IMP_TYPE_ID,CBP_CREATED_TIMESTAMP,CBP_UPDATED_TIMESTAMP,CBP_ADD_PARAM_ALLOWED,IS_DEPRECATED,DS_STAGE_TYPE,DS_ORCH_STAGE_IDENTIFIER,IS_DUMMY,IS_LEGACY,CBP_OBJECT_SUB_TYPE,EXCEPTION_COLUMN,ALLOW_EXCEPTIONS) values (21000036,'Use of Too Many lookup Transformations in Dataflow','Use of Too Many lookup Transformations in Dataflow','SSIS - Package',8100,15000,sysdate,sysdate,'N','N',null,null,'N','N',null,null,null);
Insert into CBP_PARAMETER (CBP_PARAMETER_ID,CBP_PARAMETER_NAME,CBP_PARAMETER_DEFAULT_VALUE,CBP_PARAMETER_SITE_VALUE,CBP_PARAMETER_DESCRIPTION,CBP_PARAMETER_KEYWORD,CBP_PARAMETER_PLACE_HOLDER,CBP_PARAMETER_DATA_TYPE,CBP_PATTERN_ID,CBP_CREATED_TIMESTAMP,CBP_UPDATED_TIMESTAMP,CBP_CONFIGURABLE,CBP_IS_PROJECT_SPECIFIC,IS_EXCEPTION,IS_LIST,IS_REGEX) values (21000036,'Maximum Number of lookup Transformations in Dataflow','1',null,'Maximum Number of lookup Transformations in Dataflow',null,'COEURDATA_MAX_lookup TRANSFORMATIONS IN DATAFLOW','NUMBER',null,sysdate,sysdate,'Y','N',null,null,null);
Insert into CBP_RULE_PARAMETER (CBP_RULE_ID,CBP_PARAMETER_ID,CBP_CREATED_TIMESTAMP,CBP_UPDATED_TIMESTAMP) values (21000036,21000036,sysdate,sysdate);
--
Insert into CBP_RULE (CBP_RULE_ID,CBP_RULE_SHORT_DESC,CBP_RULE_NAME,CBP_OBJECT_TYPE,CBP_CODE_TYPE_ID,CBP_IMP_TYPE_ID,CBP_CREATED_TIMESTAMP,CBP_UPDATED_TIMESTAMP,CBP_ADD_PARAM_ALLOWED,IS_DEPRECATED,DS_STAGE_TYPE,DS_ORCH_STAGE_IDENTIFIER,IS_DUMMY,IS_LEGACY,CBP_OBJECT_SUB_TYPE,EXCEPTION_COLUMN,ALLOW_EXCEPTIONS) values (21000037,'Use of Too Many Merge Transformations in Dataflow','Use of Too Many Merge Transformations in Dataflow','SSIS - Package',8100,15000,sysdate,sysdate,'N','N',null,null,'N','N',null,null,null);
Insert into CBP_PARAMETER (CBP_PARAMETER_ID,CBP_PARAMETER_NAME,CBP_PARAMETER_DEFAULT_VALUE,CBP_PARAMETER_SITE_VALUE,CBP_PARAMETER_DESCRIPTION,CBP_PARAMETER_KEYWORD,CBP_PARAMETER_PLACE_HOLDER,CBP_PARAMETER_DATA_TYPE,CBP_PATTERN_ID,CBP_CREATED_TIMESTAMP,CBP_UPDATED_TIMESTAMP,CBP_CONFIGURABLE,CBP_IS_PROJECT_SPECIFIC,IS_EXCEPTION,IS_LIST,IS_REGEX) values (21000037,'Maximum Number of Merge Transformations in Dataflow','1',null,'Maximum Number of Merge Transformations in Dataflow',null,'COEURDATA_MAX_Merge TRANSFORMATIONS IN DATAFLOW','NUMBER',null,sysdate,sysdate,'Y','N',null,null,null);
Insert into CBP_RULE_PARAMETER (CBP_RULE_ID,CBP_PARAMETER_ID,CBP_CREATED_TIMESTAMP,CBP_UPDATED_TIMESTAMP) values (21000037,21000037,sysdate,sysdate);
--
Insert into CBP_RULE (CBP_RULE_ID,CBP_RULE_SHORT_DESC,CBP_RULE_NAME,CBP_OBJECT_TYPE,CBP_CODE_TYPE_ID,CBP_IMP_TYPE_ID,CBP_CREATED_TIMESTAMP,CBP_UPDATED_TIMESTAMP,CBP_ADD_PARAM_ALLOWED,IS_DEPRECATED,DS_STAGE_TYPE,DS_ORCH_STAGE_IDENTIFIER,IS_DUMMY,IS_LEGACY,CBP_OBJECT_SUB_TYPE,EXCEPTION_COLUMN,ALLOW_EXCEPTIONS) values (21000038,'Use of Too Many Merge Join Transformations in Dataflow','Use of Too Many Merge Join Transformations in Dataflow','SSIS - Package',8100,15000,sysdate,sysdate,'N','N',null,null,'N','N',null,null,null);
Insert into CBP_PARAMETER (CBP_PARAMETER_ID,CBP_PARAMETER_NAME,CBP_PARAMETER_DEFAULT_VALUE,CBP_PARAMETER_SITE_VALUE,CBP_PARAMETER_DESCRIPTION,CBP_PARAMETER_KEYWORD,CBP_PARAMETER_PLACE_HOLDER,CBP_PARAMETER_DATA_TYPE,CBP_PATTERN_ID,CBP_CREATED_TIMESTAMP,CBP_UPDATED_TIMESTAMP,CBP_CONFIGURABLE,CBP_IS_PROJECT_SPECIFIC,IS_EXCEPTION,IS_LIST,IS_REGEX) values (21000038,'Maximum Number of Merge Join Transformations in Dataflow','1',null,'Maximum Number of Merge Join Transformations in Dataflow',null,'COEURDATA_MAX_Merge Join TRANSFORMATIONS IN DATAFLOW','NUMBER',null,sysdate,sysdate,'Y','N',null,null,null);
Insert into CBP_RULE_PARAMETER (CBP_RULE_ID,CBP_PARAMETER_ID,CBP_CREATED_TIMESTAMP,CBP_UPDATED_TIMESTAMP) values (21000038,21000038,sysdate,sysdate);
--
Insert into CBP_RULE (CBP_RULE_ID,CBP_RULE_SHORT_DESC,CBP_RULE_NAME,CBP_OBJECT_TYPE,CBP_CODE_TYPE_ID,CBP_IMP_TYPE_ID,CBP_CREATED_TIMESTAMP,CBP_UPDATED_TIMESTAMP,CBP_ADD_PARAM_ALLOWED,IS_DEPRECATED,DS_STAGE_TYPE,DS_ORCH_STAGE_IDENTIFIER,IS_DUMMY,IS_LEGACY,CBP_OBJECT_SUB_TYPE,EXCEPTION_COLUMN,ALLOW_EXCEPTIONS) values (21000039,'Use of Too Many Multicast Transformations in Dataflow','Use of Too Many Multicast Transformations in Dataflow','SSIS - Package',8100,15000,sysdate,sysdate,'N','N',null,null,'N','N',null,null,null);
Insert into CBP_PARAMETER (CBP_PARAMETER_ID,CBP_PARAMETER_NAME,CBP_PARAMETER_DEFAULT_VALUE,CBP_PARAMETER_SITE_VALUE,CBP_PARAMETER_DESCRIPTION,CBP_PARAMETER_KEYWORD,CBP_PARAMETER_PLACE_HOLDER,CBP_PARAMETER_DATA_TYPE,CBP_PATTERN_ID,CBP_CREATED_TIMESTAMP,CBP_UPDATED_TIMESTAMP,CBP_CONFIGURABLE,CBP_IS_PROJECT_SPECIFIC,IS_EXCEPTION,IS_LIST,IS_REGEX) values (21000039,'Maximum Number of Multicast Transformations in Dataflow','1',null,'Maximum Number of Multicast Transformations in Dataflow',null,'COEURDATA_MAX_Multicast TRANSFORMATIONS IN DATAFLOW','NUMBER',null,sysdate,sysdate,'Y','N',null,null,null);
Insert into CBP_RULE_PARAMETER (CBP_RULE_ID,CBP_PARAMETER_ID,CBP_CREATED_TIMESTAMP,CBP_UPDATED_TIMESTAMP) values (21000039,21000039,sysdate,sysdate);
--
Insert into CBP_RULE (CBP_RULE_ID,CBP_RULE_SHORT_DESC,CBP_RULE_NAME,CBP_OBJECT_TYPE,CBP_CODE_TYPE_ID,CBP_IMP_TYPE_ID,CBP_CREATED_TIMESTAMP,CBP_UPDATED_TIMESTAMP,CBP_ADD_PARAM_ALLOWED,IS_DEPRECATED,DS_STAGE_TYPE,DS_ORCH_STAGE_IDENTIFIER,IS_DUMMY,IS_LEGACY,CBP_OBJECT_SUB_TYPE,EXCEPTION_COLUMN,ALLOW_EXCEPTIONS) values (21000040,'Use of Too Many Row Count Transformations in Dataflow','Use of Too Many Row Count Transformations in Dataflow','SSIS - Package',8100,15000,sysdate,sysdate,'N','N',null,null,'N','N',null,null,null);
Insert into CBP_PARAMETER (CBP_PARAMETER_ID,CBP_PARAMETER_NAME,CBP_PARAMETER_DEFAULT_VALUE,CBP_PARAMETER_SITE_VALUE,CBP_PARAMETER_DESCRIPTION,CBP_PARAMETER_KEYWORD,CBP_PARAMETER_PLACE_HOLDER,CBP_PARAMETER_DATA_TYPE,CBP_PATTERN_ID,CBP_CREATED_TIMESTAMP,CBP_UPDATED_TIMESTAMP,CBP_CONFIGURABLE,CBP_IS_PROJECT_SPECIFIC,IS_EXCEPTION,IS_LIST,IS_REGEX) values (21000040,'Maximum Number of Row Count Transformations in Dataflow','1',null,'Maximum Number of Row Count Transformations in Dataflow',null,'COEURDATA_MAX_Row Count TRANSFORMATIONS IN DATAFLOW','NUMBER',null,sysdate,sysdate,'Y','N',null,null,null);
Insert into CBP_RULE_PARAMETER (CBP_RULE_ID,CBP_PARAMETER_ID,CBP_CREATED_TIMESTAMP,CBP_UPDATED_TIMESTAMP) values (21000040,21000040,sysdate,sysdate);
--
Insert into CBP_RULE (CBP_RULE_ID,CBP_RULE_SHORT_DESC,CBP_RULE_NAME,CBP_OBJECT_TYPE,CBP_CODE_TYPE_ID,CBP_IMP_TYPE_ID,CBP_CREATED_TIMESTAMP,CBP_UPDATED_TIMESTAMP,CBP_ADD_PARAM_ALLOWED,IS_DEPRECATED,DS_STAGE_TYPE,DS_ORCH_STAGE_IDENTIFIER,IS_DUMMY,IS_LEGACY,CBP_OBJECT_SUB_TYPE,EXCEPTION_COLUMN,ALLOW_EXCEPTIONS) values (21000041,'Use of Too Many Script Component Transformations in Dataflow','Use of Too Many Script Component Transformations in Dataflow','SSIS - Package',8100,15000,sysdate,sysdate,'N','N',null,null,'N','N',null,null,null);
Insert into CBP_PARAMETER (CBP_PARAMETER_ID,CBP_PARAMETER_NAME,CBP_PARAMETER_DEFAULT_VALUE,CBP_PARAMETER_SITE_VALUE,CBP_PARAMETER_DESCRIPTION,CBP_PARAMETER_KEYWORD,CBP_PARAMETER_PLACE_HOLDER,CBP_PARAMETER_DATA_TYPE,CBP_PATTERN_ID,CBP_CREATED_TIMESTAMP,CBP_UPDATED_TIMESTAMP,CBP_CONFIGURABLE,CBP_IS_PROJECT_SPECIFIC,IS_EXCEPTION,IS_LIST,IS_REGEX) values (21000041,'Maximum Number of Script Component Transformations in Dataflow','1',null,'Maximum Number of Script Component Transformations in Dataflow',null,'COEURDATA_MAX_Script Component TRANSFORMATIONS IN DATAFLOW','NUMBER',null,sysdate,sysdate,'Y','N',null,null,null);
Insert into CBP_RULE_PARAMETER (CBP_RULE_ID,CBP_PARAMETER_ID,CBP_CREATED_TIMESTAMP,CBP_UPDATED_TIMESTAMP) values (21000041,21000041,sysdate,sysdate);
--
Insert into CBP_RULE (CBP_RULE_ID,CBP_RULE_SHORT_DESC,CBP_RULE_NAME,CBP_OBJECT_TYPE,CBP_CODE_TYPE_ID,CBP_IMP_TYPE_ID,CBP_CREATED_TIMESTAMP,CBP_UPDATED_TIMESTAMP,CBP_ADD_PARAM_ALLOWED,IS_DEPRECATED,DS_STAGE_TYPE,DS_ORCH_STAGE_IDENTIFIER,IS_DUMMY,IS_LEGACY,CBP_OBJECT_SUB_TYPE,EXCEPTION_COLUMN,ALLOW_EXCEPTIONS) values (21000042,'Use of Too Many Sort Transformations in Dataflow','Use of Too Many Sort Transformations in Dataflow','SSIS - Package',8100,15000,sysdate,sysdate,'N','N',null,null,'N','N',null,null,null);
Insert into CBP_PARAMETER (CBP_PARAMETER_ID,CBP_PARAMETER_NAME,CBP_PARAMETER_DEFAULT_VALUE,CBP_PARAMETER_SITE_VALUE,CBP_PARAMETER_DESCRIPTION,CBP_PARAMETER_KEYWORD,CBP_PARAMETER_PLACE_HOLDER,CBP_PARAMETER_DATA_TYPE,CBP_PATTERN_ID,CBP_CREATED_TIMESTAMP,CBP_UPDATED_TIMESTAMP,CBP_CONFIGURABLE,CBP_IS_PROJECT_SPECIFIC,IS_EXCEPTION,IS_LIST,IS_REGEX) values (21000042,'Maximum Number of Sort Transformations in Dataflow','1',null,'Maximum Number of Sort Transformations in Dataflow',null,'COEURDATA_MAX_Sort TRANSFORMATIONS IN DATAFLOW','NUMBER',null,sysdate,sysdate,'Y','N',null,null,null);
Insert into CBP_RULE_PARAMETER (CBP_RULE_ID,CBP_PARAMETER_ID,CBP_CREATED_TIMESTAMP,CBP_UPDATED_TIMESTAMP) values (21000042,21000042,sysdate,sysdate);
--
Insert into CBP_RULE (CBP_RULE_ID,CBP_RULE_SHORT_DESC,CBP_RULE_NAME,CBP_OBJECT_TYPE,CBP_CODE_TYPE_ID,CBP_IMP_TYPE_ID,CBP_CREATED_TIMESTAMP,CBP_UPDATED_TIMESTAMP,CBP_ADD_PARAM_ALLOWED,IS_DEPRECATED,DS_STAGE_TYPE,DS_ORCH_STAGE_IDENTIFIER,IS_DUMMY,IS_LEGACY,CBP_OBJECT_SUB_TYPE,EXCEPTION_COLUMN,ALLOW_EXCEPTIONS) values (21000043,'Use of Too Many Union All Transformations in Dataflow','Use of Too Many Union All Transformations in Dataflow','SSIS - Package',8100,15000,sysdate,sysdate,'N','N',null,null,'N','N',null,null,null);
Insert into CBP_PARAMETER (CBP_PARAMETER_ID,CBP_PARAMETER_NAME,CBP_PARAMETER_DEFAULT_VALUE,CBP_PARAMETER_SITE_VALUE,CBP_PARAMETER_DESCRIPTION,CBP_PARAMETER_KEYWORD,CBP_PARAMETER_PLACE_HOLDER,CBP_PARAMETER_DATA_TYPE,CBP_PATTERN_ID,CBP_CREATED_TIMESTAMP,CBP_UPDATED_TIMESTAMP,CBP_CONFIGURABLE,CBP_IS_PROJECT_SPECIFIC,IS_EXCEPTION,IS_LIST,IS_REGEX) values (21000043,'Maximum Number of Union All Transformations in Dataflow','1',null,'Maximum Number of Union All Transformations in Dataflow',null,'COEURDATA_MAX_Union All TRANSFORMATIONS IN DATAFLOW','NUMBER',null,sysdate,sysdate,'Y','N',null,null,null);
Insert into CBP_RULE_PARAMETER (CBP_RULE_ID,CBP_PARAMETER_ID,CBP_CREATED_TIMESTAMP,CBP_UPDATED_TIMESTAMP) values (21000043,21000043,sysdate,sysdate);
--
Insert into CBP_RULE (CBP_RULE_ID,CBP_RULE_SHORT_DESC,CBP_RULE_NAME,CBP_OBJECT_TYPE,CBP_CODE_TYPE_ID,CBP_IMP_TYPE_ID,CBP_CREATED_TIMESTAMP,CBP_UPDATED_TIMESTAMP,CBP_ADD_PARAM_ALLOWED,IS_DEPRECATED,DS_STAGE_TYPE,DS_ORCH_STAGE_IDENTIFIER,IS_DUMMY,IS_LEGACY,CBP_OBJECT_SUB_TYPE,EXCEPTION_COLUMN,ALLOW_EXCEPTIONS) values (21000044,'Use of Too Many Audit Transformations in Dataflow','Use of Too Many Audit Transformations in Dataflow','SSIS - Package',8100,15000,sysdate,sysdate,'N','N',null,null,'N','N',null,null,null);
Insert into CBP_PARAMETER (CBP_PARAMETER_ID,CBP_PARAMETER_NAME,CBP_PARAMETER_DEFAULT_VALUE,CBP_PARAMETER_SITE_VALUE,CBP_PARAMETER_DESCRIPTION,CBP_PARAMETER_KEYWORD,CBP_PARAMETER_PLACE_HOLDER,CBP_PARAMETER_DATA_TYPE,CBP_PATTERN_ID,CBP_CREATED_TIMESTAMP,CBP_UPDATED_TIMESTAMP,CBP_CONFIGURABLE,CBP_IS_PROJECT_SPECIFIC,IS_EXCEPTION,IS_LIST,IS_REGEX) values (21000044,'Maximum Number of Audit Transformations in Dataflow','1',null,'Maximum Number of Audit Transformations in Dataflow',null,'COEURDATA_MAX_Audit TRANSFORMATIONS IN DATAFLOW','NUMBER',null,sysdate,sysdate,'Y','N',null,null,null);
Insert into CBP_RULE_PARAMETER (CBP_RULE_ID,CBP_PARAMETER_ID,CBP_CREATED_TIMESTAMP,CBP_UPDATED_TIMESTAMP) values (21000044,21000044,sysdate,sysdate);
--
Insert into CBP_RULE (CBP_RULE_ID,CBP_RULE_SHORT_DESC,CBP_RULE_NAME,CBP_OBJECT_TYPE,CBP_CODE_TYPE_ID,CBP_IMP_TYPE_ID,CBP_CREATED_TIMESTAMP,CBP_UPDATED_TIMESTAMP,CBP_ADD_PARAM_ALLOWED,IS_DEPRECATED,DS_STAGE_TYPE,DS_ORCH_STAGE_IDENTIFIER,IS_DUMMY,IS_LEGACY,CBP_OBJECT_SUB_TYPE,EXCEPTION_COLUMN,ALLOW_EXCEPTIONS) values (21000045,'Use of Too Many Cache Transformations in Dataflow','Use of Too Many Cache Transformations in Dataflow','SSIS - Package',8100,15000,sysdate,sysdate,'N','N',null,null,'N','N',null,null,null);
Insert into CBP_PARAMETER (CBP_PARAMETER_ID,CBP_PARAMETER_NAME,CBP_PARAMETER_DEFAULT_VALUE,CBP_PARAMETER_SITE_VALUE,CBP_PARAMETER_DESCRIPTION,CBP_PARAMETER_KEYWORD,CBP_PARAMETER_PLACE_HOLDER,CBP_PARAMETER_DATA_TYPE,CBP_PATTERN_ID,CBP_CREATED_TIMESTAMP,CBP_UPDATED_TIMESTAMP,CBP_CONFIGURABLE,CBP_IS_PROJECT_SPECIFIC,IS_EXCEPTION,IS_LIST,IS_REGEX) values (21000045,'Maximum Number of Cache Transformations in Dataflow','1',null,'Maximum Number of Cache Transformations in Dataflow',null,'COEURDATA_MAX_Cache TRANSFORMATIONS IN DATAFLOW','NUMBER',null,sysdate,sysdate,'Y','N',null,null,null);
Insert into CBP_RULE_PARAMETER (CBP_RULE_ID,CBP_PARAMETER_ID,CBP_CREATED_TIMESTAMP,CBP_UPDATED_TIMESTAMP) values (21000045,21000045,sysdate,sysdate);
--
Insert into CBP_RULE (CBP_RULE_ID,CBP_RULE_SHORT_DESC,CBP_RULE_NAME,CBP_OBJECT_TYPE,CBP_CODE_TYPE_ID,CBP_IMP_TYPE_ID,CBP_CREATED_TIMESTAMP,CBP_UPDATED_TIMESTAMP,CBP_ADD_PARAM_ALLOWED,IS_DEPRECATED,DS_STAGE_TYPE,DS_ORCH_STAGE_IDENTIFIER,IS_DUMMY,IS_LEGACY,CBP_OBJECT_SUB_TYPE,EXCEPTION_COLUMN,ALLOW_EXCEPTIONS) values (21000046,'Use of Too Many Copy Column Transformations in Dataflow','Use of Too Many Copy Column Transformations in Dataflow','SSIS - Package',8100,15000,sysdate,sysdate,'N','N',null,null,'N','N',null,null,null);
Insert into CBP_PARAMETER (CBP_PARAMETER_ID,CBP_PARAMETER_NAME,CBP_PARAMETER_DEFAULT_VALUE,CBP_PARAMETER_SITE_VALUE,CBP_PARAMETER_DESCRIPTION,CBP_PARAMETER_KEYWORD,CBP_PARAMETER_PLACE_HOLDER,CBP_PARAMETER_DATA_TYPE,CBP_PATTERN_ID,CBP_CREATED_TIMESTAMP,CBP_UPDATED_TIMESTAMP,CBP_CONFIGURABLE,CBP_IS_PROJECT_SPECIFIC,IS_EXCEPTION,IS_LIST,IS_REGEX) values (21000046,'Maximum Number of Copy Column Transformations in Dataflow','1',null,'Maximum Number of Copy Column Transformations in Dataflow',null,'COEURDATA_MAX_Copy Column TRANSFORMATIONS IN DATAFLOW','NUMBER',null,sysdate,sysdate,'Y','N',null,null,null);
Insert into CBP_RULE_PARAMETER (CBP_RULE_ID,CBP_PARAMETER_ID,CBP_CREATED_TIMESTAMP,CBP_UPDATED_TIMESTAMP) values (21000046,21000046,sysdate,sysdate);
--
Insert into CBP_RULE (CBP_RULE_ID,CBP_RULE_SHORT_DESC,CBP_RULE_NAME,CBP_OBJECT_TYPE,CBP_CODE_TYPE_ID,CBP_IMP_TYPE_ID,CBP_CREATED_TIMESTAMP,CBP_UPDATED_TIMESTAMP,CBP_ADD_PARAM_ALLOWED,IS_DEPRECATED,DS_STAGE_TYPE,DS_ORCH_STAGE_IDENTIFIER,IS_DUMMY,IS_LEGACY,CBP_OBJECT_SUB_TYPE,EXCEPTION_COLUMN,ALLOW_EXCEPTIONS) values (21000047,'Use of Too Many Pivot Transformations in Dataflow','Use of Too Many Pivot Transformations in Dataflow','SSIS - Package',8100,15000,sysdate,sysdate,'N','N',null,null,'N','N',null,null,null);
Insert into CBP_PARAMETER (CBP_PARAMETER_ID,CBP_PARAMETER_NAME,CBP_PARAMETER_DEFAULT_VALUE,CBP_PARAMETER_SITE_VALUE,CBP_PARAMETER_DESCRIPTION,CBP_PARAMETER_KEYWORD,CBP_PARAMETER_PLACE_HOLDER,CBP_PARAMETER_DATA_TYPE,CBP_PATTERN_ID,CBP_CREATED_TIMESTAMP,CBP_UPDATED_TIMESTAMP,CBP_CONFIGURABLE,CBP_IS_PROJECT_SPECIFIC,IS_EXCEPTION,IS_LIST,IS_REGEX) values (21000047,'Maximum Number of Pivot Transformations in Dataflow','1',null,'Maximum Number of Pivot Transformations in Dataflow',null,'COEURDATA_MAX_Pivot TRANSFORMATIONS IN DATAFLOW','NUMBER',null,sysdate,sysdate,'Y','N',null,null,null);
Insert into CBP_RULE_PARAMETER (CBP_RULE_ID,CBP_PARAMETER_ID,CBP_CREATED_TIMESTAMP,CBP_UPDATED_TIMESTAMP) values (21000047,21000047,sysdate,sysdate);
--
Insert into CBP_RULE (CBP_RULE_ID,CBP_RULE_SHORT_DESC,CBP_RULE_NAME,CBP_OBJECT_TYPE,CBP_CODE_TYPE_ID,CBP_IMP_TYPE_ID,CBP_CREATED_TIMESTAMP,CBP_UPDATED_TIMESTAMP,CBP_ADD_PARAM_ALLOWED,IS_DEPRECATED,DS_STAGE_TYPE,DS_ORCH_STAGE_IDENTIFIER,IS_DUMMY,IS_LEGACY,CBP_OBJECT_SUB_TYPE,EXCEPTION_COLUMN,ALLOW_EXCEPTIONS) values (21000048,'Use of Too Many Unpivot Transformations in Dataflow','Use of Too Many Unpivot Transformations in Dataflow','SSIS - Package',8100,15000,sysdate,sysdate,'N','N',null,null,'N','N',null,null,null);
Insert into CBP_PARAMETER (CBP_PARAMETER_ID,CBP_PARAMETER_NAME,CBP_PARAMETER_DEFAULT_VALUE,CBP_PARAMETER_SITE_VALUE,CBP_PARAMETER_DESCRIPTION,CBP_PARAMETER_KEYWORD,CBP_PARAMETER_PLACE_HOLDER,CBP_PARAMETER_DATA_TYPE,CBP_PATTERN_ID,CBP_CREATED_TIMESTAMP,CBP_UPDATED_TIMESTAMP,CBP_CONFIGURABLE,CBP_IS_PROJECT_SPECIFIC,IS_EXCEPTION,IS_LIST,IS_REGEX) values (21000048,'Maximum Number of Unpivot Transformations in Dataflow','1',null,'Maximum Number of Unpivot Transformations in Dataflow',null,'COEURDATA_MAX_Unpivot TRANSFORMATIONS IN DATAFLOW','NUMBER',null,sysdate,sysdate,'Y','N',null,null,null);
Insert into CBP_RULE_PARAMETER (CBP_RULE_ID,CBP_PARAMETER_ID,CBP_CREATED_TIMESTAMP,CBP_UPDATED_TIMESTAMP) values (21000048,21000048,sysdate,sysdate);

-- SSIS Parser Rule MR 14AUG2022 (8 Rule)
-- Use package "Package_07_DevWorkSQLParser" of Project-01 
-- Controlflow Execute SQL Task (SQL Statement)s
--Take value from xml tag "SQLTask:SqlStatementSource" where SQLTask:SqlStmtSourceType not exists in <DTS:ObjectData> tag
Insert into CBP_RULE (CBP_RULE_ID,CBP_RULE_SHORT_DESC,CBP_RULE_NAME,CBP_OBJECT_TYPE,CBP_CODE_TYPE_ID,CBP_IMP_TYPE_ID,CBP_CREATED_TIMESTAMP,CBP_UPDATED_TIMESTAMP,CBP_ADD_PARAM_ALLOWED,IS_DEPRECATED,DS_STAGE_TYPE,DS_ORCH_STAGE_IDENTIFIER,IS_DUMMY,IS_LEGACY) values (21000051,'Controlflow Execute SQL Task (SQL Statement) - has Hard-coded Schema','Controlflow Execute SQL Task (SQL Statement) - has Hard-coded Schema','SSIS - Package',8100,1200,sysdate,sysdate,'N','N',null,null,'N','N');
--to code based on following ADF Rule
--11191251	Dataflow Source Query - has Hard-coded Schema

Insert into CBP_RULE (CBP_RULE_ID,CBP_RULE_SHORT_DESC,CBP_RULE_NAME,CBP_OBJECT_TYPE,CBP_CODE_TYPE_ID,CBP_IMP_TYPE_ID,CBP_CREATED_TIMESTAMP,CBP_UPDATED_TIMESTAMP,CBP_ADD_PARAM_ALLOWED,IS_DEPRECATED,DS_STAGE_TYPE,DS_ORCH_STAGE_IDENTIFIER,IS_DUMMY,IS_LEGACY) values (21000052,'Controlflow Execute SQL Task (SQL Statement) - has Too Many Joins','Controlflow Execute SQL Task (SQL Statement) - has Too Many Joins','SSIS - Package',8100,1200,sysdate,sysdate,'N','N',null,null,'N','N');
--to code based on following ADF Rule
--11191252	Dataflow Source Query - has Too Many Joins

Insert into CBP_RULE (CBP_RULE_ID,CBP_RULE_SHORT_DESC,CBP_RULE_NAME,CBP_OBJECT_TYPE,CBP_CODE_TYPE_ID,CBP_IMP_TYPE_ID,CBP_CREATED_TIMESTAMP,CBP_UPDATED_TIMESTAMP,CBP_ADD_PARAM_ALLOWED,IS_DEPRECATED,DS_STAGE_TYPE,DS_ORCH_STAGE_IDENTIFIER,IS_DUMMY,IS_LEGACY) values (21000053,'Controlflow Execute SQL Task (SQL Statement) - has Too Many Tables Used in the SQL','Controlflow Execute SQL Task (SQL Statement) - has Too Many Tables Used in the SQL','SSIS - Package',8100,1200,sysdate,sysdate,'N','N',null,null,'N','N');
--to code based on following ADF Rule
--11191253	Dataflow Source Query - has Too Many Tables Used in the SQL

Insert into CBP_RULE (CBP_RULE_ID,CBP_RULE_SHORT_DESC,CBP_RULE_NAME,CBP_OBJECT_TYPE,CBP_CODE_TYPE_ID,CBP_IMP_TYPE_ID,CBP_CREATED_TIMESTAMP,CBP_UPDATED_TIMESTAMP,CBP_ADD_PARAM_ALLOWED,IS_DEPRECATED,DS_STAGE_TYPE,DS_ORCH_STAGE_IDENTIFIER,IS_DUMMY,IS_LEGACY) values (21000054,'Controlflow Execute SQL Task (SQL Statement) - has Too Many In-Line Views Used in the SQL','Controlflow Execute SQL Task (SQL Statement) - has Too Many In-Line Views Used in the SQL','SSIS - Package',8100,1200,sysdate,sysdate,'N','N',null,null,'N','N');
--to code based on following ADF Rule
--11191254	Dataflow Source Query - has Too Many In-Line Views Used in the SQL

Insert into CBP_RULE (CBP_RULE_ID,CBP_RULE_SHORT_DESC,CBP_RULE_NAME,CBP_OBJECT_TYPE,CBP_CODE_TYPE_ID,CBP_IMP_TYPE_ID,CBP_CREATED_TIMESTAMP,CBP_UPDATED_TIMESTAMP,CBP_ADD_PARAM_ALLOWED,IS_DEPRECATED,DS_STAGE_TYPE,DS_ORCH_STAGE_IDENTIFIER,IS_DUMMY,IS_LEGACY) values (21000055,'Controlflow Execute SQL Task (SQL Statement) - has Too Many Order By Clauses in the SQL','Controlflow Execute SQL Task (SQL Statement) - has Too Many Order By Clauses in the SQL','SSIS - Package',8100,1200,sysdate,sysdate,'N','N',null,null,'N','N');
--to code based on following ADF Rule
--11191255	Dataflow Source Query - has Too Many Order By Clauses in the SQL

Insert into CBP_RULE (CBP_RULE_ID,CBP_RULE_SHORT_DESC,CBP_RULE_NAME,CBP_OBJECT_TYPE,CBP_CODE_TYPE_ID,CBP_IMP_TYPE_ID,CBP_CREATED_TIMESTAMP,CBP_UPDATED_TIMESTAMP,CBP_ADD_PARAM_ALLOWED,IS_DEPRECATED,DS_STAGE_TYPE,DS_ORCH_STAGE_IDENTIFIER,IS_DUMMY,IS_LEGACY) values (21000056,'Controlflow Execute SQL Task (SQL Statement) - has Too Many  in the Order By Clause in the SQL','Controlflow Execute SQL Task (SQL Statement) - has Too Many  in the Order By Clause in the SQL','SSIS - Package',8100,1200,sysdate,sysdate,'N','N',null,null,'N','N');
--to code based on following ADF Rule
--11191256	Dataflow Source Query - has Too Many Columns in the Order By Clause in the SQL


Insert into CBP_RULE (CBP_RULE_ID,CBP_RULE_SHORT_DESC,CBP_RULE_NAME,CBP_OBJECT_TYPE,CBP_CODE_TYPE_ID,CBP_IMP_TYPE_ID,CBP_CREATED_TIMESTAMP,CBP_UPDATED_TIMESTAMP,CBP_ADD_PARAM_ALLOWED,IS_DEPRECATED,DS_STAGE_TYPE,DS_ORCH_STAGE_IDENTIFIER,IS_DUMMY,IS_LEGACY) values (21000057,'Controlflow Execute SQL Task (SQL Statement) - Use of Black Listed Table in the SQL','Controlflow Execute SQL Task (SQL Statement) - Use of Black Listed Table in the SQL','SSIS - Package',8100,1200,sysdate,sysdate,'N','N',null,null,'N','N');
--to code based on following ADF Rule
--11191257	Dataflow Source Query - Use of Black Listed Table in the SQL

Insert into CBP_RULE (CBP_RULE_ID,CBP_RULE_SHORT_DESC,CBP_RULE_NAME,CBP_OBJECT_TYPE,CBP_CODE_TYPE_ID,CBP_IMP_TYPE_ID,CBP_CREATED_TIMESTAMP,CBP_UPDATED_TIMESTAMP,CBP_ADD_PARAM_ALLOWED,IS_DEPRECATED,DS_STAGE_TYPE,DS_ORCH_STAGE_IDENTIFIER,IS_DUMMY,IS_LEGACY) values (21000058,'Controlflow Execute SQL Task (SQL Statement) - Use of Large Table in the SQL','Controlflow Execute SQL Task (SQL Statement) - Use of Large Table in the SQL','SSIS - Package',8100,1200,sysdate,sysdate,'N','N',null,null,'N','N');
--to code based on following ADF Rule
--11191258	Dataflow Source Query - Use of Large Table in the SQL


--CBP_PARAMETER
Insert into CBP_PARAMETER (CBP_PARAMETER_ID,CBP_PARAMETER_NAME,CBP_PARAMETER_DEFAULT_VALUE,CBP_PARAMETER_SITE_VALUE,CBP_PARAMETER_DESCRIPTION,CBP_PARAMETER_KEYWORD,CBP_PARAMETER_PLACE_HOLDER,CBP_PARAMETER_DATA_TYPE,CBP_PATTERN_ID,CBP_CREATED_TIMESTAMP,CBP_UPDATED_TIMESTAMP,CBP_CONFIGURABLE,CBP_IS_PROJECT_SPECIFIC) values (21000052,'Controlflow Execute SQL Task (SQL Statement) - Number of Joins Used in a Query','1',null,'Controlflow Execute SQL Task (SQL Statement) - Number of Joins Used in a Query',null,'COEURDATA_21000052','NUMBER',null,sysdate,sysdate,'Y','N');
Insert into CBP_PARAMETER (CBP_PARAMETER_ID,CBP_PARAMETER_NAME,CBP_PARAMETER_DEFAULT_VALUE,CBP_PARAMETER_SITE_VALUE,CBP_PARAMETER_DESCRIPTION,CBP_PARAMETER_KEYWORD,CBP_PARAMETER_PLACE_HOLDER,CBP_PARAMETER_DATA_TYPE,CBP_PATTERN_ID,CBP_CREATED_TIMESTAMP,CBP_UPDATED_TIMESTAMP,CBP_CONFIGURABLE,CBP_IS_PROJECT_SPECIFIC) values (21000053,'Controlflow Execute SQL Task (SQL Statement) - Maximum Number of Tables Used in the SQL','1',null,'Controlflow Execute SQL Task (SQL Statement) - Maximum Number of Tables Used in the SQL',null,'COEURDATA_21000053','NUMBER',null,sysdate,sysdate,'Y','N');
Insert into CBP_PARAMETER (CBP_PARAMETER_ID,CBP_PARAMETER_NAME,CBP_PARAMETER_DEFAULT_VALUE,CBP_PARAMETER_SITE_VALUE,CBP_PARAMETER_DESCRIPTION,CBP_PARAMETER_KEYWORD,CBP_PARAMETER_PLACE_HOLDER,CBP_PARAMETER_DATA_TYPE,CBP_PATTERN_ID,CBP_CREATED_TIMESTAMP,CBP_UPDATED_TIMESTAMP,CBP_CONFIGURABLE,CBP_IS_PROJECT_SPECIFIC) values (21000054,'Controlflow Execute SQL Task (SQL Statement) - Maximum Number of In-line Views Used in a Query','1',null,'Controlflow Execute SQL Task (SQL Statement) - Maximum Number of In-line Views Used in a Query',null,'COEURDATA_21000054','NUMBER',null,sysdate,sysdate,'Y','N');
Insert into CBP_PARAMETER (CBP_PARAMETER_ID,CBP_PARAMETER_NAME,CBP_PARAMETER_DEFAULT_VALUE,CBP_PARAMETER_SITE_VALUE,CBP_PARAMETER_DESCRIPTION,CBP_PARAMETER_KEYWORD,CBP_PARAMETER_PLACE_HOLDER,CBP_PARAMETER_DATA_TYPE,CBP_PATTERN_ID,CBP_CREATED_TIMESTAMP,CBP_UPDATED_TIMESTAMP,CBP_CONFIGURABLE,CBP_IS_PROJECT_SPECIFIC) values (21000055,'Controlflow Execute SQL Task (SQL Statement) - Number of Order By Clauses Used in a Query','1',null,'Controlflow Execute SQL Task (SQL Statement) - Number of Order By Clauses Used in a Query',null,'COEURDATA_21000055','NUMBER',null,sysdate,sysdate,'Y','N');
Insert into CBP_PARAMETER (CBP_PARAMETER_ID,CBP_PARAMETER_NAME,CBP_PARAMETER_DEFAULT_VALUE,CBP_PARAMETER_SITE_VALUE,CBP_PARAMETER_DESCRIPTION,CBP_PARAMETER_KEYWORD,CBP_PARAMETER_PLACE_HOLDER,CBP_PARAMETER_DATA_TYPE,CBP_PATTERN_ID,CBP_CREATED_TIMESTAMP,CBP_UPDATED_TIMESTAMP,CBP_CONFIGURABLE,CBP_IS_PROJECT_SPECIFIC) values (21000056,'Controlflow Execute SQL Task (SQL Statement) - Maximum Number of Columns in the Order By Clause in the SQL','1',null,'Controlflow Execute SQL Task (SQL Statement) - Maximum Number of Columns in the Order By Clause in the SQL',null,'COEURDATA_21000056','NUMBER',null,sysdate,sysdate,'Y','N');

--CBP_RULE_PARAMETER
Insert into CBP_RULE_PARAMETER (CBP_RULE_ID,CBP_PARAMETER_ID,CBP_CREATED_TIMESTAMP,CBP_UPDATED_TIMESTAMP) values (21000052,21000052,sysdate,sysdate);
Insert into CBP_RULE_PARAMETER (CBP_RULE_ID,CBP_PARAMETER_ID,CBP_CREATED_TIMESTAMP,CBP_UPDATED_TIMESTAMP) values (21000053,21000053,sysdate,sysdate);
Insert into CBP_RULE_PARAMETER (CBP_RULE_ID,CBP_PARAMETER_ID,CBP_CREATED_TIMESTAMP,CBP_UPDATED_TIMESTAMP) values (21000054,21000054,sysdate,sysdate);
Insert into CBP_RULE_PARAMETER (CBP_RULE_ID,CBP_PARAMETER_ID,CBP_CREATED_TIMESTAMP,CBP_UPDATED_TIMESTAMP) values (21000055,21000055,sysdate,sysdate);
Insert into CBP_RULE_PARAMETER (CBP_RULE_ID,CBP_PARAMETER_ID,CBP_CREATED_TIMESTAMP,CBP_UPDATED_TIMESTAMP) values (21000056,21000056,sysdate,sysdate);

Commit;

--
Insert into CBP_RULE (CBP_RULE_ID,CBP_RULE_SHORT_DESC,CBP_RULE_NAME,CBP_OBJECT_TYPE,CBP_CODE_TYPE_ID,CBP_IMP_TYPE_ID,CBP_CREATED_TIMESTAMP,CBP_UPDATED_TIMESTAMP,CBP_ADD_PARAM_ALLOWED,IS_DEPRECATED,DS_STAGE_TYPE,DS_ORCH_STAGE_IDENTIFIER,IS_DUMMY,IS_LEGACY,CBP_OBJECT_SUB_TYPE,EXCEPTION_COLUMN,ALLOW_EXCEPTIONS) values (21000061,'Control Flow has tasks with DelayValidation property set to True','Control Flow has tasks with DelayValidation property set to True','SSIS - Package',8100,15000,sysdate,sysdate,'N','N',null,null,'N','N',null,null,null);

--Instrucation To Code
--Use package Package_08_DevWork in \ssisRepoDev\Solution-Dev\Project-01
--Report if following property exists and been set to True in <DTS:Executable tag of xml
--DTS:DelayValidation="True"
--
Insert into CBP_RULE (CBP_RULE_ID,CBP_RULE_SHORT_DESC,CBP_RULE_NAME,CBP_OBJECT_TYPE,CBP_CODE_TYPE_ID,CBP_IMP_TYPE_ID,CBP_CREATED_TIMESTAMP,CBP_UPDATED_TIMESTAMP,CBP_ADD_PARAM_ALLOWED,IS_DEPRECATED,DS_STAGE_TYPE,DS_ORCH_STAGE_IDENTIFIER,IS_DUMMY,IS_LEGACY,CBP_OBJECT_SUB_TYPE,EXCEPTION_COLUMN,ALLOW_EXCEPTIONS) values (21000062,'Control Flow has disabled tasks','Control Flow has disabled tasks','SSIS - Package',8100,15000,sysdate,sysdate,'N','N',null,null,'N','N',null,null,null);
--Instrucation To Code
--Use package Package_08_DevWork in \ssisRepoDev\Solution-Dev\Project-01
--Report if following property exists and been set to True in <DTS:Executable tag of xml
--DTS:Disabled="True" 

--
Insert into CBP_RULE (CBP_RULE_ID,CBP_RULE_SHORT_DESC,CBP_RULE_NAME,CBP_OBJECT_TYPE,CBP_CODE_TYPE_ID,CBP_IMP_TYPE_ID,CBP_CREATED_TIMESTAMP,CBP_UPDATED_TIMESTAMP,CBP_ADD_PARAM_ALLOWED,IS_DEPRECATED,DS_STAGE_TYPE,DS_ORCH_STAGE_IDENTIFIER,IS_DUMMY,IS_LEGACY,CBP_OBJECT_SUB_TYPE,EXCEPTION_COLUMN,ALLOW_EXCEPTIONS) values (21000063,'Control Flow has tasks with FailPackageOnFailure property not set to True','Control Flow has tasks with FailPackageOnFailure property not set to True','SSIS - Package',8100,15000,sysdate,sysdate,'N','N',null,null,'N','N',null,null,null);
--Instrucation To Code
--Use package Package_08_DevWork in \ssisRepoDev\Solution-Dev\Project-01
--Report if following property does not exist <DTS:Executable tag of xml
--DTS:FailPackageOnFailure
--
Insert into CBP_RULE (CBP_RULE_ID,CBP_RULE_SHORT_DESC,CBP_RULE_NAME,CBP_OBJECT_TYPE,CBP_CODE_TYPE_ID,CBP_IMP_TYPE_ID,CBP_CREATED_TIMESTAMP,CBP_UPDATED_TIMESTAMP,CBP_ADD_PARAM_ALLOWED,IS_DEPRECATED,DS_STAGE_TYPE,DS_ORCH_STAGE_IDENTIFIER,IS_DUMMY,IS_LEGACY,CBP_OBJECT_SUB_TYPE,EXCEPTION_COLUMN,ALLOW_EXCEPTIONS) values (21000064,'Control Flow has tasks with FailParentOnFailure property not set to True','Control Flow has tasks with FailParentOnFailure property not set to True','SSIS - Package',8100,15000,sysdate,sysdate,'N','N',null,null,'N','N',null,null,null);
--Instrucation To Code
--Use package Package_08_DevWork in \ssisRepoDev\Solution-Dev\Project-01
--Report if following property does not exist <DTS:Executable tag of xml
--DTS:FailParentOnFailure
--
Insert into CBP_RULE (CBP_RULE_ID,CBP_RULE_SHORT_DESC,CBP_RULE_NAME,CBP_OBJECT_TYPE,CBP_CODE_TYPE_ID,CBP_IMP_TYPE_ID,CBP_CREATED_TIMESTAMP,CBP_UPDATED_TIMESTAMP,CBP_ADD_PARAM_ALLOWED,IS_DEPRECATED,DS_STAGE_TYPE,DS_ORCH_STAGE_IDENTIFIER,IS_DUMMY,IS_LEGACY,CBP_OBJECT_SUB_TYPE,EXCEPTION_COLUMN,ALLOW_EXCEPTIONS) values (21000065,'Control Flow has tasks with MaxErrorCount property not set to 1','Control Flow has tasks with MaxErrorCount property not set to 1','SSIS - Package',8100,15000,sysdate,sysdate,'N','N',null,null,'N','N',null,null,null);
--Instrucation To Code
--Use package Package_08_DevWork in \ssisRepoDev\Solution-Dev\Project-01
--Report if following property does not exist <DTS:Executable tag of xml
--DTS:MaxErrorCount

commit;

--Use package Package_11_DevWork_A, Package_11_DevWork_B and Package_11_DevWork_C in \ssisRepoDev\Solution-Dev\Project-01
--
Insert into CBP_RULE (CBP_RULE_ID,CBP_RULE_SHORT_DESC,CBP_RULE_NAME,CBP_OBJECT_TYPE,CBP_CODE_TYPE_ID,CBP_IMP_TYPE_ID,CBP_CREATED_TIMESTAMP,CBP_UPDATED_TIMESTAMP,CBP_ADD_PARAM_ALLOWED,IS_DEPRECATED,DS_STAGE_TYPE,DS_ORCH_STAGE_IDENTIFIER,IS_DUMMY,IS_LEGACY,CBP_OBJECT_SUB_TYPE,EXCEPTION_COLUMN,ALLOW_EXCEPTIONS) values (21000071,'Data Flow - Lookup Transformations has Cache Mode not set to Full Cache','Data Flow - Lookup Transformations has Cache Mode not set to Full Cache','SSIS - Package',8100,15000,sysdate,sysdate,'N','N',null,null,'N','N',null,null,null);
--Instrucation To Code
--Report when name="CacheType" and typeConverter="CacheType" and value not set to 0 in xml tag <property...</property> for a Lookup Transformation
--
Insert into CBP_RULE (CBP_RULE_ID,CBP_RULE_SHORT_DESC,CBP_RULE_NAME,CBP_OBJECT_TYPE,CBP_CODE_TYPE_ID,CBP_IMP_TYPE_ID,CBP_CREATED_TIMESTAMP,CBP_UPDATED_TIMESTAMP,CBP_ADD_PARAM_ALLOWED,IS_DEPRECATED,DS_STAGE_TYPE,DS_ORCH_STAGE_IDENTIFIER,IS_DUMMY,IS_LEGACY,CBP_OBJECT_SUB_TYPE,EXCEPTION_COLUMN,ALLOW_EXCEPTIONS) values (21000072,'Data Flow - Lookup Transformations has Cache Mode not set to Partial Cache','Data Flow - Lookup Transformations has Cache Mode not set to Partial Cache','SSIS - Package',8100,15000,sysdate,sysdate,'N','N',null,null,'N','N',null,null,null);
--Instrucation To Code
--Report when name="CacheType" and typeConverter="CacheType" and value not set to 1 in xml tag <property...</property> for a Lookup Transformation
--
Insert into CBP_RULE (CBP_RULE_ID,CBP_RULE_SHORT_DESC,CBP_RULE_NAME,CBP_OBJECT_TYPE,CBP_CODE_TYPE_ID,CBP_IMP_TYPE_ID,CBP_CREATED_TIMESTAMP,CBP_UPDATED_TIMESTAMP,CBP_ADD_PARAM_ALLOWED,IS_DEPRECATED,DS_STAGE_TYPE,DS_ORCH_STAGE_IDENTIFIER,IS_DUMMY,IS_LEGACY,CBP_OBJECT_SUB_TYPE,EXCEPTION_COLUMN,ALLOW_EXCEPTIONS) values (21000073,'Data Flow - Lookup Transformations has Cache Mode not set to No Cache','Data Flow - Lookup Transformations has Cache Mode not set to No Cache','SSIS - Package',8100,15000,sysdate,sysdate,'N','N',null,null,'N','N',null,null,null);
--Instrucation To Code
--Report when name="CacheType" and typeConverter="CacheType" and value not set to 2 in xml tag <property...</property> for a Lookup Transformation
--
Insert into CBP_RULE (CBP_RULE_ID,CBP_RULE_SHORT_DESC,CBP_RULE_NAME,CBP_OBJECT_TYPE,CBP_CODE_TYPE_ID,CBP_IMP_TYPE_ID,CBP_CREATED_TIMESTAMP,CBP_UPDATED_TIMESTAMP,CBP_ADD_PARAM_ALLOWED,IS_DEPRECATED,DS_STAGE_TYPE,DS_ORCH_STAGE_IDENTIFIER,IS_DUMMY,IS_LEGACY,CBP_OBJECT_SUB_TYPE,EXCEPTION_COLUMN,ALLOW_EXCEPTIONS) values (21000074,'Data Flow - Lookup Transformations has property Handle Rows With No Matching Entries not set to Ignore Failure','Data Flow - Lookup Transformations has property Handle Rows With No Matching Entries not set to Ignore Failure','SSIS - Package',8100,15000,sysdate,sysdate,'N','N',null,null,'N','N',null,null,null);
--Instrucation To Code
--Report if not exists errorRowDisposition="IgnoreFailure" where name="Lookup Match Output" in xml tag output...</output> for a Lookup Transformation
--
Insert into CBP_RULE (CBP_RULE_ID,CBP_RULE_SHORT_DESC,CBP_RULE_NAME,CBP_OBJECT_TYPE,CBP_CODE_TYPE_ID,CBP_IMP_TYPE_ID,CBP_CREATED_TIMESTAMP,CBP_UPDATED_TIMESTAMP,CBP_ADD_PARAM_ALLOWED,IS_DEPRECATED,DS_STAGE_TYPE,DS_ORCH_STAGE_IDENTIFIER,IS_DUMMY,IS_LEGACY,CBP_OBJECT_SUB_TYPE,EXCEPTION_COLUMN,ALLOW_EXCEPTIONS) values (21000075,'Data Flow - Lookup Transformations has property Handle Rows With No Matching Entries not set to Redirect Rows To Error Output','Data Flow - Lookup Transformations has property Handle Rows With No Matching Entries not set to Redirect Rows To Error Output','SSIS - Package',8100,15000,sysdate,sysdate,'N','N',null,null,'N','N',null,null,null);
--Instrucation To Code
--Report if not exists errorRowDisposition="RedirectRow" where name="Lookup Match Output" in xml tag output...</output> for a Lookup Transformation
--
Insert into CBP_RULE (CBP_RULE_ID,CBP_RULE_SHORT_DESC,CBP_RULE_NAME,CBP_OBJECT_TYPE,CBP_CODE_TYPE_ID,CBP_IMP_TYPE_ID,CBP_CREATED_TIMESTAMP,CBP_UPDATED_TIMESTAMP,CBP_ADD_PARAM_ALLOWED,IS_DEPRECATED,DS_STAGE_TYPE,DS_ORCH_STAGE_IDENTIFIER,IS_DUMMY,IS_LEGACY,CBP_OBJECT_SUB_TYPE,EXCEPTION_COLUMN,ALLOW_EXCEPTIONS) values (21000076,'Data Flow - Lookup Transformations has property Handle Rows With No Matching Entries not set to Fail Component','Data Flow - Lookup Transformations has property Handle Rows With No Matching Entries not set to Fail Component','SSIS - Package',8100,15000,sysdate,sysdate,'N','N',null,null,'N','N',null,null,null);
--Instrucation To Code
--Report if not exists errorRowDisposition="FailComponent" where name="Lookup Match Output" in xml tag output...</output> for a Lookup Transformation
--
Insert into CBP_RULE (CBP_RULE_ID,CBP_RULE_SHORT_DESC,CBP_RULE_NAME,CBP_OBJECT_TYPE,CBP_CODE_TYPE_ID,CBP_IMP_TYPE_ID,CBP_CREATED_TIMESTAMP,CBP_UPDATED_TIMESTAMP,CBP_ADD_PARAM_ALLOWED,IS_DEPRECATED,DS_STAGE_TYPE,DS_ORCH_STAGE_IDENTIFIER,IS_DUMMY,IS_LEGACY,CBP_OBJECT_SUB_TYPE,EXCEPTION_COLUMN,ALLOW_EXCEPTIONS) values (21000077,'Data Flow - Lookup Transformations has property Handle Rows With No Matching Entries not set to Redirect Rows To No Match Output','Data Flow - Lookup Transformations has property Handle Rows With No Matching Entries not set to Redirect Rows To No Match Output','SSIS - Package',8100,15000,sysdate,sysdate,'N','N',null,null,'N','N',null,null,null);
--
--Instrucation To Code
--Report if label "errorRowDisposition" is found where name="Lookup Match Output" in xml tag output...</output> for a Lookup Transformation
commit;

--Use package Package_12_DevWork_A.dtsx, Package_12_DevWork_B.dtsx and Package_12_DevWork_B.dtsx in \ssisRepoDev\Solution-Dev\Project-01
--
Insert into CBP_RULE (CBP_RULE_ID,CBP_RULE_SHORT_DESC,CBP_RULE_NAME,CBP_OBJECT_TYPE,CBP_CODE_TYPE_ID,CBP_IMP_TYPE_ID,CBP_CREATED_TIMESTAMP,CBP_UPDATED_TIMESTAMP,CBP_ADD_PARAM_ALLOWED,IS_DEPRECATED,DS_STAGE_TYPE,DS_ORCH_STAGE_IDENTIFIER,IS_DUMMY,IS_LEGACY,CBP_OBJECT_SUB_TYPE,EXCEPTION_COLUMN,ALLOW_EXCEPTIONS) values (21000081,'The property AutoAdjustBufferSize not set to True in Dataflow','The property AutoAdjustBufferSize not set to True in Dataflow','SSIS - Package',8100,15000,sysdate,sysdate,'N','N',null,null,'N','N',null,null,null);
--Instrucation To Code
--Report if autoAdjustBufferSize="true" is not found in xml tag <pipeline...</pipeline for a Data Flow in a package
--
Insert into CBP_RULE (CBP_RULE_ID,CBP_RULE_SHORT_DESC,CBP_RULE_NAME,CBP_OBJECT_TYPE,CBP_CODE_TYPE_ID,CBP_IMP_TYPE_ID,CBP_CREATED_TIMESTAMP,CBP_UPDATED_TIMESTAMP,CBP_ADD_PARAM_ALLOWED,IS_DEPRECATED,DS_STAGE_TYPE,DS_ORCH_STAGE_IDENTIFIER,IS_DUMMY,IS_LEGACY,CBP_OBJECT_SUB_TYPE,EXCEPTION_COLUMN,ALLOW_EXCEPTIONS) values (21000082,'The property DefaultBufferMaxRows has been set to Default Value in Dataflow','The property DefaultBufferMaxRows has been set to Default Value in Dataflow','SSIS - Package',8100,15000,sysdate,sysdate,'N','N',null,null,'N','N',null,null,null);
--Instrucation To Code
--Report if defaultBufferMaxRows is not found in xml tag <pipeline...</pipeline for a Data Flow in a package
--
Insert into CBP_RULE (CBP_RULE_ID,CBP_RULE_SHORT_DESC,CBP_RULE_NAME,CBP_OBJECT_TYPE,CBP_CODE_TYPE_ID,CBP_IMP_TYPE_ID,CBP_CREATED_TIMESTAMP,CBP_UPDATED_TIMESTAMP,CBP_ADD_PARAM_ALLOWED,IS_DEPRECATED,DS_STAGE_TYPE,DS_ORCH_STAGE_IDENTIFIER,IS_DUMMY,IS_LEGACY,CBP_OBJECT_SUB_TYPE,EXCEPTION_COLUMN,ALLOW_EXCEPTIONS) values (21000083,'The property DefaultBufferSize has been set to Default Value in Dataflow','The property DefaultBufferSize has been set to Default Value in Dataflow','SSIS - Package',8100,15000,sysdate,sysdate,'N','N',null,null,'N','N',null,null,null);
--Instrucation To Code
--Report if defaultBufferSize is not found in xml tag <pipeline...</pipeline for a Data Flow in a package
--
Insert into CBP_RULE (CBP_RULE_ID,CBP_RULE_SHORT_DESC,CBP_RULE_NAME,CBP_OBJECT_TYPE,CBP_CODE_TYPE_ID,CBP_IMP_TYPE_ID,CBP_CREATED_TIMESTAMP,CBP_UPDATED_TIMESTAMP,CBP_ADD_PARAM_ALLOWED,IS_DEPRECATED,DS_STAGE_TYPE,DS_ORCH_STAGE_IDENTIFIER,IS_DUMMY,IS_LEGACY,CBP_OBJECT_SUB_TYPE,EXCEPTION_COLUMN,ALLOW_EXCEPTIONS) values (21000084,'Data Flow - ADO NET Source is not using SQL Command, instead direct access mode (Table or View) has been used','Data Flow - ADO NET Source is not using SQL Command, instead direct access mode (Table or View) has been used','SSIS - Package',8100,15000,sysdate,sysdate,'N','N',null,null,'N','N',null,null,null);
--Instrucation To Code
--Report if value is equal to 0 in property element typeConverter="Microsoft.SqlServer.Dts.Pipeline.DataReaderSourceAdapter+EnumToStringConverter" for  ADO NET Source(where componentClassID="Microsoft.ManagedComponentHost"  and name="UserComponentTypeName">Microsoft.DataReaderSourceAdapter</property>) in Data Flow 
--
Insert into CBP_RULE (CBP_RULE_ID,CBP_RULE_SHORT_DESC,CBP_RULE_NAME,CBP_OBJECT_TYPE,CBP_CODE_TYPE_ID,CBP_IMP_TYPE_ID,CBP_CREATED_TIMESTAMP,CBP_UPDATED_TIMESTAMP,CBP_ADD_PARAM_ALLOWED,IS_DEPRECATED,DS_STAGE_TYPE,DS_ORCH_STAGE_IDENTIFIER,IS_DUMMY,IS_LEGACY,CBP_OBJECT_SUB_TYPE,EXCEPTION_COLUMN,ALLOW_EXCEPTIONS) values (21000085,'Data Flow - ODBC Source is not using SQL Command, instead direct access mode (Table) has been used','Data Flow - ODBC Source is not using SQL Command, instead direct access mode (Table) has been used','SSIS - Package',8100,15000,sysdate,sysdate,'N','N',null,null,'N','N',null,null,null);
--Instrucation To Code
--Report if value is equal to 0 in property element typeConverter="AccessMode">0</property>" for ODBC Source(where  componentClassID="Microsoft.SSISODBCSrc") in Data Flow 
--
Insert into CBP_RULE (CBP_RULE_ID,CBP_RULE_SHORT_DESC,CBP_RULE_NAME,CBP_OBJECT_TYPE,CBP_CODE_TYPE_ID,CBP_IMP_TYPE_ID,CBP_CREATED_TIMESTAMP,CBP_UPDATED_TIMESTAMP,CBP_ADD_PARAM_ALLOWED,IS_DEPRECATED,DS_STAGE_TYPE,DS_ORCH_STAGE_IDENTIFIER,IS_DUMMY,IS_LEGACY,CBP_OBJECT_SUB_TYPE,EXCEPTION_COLUMN,ALLOW_EXCEPTIONS) values (21000086,'Data Flow - OLE DB Source is not using SQL Command, instead direct access mode (Table or View) has been used','Data Flow - OLE DB Source is not using SQL Command, instead direct access mode (Table or View) has been used','SSIS - Package',8100,15000,sysdate,sysdate,'N','N',null,null,'N','N',null,null,null);
--Instrucation To Code
--Report if value is equal to 0 OR 1 in property element typeConverter="Microsoft.SqlServer.Dts.Pipeline.DataReaderSourceAdapter+EnumToStringConverter" for  OLE DB Source(where componentClassID="Microsoft.OLEDBSource"</property>) in Data Flow 
--
Insert into CBP_RULE (CBP_RULE_ID,CBP_RULE_SHORT_DESC,CBP_RULE_NAME,CBP_OBJECT_TYPE,CBP_CODE_TYPE_ID,CBP_IMP_TYPE_ID,CBP_CREATED_TIMESTAMP,CBP_UPDATED_TIMESTAMP,CBP_ADD_PARAM_ALLOWED,IS_DEPRECATED,DS_STAGE_TYPE,DS_ORCH_STAGE_IDENTIFIER,IS_DUMMY,IS_LEGACY,CBP_OBJECT_SUB_TYPE,EXCEPTION_COLUMN,ALLOW_EXCEPTIONS) values (21000087,'Use of Aggregate Transformation(s) in Dataflow','Use of Aggregate Transformation(s) in Dataflow','SSIS - Package',8100,15000,sysdate,sysdate,'N','N',null,null,'N','N',null,null,null);
--Instrucation To Code
--Report if componentClassID="Microsoft.Aggregate" exists in Data Flow 
--
Insert into CBP_RULE (CBP_RULE_ID,CBP_RULE_SHORT_DESC,CBP_RULE_NAME,CBP_OBJECT_TYPE,CBP_CODE_TYPE_ID,CBP_IMP_TYPE_ID,CBP_CREATED_TIMESTAMP,CBP_UPDATED_TIMESTAMP,CBP_ADD_PARAM_ALLOWED,IS_DEPRECATED,DS_STAGE_TYPE,DS_ORCH_STAGE_IDENTIFIER,IS_DUMMY,IS_LEGACY,CBP_OBJECT_SUB_TYPE,EXCEPTION_COLUMN,ALLOW_EXCEPTIONS) values (21000088,'Use of Sort Transformation(s) in Dataflow','Use of Sort Transformation(s) in Dataflow','SSIS - Package',8100,15000,sysdate,sysdate,'N','N',null,null,'N','N',null,null,null);
--Instrucation To Code
--Report if componentClassID="Microsoft.Sort" exists in Data Flow 
--
Insert into CBP_RULE (CBP_RULE_ID,CBP_RULE_SHORT_DESC,CBP_RULE_NAME,CBP_OBJECT_TYPE,CBP_CODE_TYPE_ID,CBP_IMP_TYPE_ID,CBP_CREATED_TIMESTAMP,CBP_UPDATED_TIMESTAMP,CBP_ADD_PARAM_ALLOWED,IS_DEPRECATED,DS_STAGE_TYPE,DS_ORCH_STAGE_IDENTIFIER,IS_DUMMY,IS_LEGACY,CBP_OBJECT_SUB_TYPE,EXCEPTION_COLUMN,ALLOW_EXCEPTIONS) values (21000089,'Use of Fuzzy Grouping Transformation(s) in Dataflow','Use of Fuzzy Grouping Transformation(s) in Dataflow','SSIS - Package',8100,15000,sysdate,sysdate,'N','N',null,null,'N','N',null,null,null);
--Instrucation To Code
--Report if componentClassID="Microsoft.FuzzyGrouping"
--
Insert into CBP_RULE (CBP_RULE_ID,CBP_RULE_SHORT_DESC,CBP_RULE_NAME,CBP_OBJECT_TYPE,CBP_CODE_TYPE_ID,CBP_IMP_TYPE_ID,CBP_CREATED_TIMESTAMP,CBP_UPDATED_TIMESTAMP,CBP_ADD_PARAM_ALLOWED,IS_DEPRECATED,DS_STAGE_TYPE,DS_ORCH_STAGE_IDENTIFIER,IS_DUMMY,IS_LEGACY,CBP_OBJECT_SUB_TYPE,EXCEPTION_COLUMN,ALLOW_EXCEPTIONS) values (21000090,'Use of Fuzzy Lookup Transformation(s) in Dataflow','Use of Fuzzy Lookup Transformation(s) in Dataflow','SSIS - Package',8100,15000,sysdate,sysdate,'N','N',null,null,'N','N',null,null,null);
--Instrucation To Code
--Report if componentClassID="Microsoft.FuzzyLookup"
--
Insert into CBP_RULE (CBP_RULE_ID,CBP_RULE_SHORT_DESC,CBP_RULE_NAME,CBP_OBJECT_TYPE,CBP_CODE_TYPE_ID,CBP_IMP_TYPE_ID,CBP_CREATED_TIMESTAMP,CBP_UPDATED_TIMESTAMP,CBP_ADD_PARAM_ALLOWED,IS_DEPRECATED,DS_STAGE_TYPE,DS_ORCH_STAGE_IDENTIFIER,IS_DUMMY,IS_LEGACY,CBP_OBJECT_SUB_TYPE,EXCEPTION_COLUMN,ALLOW_EXCEPTIONS) values (21000091,'Use of Row Sampling Transformation(s) in Dataflow','Use of Row Sampling Transformation(s) in Dataflow','SSIS - Package',8100,15000,sysdate,sysdate,'N','N',null,null,'N','N',null,null,null);
--Instrucation To Code
--Report if componentClassID="Microsoft.RowSampling"
--
Insert into CBP_RULE (CBP_RULE_ID,CBP_RULE_SHORT_DESC,CBP_RULE_NAME,CBP_OBJECT_TYPE,CBP_CODE_TYPE_ID,CBP_IMP_TYPE_ID,CBP_CREATED_TIMESTAMP,CBP_UPDATED_TIMESTAMP,CBP_ADD_PARAM_ALLOWED,IS_DEPRECATED,DS_STAGE_TYPE,DS_ORCH_STAGE_IDENTIFIER,IS_DUMMY,IS_LEGACY,CBP_OBJECT_SUB_TYPE,EXCEPTION_COLUMN,ALLOW_EXCEPTIONS) values (21000092,'Use of Term Extraction Transformation(s) in Dataflow','Use of Term Extraction Transformation(s) in Dataflow','SSIS - Package',8100,15000,sysdate,sysdate,'N','N',null,null,'N','N',null,null,null);
--Instrucation To Code
--Report if componentClassID="Microsoft.TermExtraction"
--
Insert into CBP_RULE (CBP_RULE_ID,CBP_RULE_SHORT_DESC,CBP_RULE_NAME,CBP_OBJECT_TYPE,CBP_CODE_TYPE_ID,CBP_IMP_TYPE_ID,CBP_CREATED_TIMESTAMP,CBP_UPDATED_TIMESTAMP,CBP_ADD_PARAM_ALLOWED,IS_DEPRECATED,DS_STAGE_TYPE,DS_ORCH_STAGE_IDENTIFIER,IS_DUMMY,IS_LEGACY,CBP_OBJECT_SUB_TYPE,EXCEPTION_COLUMN,ALLOW_EXCEPTIONS) values (21000093,'Use of Data Mining Query Transformation(s) in Dataflow','Use of Data Mining Query Transformation(s) in Dataflow','SSIS - Package',8100,15000,sysdate,sysdate,'N','N',null,null,'N','N',null,null,null);
--Instrucation To Code
--Report if componentClassID="Microsoft.PXPipelineDMQuery"
--
Insert into CBP_RULE (CBP_RULE_ID,CBP_RULE_SHORT_DESC,CBP_RULE_NAME,CBP_OBJECT_TYPE,CBP_CODE_TYPE_ID,CBP_IMP_TYPE_ID,CBP_CREATED_TIMESTAMP,CBP_UPDATED_TIMESTAMP,CBP_ADD_PARAM_ALLOWED,IS_DEPRECATED,DS_STAGE_TYPE,DS_ORCH_STAGE_IDENTIFIER,IS_DUMMY,IS_LEGACY,CBP_OBJECT_SUB_TYPE,EXCEPTION_COLUMN,ALLOW_EXCEPTIONS) values (21000094,'Use of Merge Transformation(s) in Dataflow','Use of Merge Transformation(s) in Dataflow','SSIS - Package',8100,15000,sysdate,sysdate,'N','N',null,null,'N','N',null,null,null);
--Instrucation To Code
--Report if componentClassID="Microsoft.Merge"
--
Insert into CBP_RULE (CBP_RULE_ID,CBP_RULE_SHORT_DESC,CBP_RULE_NAME,CBP_OBJECT_TYPE,CBP_CODE_TYPE_ID,CBP_IMP_TYPE_ID,CBP_CREATED_TIMESTAMP,CBP_UPDATED_TIMESTAMP,CBP_ADD_PARAM_ALLOWED,IS_DEPRECATED,DS_STAGE_TYPE,DS_ORCH_STAGE_IDENTIFIER,IS_DUMMY,IS_LEGACY,CBP_OBJECT_SUB_TYPE,EXCEPTION_COLUMN,ALLOW_EXCEPTIONS) values (21000095,'Use of Data Merge Join Transformation(s) in Dataflow','Use of Data Merge Join Transformation(s) in Dataflow','SSIS - Package',8100,15000,sysdate,sysdate,'N','N',null,null,'N','N',null,null,null);
--Instrucation To Code
--Report if ccomponentClassID="Microsoft.MergeJoin"
--
Insert into CBP_RULE (CBP_RULE_ID,CBP_RULE_SHORT_DESC,CBP_RULE_NAME,CBP_OBJECT_TYPE,CBP_CODE_TYPE_ID,CBP_IMP_TYPE_ID,CBP_CREATED_TIMESTAMP,CBP_UPDATED_TIMESTAMP,CBP_ADD_PARAM_ALLOWED,IS_DEPRECATED,DS_STAGE_TYPE,DS_ORCH_STAGE_IDENTIFIER,IS_DUMMY,IS_LEGACY,CBP_OBJECT_SUB_TYPE,EXCEPTION_COLUMN,ALLOW_EXCEPTIONS) values (21000096,'Use of Pivot Transformation(s) in Dataflow','Use of Pivot Transformation(s) in Dataflow','SSIS - Package',8100,15000,sysdate,sysdate,'N','N',null,null,'N','N',null,null,null);
--Instrucation To Code
--Report if componentClassID="Microsoft.Pivot"
--
Insert into CBP_RULE (CBP_RULE_ID,CBP_RULE_SHORT_DESC,CBP_RULE_NAME,CBP_OBJECT_TYPE,CBP_CODE_TYPE_ID,CBP_IMP_TYPE_ID,CBP_CREATED_TIMESTAMP,CBP_UPDATED_TIMESTAMP,CBP_ADD_PARAM_ALLOWED,IS_DEPRECATED,DS_STAGE_TYPE,DS_ORCH_STAGE_IDENTIFIER,IS_DUMMY,IS_LEGACY,CBP_OBJECT_SUB_TYPE,EXCEPTION_COLUMN,ALLOW_EXCEPTIONS) values (21000097,'Use of UnPivot Transformation(s) in Dataflow','Use of UnPivot Transformation(s) in Dataflow','SSIS - Package',8100,15000,sysdate,sysdate,'N','N',null,null,'N','N',null,null,null);
--Instrucation To Code
--Report if componentClassID="Microsoft.UnPivot"
--
Insert into CBP_RULE (CBP_RULE_ID,CBP_RULE_SHORT_DESC,CBP_RULE_NAME,CBP_OBJECT_TYPE,CBP_CODE_TYPE_ID,CBP_IMP_TYPE_ID,CBP_CREATED_TIMESTAMP,CBP_UPDATED_TIMESTAMP,CBP_ADD_PARAM_ALLOWED,IS_DEPRECATED,DS_STAGE_TYPE,DS_ORCH_STAGE_IDENTIFIER,IS_DUMMY,IS_LEGACY,CBP_OBJECT_SUB_TYPE,EXCEPTION_COLUMN,ALLOW_EXCEPTIONS) values (21000098,'Use of Term Lookup Transformation(s) in Dataflow','Use of Term Lookup Transformation(s) in Dataflow','SSIS - Package',8100,15000,sysdate,sysdate,'N','N',null,null,'N','N',null,null,null);
--Instrucation To Code
--Report if componentClassID="Microsoft.TermLookup"
--
Insert into CBP_RULE (CBP_RULE_ID,CBP_RULE_SHORT_DESC,CBP_RULE_NAME,CBP_OBJECT_TYPE,CBP_CODE_TYPE_ID,CBP_IMP_TYPE_ID,CBP_CREATED_TIMESTAMP,CBP_UPDATED_TIMESTAMP,CBP_ADD_PARAM_ALLOWED,IS_DEPRECATED,DS_STAGE_TYPE,DS_ORCH_STAGE_IDENTIFIER,IS_DUMMY,IS_LEGACY,CBP_OBJECT_SUB_TYPE,EXCEPTION_COLUMN,ALLOW_EXCEPTIONS) values (21000099,'Use of Union All Transformation(s) in Dataflow','Use of Union All Transformation(s) in Dataflow','SSIS - Package',8100,15000,sysdate,sysdate,'N','N',null,null,'N','N',null,null,null);
--Instrucation To Code
--Report if componentClassID="Microsoft.UnionAll"
--
Insert into CBP_RULE (CBP_RULE_ID,CBP_RULE_SHORT_DESC,CBP_RULE_NAME,CBP_OBJECT_TYPE,CBP_CODE_TYPE_ID,CBP_IMP_TYPE_ID,CBP_CREATED_TIMESTAMP,CBP_UPDATED_TIMESTAMP,CBP_ADD_PARAM_ALLOWED,IS_DEPRECATED,DS_STAGE_TYPE,DS_ORCH_STAGE_IDENTIFIER,IS_DUMMY,IS_LEGACY,CBP_OBJECT_SUB_TYPE,EXCEPTION_COLUMN,ALLOW_EXCEPTIONS) values (21000100,'Use of Slowly Changing Dimension Transformation(s) in Dataflow','Use of Slowly Changing Dimension Transformation(s) in Dataflow','SSIS - Package',8100,15000,sysdate,sysdate,'N','N',null,null,'N','N',null,null,null);
--Instrucation To Code
--Report if componentClassID="Microsoft.SCD"
--
Insert into CBP_RULE (CBP_RULE_ID,CBP_RULE_SHORT_DESC,CBP_RULE_NAME,CBP_OBJECT_TYPE,CBP_CODE_TYPE_ID,CBP_IMP_TYPE_ID,CBP_CREATED_TIMESTAMP,CBP_UPDATED_TIMESTAMP,CBP_ADD_PARAM_ALLOWED,IS_DEPRECATED,DS_STAGE_TYPE,DS_ORCH_STAGE_IDENTIFIER,IS_DUMMY,IS_LEGACY,CBP_OBJECT_SUB_TYPE,EXCEPTION_COLUMN,ALLOW_EXCEPTIONS) values (21000101,'Use of OLE DB Command Transformation(s) in Dataflow','Use of OLE DB Command Transformation(s) in Dataflow','SSIS - Package',8100,15000,sysdate,sysdate,'N','N',null,null,'N','N',null,null,null);
--Instrucation To Code
--Report if componentClassID="Microsoft.OLEDBCommand"
--

commit;

--Use package Package13_DevWork_A.dtsx, Package13_DevWork_B.dtsx and Package13_DevWork_C.dtsx in \ssisRepoDev\Solution-Dev\Project-01
--
Insert into CBP_RULE (CBP_RULE_ID,CBP_RULE_SHORT_DESC,CBP_RULE_NAME,CBP_OBJECT_TYPE,CBP_CODE_TYPE_ID,CBP_IMP_TYPE_ID,CBP_CREATED_TIMESTAMP,CBP_UPDATED_TIMESTAMP,CBP_ADD_PARAM_ALLOWED,IS_DEPRECATED,DS_STAGE_TYPE,DS_ORCH_STAGE_IDENTIFIER,IS_DUMMY,IS_LEGACY,CBP_OBJECT_SUB_TYPE,EXCEPTION_COLUMN,ALLOW_EXCEPTIONS) values (21000102,'Data Flow - OLE DB Destination not using Fast Load','Data Flow - OLE DB Destination not using Fast Load','SSIS - Package',8100,15000,sysdate,sysdate,'N','N',null,null,'N','N',null,null,null);
--Instrucation To Code
--Report if value is NOT equal to 3 OR 4 in property element typeConverter="AccessMode" for  OLE DB Source(where componentClassID="Microsoft.OLEDBSource"</property>) in Data Flow 
--
Insert into CBP_RULE (CBP_RULE_ID,CBP_RULE_SHORT_DESC,CBP_RULE_NAME,CBP_OBJECT_TYPE,CBP_CODE_TYPE_ID,CBP_IMP_TYPE_ID,CBP_CREATED_TIMESTAMP,CBP_UPDATED_TIMESTAMP,CBP_ADD_PARAM_ALLOWED,IS_DEPRECATED,DS_STAGE_TYPE,DS_ORCH_STAGE_IDENTIFIER,IS_DUMMY,IS_LEGACY,CBP_OBJECT_SUB_TYPE,EXCEPTION_COLUMN,ALLOW_EXCEPTIONS) values (21000103,'Data Flow - OLE DB Destination using Fast Load but Fast Load Option not set to TABLOCK','Data Flow - OLE DB Destination using Fast Load but Fast Load Option not set to TABLOCK','SSIS - Package',8100,15000,sysdate,sysdate,'N','N',null,null,'N','N',null,null,null);
--Instrucation To Code
--Report if value is equal to 3 OR 4 in property element typeConverter="AccessMode" for  OLE DB Source(where --componentClassID="Microsoft.OLEDBSource"</property>) in Data Flow 
--AND property value for element FastLoadOptions not contains  TABLOCK
--
INSERT INTO cbp_rule (cbp_rule_id,cbp_rule_short_desc,cbp_rule_name,cbp_object_type,cbp_code_type_id,cbp_imp_type_id,cbp_created_timestamp,cbp_updated_timestamp,cbp_add_param_allowed) VALUES (21000104,'Missing Mandatory Annotation Tag in Package','Missing Mandatory Annotation Tag in Package','SSIS - Package',8100,15000,sysdate,sysdate,'N');
INSERT INTO cbp_parameter (cbp_parameter_id,cbp_parameter_name,cbp_parameter_default_value,cbp_parameter_site_value,cbp_parameter_description,cbp_parameter_keyword,cbp_parameter_place_holder,cbp_parameter_data_type,cbp_pattern_id,cbp_created_timestamp,cbp_updated_timestamp,cbp_configurable,cbp_is_project_specific) VALUES (21000104,'Mandatory Annotation Tag in Package','VALUE_NOT_SET',null,'Mandatory Annotation Tag in Package',null,null,'STRING',2000,sysdate,sysdate,'Y','N');
INSERT INTO cbp_rule_parameter (cbp_rule_id,cbp_parameter_id,cbp_created_timestamp,cbp_updated_timestamp) VALUES (21000104,21000104,sysdate,sysdate);
--Instrucation To Code
--For Java Coding follow IICS Rule 340002
--Pass Text value to pattern from <AnnotationLayout tag for a given Package. 
--Merge Text value if mutiple <AnnotationLayout tags exists
--
INSERT INTO cbp_rule (cbp_rule_id,cbp_rule_short_desc,cbp_rule_name,cbp_object_type,cbp_code_type_id,cbp_imp_type_id,cbp_created_timestamp,cbp_updated_timestamp,cbp_add_param_allowed) VALUES (21000105,'Missing Mandatory Annotation Tag in Dataflow','Missing Mandatory Annotation Tag in Dataflow','SSIS - Package',8100,15000,sysdate,sysdate,'N');
INSERT INTO cbp_parameter (cbp_parameter_id,cbp_parameter_name,cbp_parameter_default_value,cbp_parameter_site_value,cbp_parameter_description,cbp_parameter_keyword,cbp_parameter_place_holder,cbp_parameter_data_type,cbp_pattern_id,cbp_created_timestamp,cbp_updated_timestamp,cbp_configurable,cbp_is_project_specific) VALUES (21000105,'Mandatory Annotation Tag in Dataflow','VALUE_NOT_SET',null,'Mandatory Annotation Tag in Dataflow',null,null,'STRING',2000,sysdate,sysdate,'Y','N');
INSERT INTO cbp_rule_parameter (cbp_rule_id,cbp_parameter_id,cbp_created_timestamp,cbp_updated_timestamp) VALUES (21000105,21000105,sysdate,sysdate);
--Instrucation To Code
--For Java Coding follow IICS Rule 340002
--Pass Text value to pattern from <AnnotationLayout tag for a given Dataflow(s) in the Package. 
--Merge Text value if mutiple <AnnotationLayout tags exists
--
Insert into CBP_RULE (CBP_RULE_ID,CBP_RULE_SHORT_DESC,CBP_RULE_NAME,CBP_OBJECT_TYPE,CBP_CODE_TYPE_ID,CBP_IMP_TYPE_ID,CBP_CREATED_TIMESTAMP,CBP_UPDATED_TIMESTAMP,CBP_ADD_PARAM_ALLOWED,IS_DEPRECATED,DS_STAGE_TYPE,DS_ORCH_STAGE_IDENTIFIER,IS_DUMMY,IS_LEGACY,CBP_OBJECT_SUB_TYPE,EXCEPTION_COLUMN,ALLOW_EXCEPTIONS) values (21000106,'Data Flow Task in Control Flow has Logging Enabled','Data Flow Task in Control Flow has Logging Enabled','SSIS - Package',8100,15000,sysdate,sysdate,'N','N',null,null,'N','N',null,null,null);
--Instrucation To Code
--Report if property DTS:LoggingMode="1" exists for a Data Flow Task (where DTS:ExecutableType="Microsoft.Pipeline")
--
Insert into CBP_RULE (CBP_RULE_ID,CBP_RULE_SHORT_DESC,CBP_RULE_NAME,CBP_OBJECT_TYPE,CBP_CODE_TYPE_ID,CBP_IMP_TYPE_ID,CBP_CREATED_TIMESTAMP,CBP_UPDATED_TIMESTAMP,CBP_ADD_PARAM_ALLOWED,IS_DEPRECATED,DS_STAGE_TYPE,DS_ORCH_STAGE_IDENTIFIER,IS_DUMMY,IS_LEGACY,CBP_OBJECT_SUB_TYPE,EXCEPTION_COLUMN,ALLOW_EXCEPTIONS) values (21000107,'Execute SQL Task in Control Flow has Logging Enabled','Execute SQL Task in Control Flow has Logging Enabled','SSIS - Package',8100,15000,sysdate,sysdate,'N','N',null,null,'N','N',null,null,null);
--Instrucation To Code
--Report if property DTS:LoggingMode="1" exists for a Execute execute SQL Task (where DTS:ExecutableType="Microsoft.ExecuteSQLTask")

commit;

-- Use package Package_14_DevWork_A,Package_14_DevWork_B,Package_14_DevWork_C of Project-01 
--Instrucation To Code
--(
--Get source type ADO NET Source/OLE DB Source/ODBC Source as:
--IF value is equal to 2 in property element name="AccessMode" AND typeConverter="Microsoft.SqlServer.Dts.Pipeline.DataReaderSourceAdapter+EnumToStringConverter" for  ADO NET Source(where componentClassID="Microsoft.ManagedComponentHost" and name="UserComponentTypeName">Microsoft.DataReaderSourceAdapter</property>) in Data Flow 
--AND property tag name="SqlCommand"
--THEN get sql from UITypeEditor="Microsoft.DataTransformationServices.Controls.ModalMultilineStringEditor
--)
--OR
--(
--IF value is equal to 2 in property element name="AccessMode" AND typeConverter="AccessMode" for OLE DB Source(where componentClassID="Microsoft.OLEDBSource in Data Flow 
--AND property tag name="SqlCommand"
--THEN get sql from UITypeEditor="Microsoft.DataTransformationServices.Controls.ModalMultilineStringEditor
--)
--OR
--IF value is equal to 1 in property element name="AccessMode" and typeConverter="AccessMode" for ODBC Source(where componentClassID="Microsoft.SSISODBCSrc" in Data Flow 
--AND property tag name="SqlCommand"
--THEN get sql from UITypeEditor="Microsoft.DataTransformationServices.Controls.ModalMultilineStringEditor
--)
--
--
Insert into CBP_RULE (CBP_RULE_ID,CBP_RULE_SHORT_DESC,CBP_RULE_NAME,CBP_OBJECT_TYPE,CBP_CODE_TYPE_ID,CBP_IMP_TYPE_ID,CBP_CREATED_TIMESTAMP,CBP_UPDATED_TIMESTAMP,CBP_ADD_PARAM_ALLOWED,IS_DEPRECATED,DS_STAGE_TYPE,DS_ORCH_STAGE_IDENTIFIER,IS_DUMMY,IS_LEGACY) values (21000111,'Data Source SQL Command (ADO NET/OLE DB/ODBC) in Dataflow - has Hard-coded Schema','Data Source SQL Command (ADO NET/OLE DB/ODBC) in Dataflow - has Hard-coded Schema','SSIS - Package',8100,1200,sysdate,sysdate,'N','N',null,null,'N','N');
--Based on following SSIS Rule
--21000051

Insert into CBP_RULE (CBP_RULE_ID,CBP_RULE_SHORT_DESC,CBP_RULE_NAME,CBP_OBJECT_TYPE,CBP_CODE_TYPE_ID,CBP_IMP_TYPE_ID,CBP_CREATED_TIMESTAMP,CBP_UPDATED_TIMESTAMP,CBP_ADD_PARAM_ALLOWED,IS_DEPRECATED,DS_STAGE_TYPE,DS_ORCH_STAGE_IDENTIFIER,IS_DUMMY,IS_LEGACY) values (21000112,'Data Source SQL Command (ADO NET/OLE DB/ODBC) in Dataflow - has Too Many Joins','Data Source SQL Command (ADO NET/OLE DB/ODBC) in Dataflow - has Too Many Joins','SSIS - Package',8100,1200,sysdate,sysdate,'N','N',null,null,'N','N');
--Based on following SSIS Rule
--21000052

Insert into CBP_RULE (CBP_RULE_ID,CBP_RULE_SHORT_DESC,CBP_RULE_NAME,CBP_OBJECT_TYPE,CBP_CODE_TYPE_ID,CBP_IMP_TYPE_ID,CBP_CREATED_TIMESTAMP,CBP_UPDATED_TIMESTAMP,CBP_ADD_PARAM_ALLOWED,IS_DEPRECATED,DS_STAGE_TYPE,DS_ORCH_STAGE_IDENTIFIER,IS_DUMMY,IS_LEGACY) values (21000113,'Data Source SQL Command (ADO NET/OLE DB/ODBC) in Dataflow - has Too Many Tables Used in the SQL','Data Source SQL Command (ADO NET/OLE DB/ODBC) in Dataflow - has Too Many Tables Used in the SQL','SSIS - Package',8100,1200,sysdate,sysdate,'N','N',null,null,'N','N');
--Based on following SSIS Rule
--21000053

Insert into CBP_RULE (CBP_RULE_ID,CBP_RULE_SHORT_DESC,CBP_RULE_NAME,CBP_OBJECT_TYPE,CBP_CODE_TYPE_ID,CBP_IMP_TYPE_ID,CBP_CREATED_TIMESTAMP,CBP_UPDATED_TIMESTAMP,CBP_ADD_PARAM_ALLOWED,IS_DEPRECATED,DS_STAGE_TYPE,DS_ORCH_STAGE_IDENTIFIER,IS_DUMMY,IS_LEGACY) values (21000114,'Data Source SQL Command (ADO NET/OLE DB/ODBC) in Dataflow - has Too Many In-Line Views Used in the SQL','Data Source SQL Command (ADO NET/OLE DB/ODBC) in Dataflow - has Too Many In-Line Views Used in the SQL','SSIS - Package',8100,1200,sysdate,sysdate,'N','N',null,null,'N','N');
--Based on following SSIS Rule
--21000054

Insert into CBP_RULE (CBP_RULE_ID,CBP_RULE_SHORT_DESC,CBP_RULE_NAME,CBP_OBJECT_TYPE,CBP_CODE_TYPE_ID,CBP_IMP_TYPE_ID,CBP_CREATED_TIMESTAMP,CBP_UPDATED_TIMESTAMP,CBP_ADD_PARAM_ALLOWED,IS_DEPRECATED,DS_STAGE_TYPE,DS_ORCH_STAGE_IDENTIFIER,IS_DUMMY,IS_LEGACY) values (21000115,'Data Source SQL Command (ADO NET/OLE DB/ODBC) in Dataflow - has Too Many Order By Clauses in the SQL','Data Source SQL Command (ADO NET/OLE DB/ODBC) in Dataflow - has Too Many Order By Clauses in the SQL','SSIS - Package',8100,1200,sysdate,sysdate,'N','N',null,null,'N','N');
--Based on following SSIS Rule
--21000055

Insert into CBP_RULE (CBP_RULE_ID,CBP_RULE_SHORT_DESC,CBP_RULE_NAME,CBP_OBJECT_TYPE,CBP_CODE_TYPE_ID,CBP_IMP_TYPE_ID,CBP_CREATED_TIMESTAMP,CBP_UPDATED_TIMESTAMP,CBP_ADD_PARAM_ALLOWED,IS_DEPRECATED,DS_STAGE_TYPE,DS_ORCH_STAGE_IDENTIFIER,IS_DUMMY,IS_LEGACY) values (21000116,'Data Source SQL Command (ADO NET/OLE DB/ODBC) in Dataflow - has Too Many Columns in the Order By Clause in the SQL','Data Source SQL Command (ADO NET/OLE DB/ODBC) in Dataflow - has Too Many Columns in the Order By Clause in the SQL','SSIS - Package',8100,1200,sysdate,sysdate,'N','N',null,null,'N','N');
--to code based on following SSIS Rule
--21000056


Insert into CBP_RULE (CBP_RULE_ID,CBP_RULE_SHORT_DESC,CBP_RULE_NAME,CBP_OBJECT_TYPE,CBP_CODE_TYPE_ID,CBP_IMP_TYPE_ID,CBP_CREATED_TIMESTAMP,CBP_UPDATED_TIMESTAMP,CBP_ADD_PARAM_ALLOWED,IS_DEPRECATED,DS_STAGE_TYPE,DS_ORCH_STAGE_IDENTIFIER,IS_DUMMY,IS_LEGACY) values (21000117,'Data Source SQL Command (ADO NET/OLE DB/ODBC) in Dataflow - Use of Black Listed Table in the SQL','Data Source SQL Command (ADO NET/OLE DB/ODBC) in Dataflow - Use of Black Listed Table in the SQL','SSIS - Package',8100,1200,sysdate,sysdate,'N','N',null,null,'N','N');
--to code based on following SSIS Rule
--21000057

Insert into CBP_RULE (CBP_RULE_ID,CBP_RULE_SHORT_DESC,CBP_RULE_NAME,CBP_OBJECT_TYPE,CBP_CODE_TYPE_ID,CBP_IMP_TYPE_ID,CBP_CREATED_TIMESTAMP,CBP_UPDATED_TIMESTAMP,CBP_ADD_PARAM_ALLOWED,IS_DEPRECATED,DS_STAGE_TYPE,DS_ORCH_STAGE_IDENTIFIER,IS_DUMMY,IS_LEGACY) values (21000118,'Data Source SQL Command (ADO NET/OLE DB/ODBC) in Dataflow - Use of Large Table in the SQL','Data Source SQL Command (ADO NET/OLE DB/ODBC) in Dataflow - Use of Large Table in the SQL','SSIS - Package',8100,1200,sysdate,sysdate,'N','N',null,null,'N','N');
--to code based on following SSIS Rule
--21000058


--CBP_PARAMETER
Insert into CBP_PARAMETER (CBP_PARAMETER_ID,CBP_PARAMETER_NAME,CBP_PARAMETER_DEFAULT_VALUE,CBP_PARAMETER_SITE_VALUE,CBP_PARAMETER_DESCRIPTION,CBP_PARAMETER_KEYWORD,CBP_PARAMETER_PLACE_HOLDER,CBP_PARAMETER_DATA_TYPE,CBP_PATTERN_ID,CBP_CREATED_TIMESTAMP,CBP_UPDATED_TIMESTAMP,CBP_CONFIGURABLE,CBP_IS_PROJECT_SPECIFIC) values (21000112,'Data Source SQL Command (ADO NET/OLE DB/ODBC) in Dataflow - Number of Joins Used in a Query','1',null,'Data Source SQL Command (ADO NET/OLE DB/ODBC) in Dataflow - Number of Joins Used in a Query',null,'COEURDATA_21000112','NUMBER',null,sysdate,sysdate,'Y','N');
Insert into CBP_PARAMETER (CBP_PARAMETER_ID,CBP_PARAMETER_NAME,CBP_PARAMETER_DEFAULT_VALUE,CBP_PARAMETER_SITE_VALUE,CBP_PARAMETER_DESCRIPTION,CBP_PARAMETER_KEYWORD,CBP_PARAMETER_PLACE_HOLDER,CBP_PARAMETER_DATA_TYPE,CBP_PATTERN_ID,CBP_CREATED_TIMESTAMP,CBP_UPDATED_TIMESTAMP,CBP_CONFIGURABLE,CBP_IS_PROJECT_SPECIFIC) values (21000113,'Data Source SQL Command (ADO NET/OLE DB/ODBC) in Dataflow - Maximum Number of Tables Used in the SQL','1',null,'Data Source SQL Command (ADO NET/OLE DB/ODBC) in Dataflow - Maximum Number of Tables Used in the SQL',null,'COEURDATA_21000113','NUMBER',null,sysdate,sysdate,'Y','N');
Insert into CBP_PARAMETER (CBP_PARAMETER_ID,CBP_PARAMETER_NAME,CBP_PARAMETER_DEFAULT_VALUE,CBP_PARAMETER_SITE_VALUE,CBP_PARAMETER_DESCRIPTION,CBP_PARAMETER_KEYWORD,CBP_PARAMETER_PLACE_HOLDER,CBP_PARAMETER_DATA_TYPE,CBP_PATTERN_ID,CBP_CREATED_TIMESTAMP,CBP_UPDATED_TIMESTAMP,CBP_CONFIGURABLE,CBP_IS_PROJECT_SPECIFIC) values (21000114,'Data Source SQL Command (ADO NET/OLE DB/ODBC) in Dataflow - Maximum Number of In-line Views Used in a Query','1',null,'Data Source SQL Command (ADO NET/OLE DB/ODBC) in Dataflow - Maximum Number of In-line Views Used in a Query',null,'COEURDATA_21000114','NUMBER',null,sysdate,sysdate,'Y','N');
Insert into CBP_PARAMETER (CBP_PARAMETER_ID,CBP_PARAMETER_NAME,CBP_PARAMETER_DEFAULT_VALUE,CBP_PARAMETER_SITE_VALUE,CBP_PARAMETER_DESCRIPTION,CBP_PARAMETER_KEYWORD,CBP_PARAMETER_PLACE_HOLDER,CBP_PARAMETER_DATA_TYPE,CBP_PATTERN_ID,CBP_CREATED_TIMESTAMP,CBP_UPDATED_TIMESTAMP,CBP_CONFIGURABLE,CBP_IS_PROJECT_SPECIFIC) values (21000115,'Data Source SQL Command (ADO NET/OLE DB/ODBC) in Dataflow - Number of Order By Clauses Used in a Query','1',null,'Data Source SQL Command (ADO NET/OLE DB/ODBC) in Dataflow - Number of Order By Clauses Used in a Query',null,'COEURDATA_21000115','NUMBER',null,sysdate,sysdate,'Y','N');
Insert into CBP_PARAMETER (CBP_PARAMETER_ID,CBP_PARAMETER_NAME,CBP_PARAMETER_DEFAULT_VALUE,CBP_PARAMETER_SITE_VALUE,CBP_PARAMETER_DESCRIPTION,CBP_PARAMETER_KEYWORD,CBP_PARAMETER_PLACE_HOLDER,CBP_PARAMETER_DATA_TYPE,CBP_PATTERN_ID,CBP_CREATED_TIMESTAMP,CBP_UPDATED_TIMESTAMP,CBP_CONFIGURABLE,CBP_IS_PROJECT_SPECIFIC) values (21000116,'Data Source SQL Command (ADO NET/OLE DB/ODBC) in Dataflow - Maximum Number of Columns in the Order By Clause in the SQL','1',null,'Data Source SQL Command (ADO NET/OLE DB/ODBC) in Dataflow - Maximum Number of Columns in the Order By Clause in the SQL',null,'COEURDATA_21000116','NUMBER',null,sysdate,sysdate,'Y','N');

--CBP_RULE_PARAMETER
Insert into CBP_RULE_PARAMETER (CBP_RULE_ID,CBP_PARAMETER_ID,CBP_CREATED_TIMESTAMP,CBP_UPDATED_TIMESTAMP) values (21000112,21000112,sysdate,sysdate);
Insert into CBP_RULE_PARAMETER (CBP_RULE_ID,CBP_PARAMETER_ID,CBP_CREATED_TIMESTAMP,CBP_UPDATED_TIMESTAMP) values (21000113,21000113,sysdate,sysdate);
Insert into CBP_RULE_PARAMETER (CBP_RULE_ID,CBP_PARAMETER_ID,CBP_CREATED_TIMESTAMP,CBP_UPDATED_TIMESTAMP) values (21000114,21000114,sysdate,sysdate);
Insert into CBP_RULE_PARAMETER (CBP_RULE_ID,CBP_PARAMETER_ID,CBP_CREATED_TIMESTAMP,CBP_UPDATED_TIMESTAMP) values (21000115,21000115,sysdate,sysdate);
Insert into CBP_RULE_PARAMETER (CBP_RULE_ID,CBP_PARAMETER_ID,CBP_CREATED_TIMESTAMP,CBP_UPDATED_TIMESTAMP) values (21000116,21000116,sysdate,sysdate);

Commit;